order_id,customer_id,category,order_amount,delivery_delay_days,is_cod,customer_past_return_rate,product_weight_g,installments,is_returned
ORD_104635,CUST_1374,Apparel,471.97,2,1,0.1271,1222.1,1,0
ORD_100729,CUST_4017,Apparel,2214.32,1,1,0.172,1671.2,1,0
ORD_114064,CUST_4890,Footwear,338.96,2,0,0.2456,646.0,1,0
ORD_112488,CUST_4057,Footwear,616.26,1,1,0.143,1335.7,1,1
ORD_108969,CUST_4778,Footwear,1746.66,0,1,0.0978,2993.2,1,0
ORD_106767,CUST_3886,Footwear,778.1,0,1,0.2115,3371.2,1,0
ORD_109349,CUST_4605,Home & Kitchen,648.59,2,0,0.4611,1093.3,1,0
ORD_104266,CUST_4373,Beauty,610.57,0,0,0.182,672.3,6,0
ORD_103915,CUST_4253,Apparel,1865.1,2,0,0.0784,2388.3,1,0
ORD_113575,CUST_1762,Footwear,3218.83,0,0,0.1229,460.9,1,0
ORD_103364,CUST_1399,Beauty,645.56,3,1,0.2599,2160.8,1,1
ORD_100776,CUST_2296,Beauty,1865.11,2,0,0.2945,748.7,1,1
ORD_111910,CUST_3990,Electronics,564.25,0,1,0.1314,3118.7,1,0
ORD_103758,CUST_3320,Footwear,2324.0,0,1,0.3474,3000.2,12,0
ORD_100064,CUST_3214,Electronics,1608.03,0,1,0.19,3170.9,1,0
ORD_106821,CUST_1639,Footwear,521.29,0,1,0.3081,225.3,1,0
ORD_114164,CUST_4353,Footwear,2327.55,2,1,0.2406,1682.9,1,1
ORD_104543,CUST_1519,Apparel,1129.66,0,0,0.5251,2517.7,2,0
ORD_110222,CUST_4161,Apparel,819.85,3,0,0.2766,2380.4,1,0
ORD_103296,CUST_4507,Electronics,1385.18,4,1,0.2019,1836.1,1,0
ORD_101030,CUST_1475,Apparel,406.55,4,0,0.0824,785.8,1,1
ORD_107067,CUST_2791,Footwear,3069.19,1,1,0.1738,725.5,6,0
ORD_113641,CUST_2816,Apparel,1099.28,0,0,0.0203,2793.4,1,0
ORD_105100,CUST_3987,Home & Kitchen,1329.33,1,1,0.0386,842.3,1,0
ORD_107400,CUST_4308,Apparel,914.31,0,0,0.1652,3158.6,2,0
ORD_102058,CUST_4110,Electronics,1163.1,0,0,0.2499,2758.7,1,0
ORD_102742,CUST_3352,Apparel,3086.58,2,1,0.1902,1494.3,1,0
ORD_113294,CUST_2833,Apparel,846.52,3,1,0.1916,807.0,1,0
ORD_112878,CUST_4906,Footwear,1122.47,2,1,0.1845,1697.4,1,0
ORD_109912,CUST_2074,Apparel,1138.38,4,1,0.2803,415.3,6,1
ORD_102920,CUST_2026,Apparel,692.6,0,0,0.163,2116.0,1,1
ORD_111167,CUST_2823,Home & Kitchen,883.82,0,1,0.3425,2252.4,1,0
ORD_114545,CUST_2754,Electronics,2814.41,1,0,0.6506,1408.8,6,1
ORD_104687,CUST_3442,Apparel,1859.43,0,1,0.2547,2101.6,1,1
ORD_103219,CUST_1480,Apparel,2739.13,5,1,0.424,2207.4,1,1
ORD_101417,CUST_1872,Home & Kitchen,2021.63,1,1,0.0831,223.0,2,0
ORD_103883,CUST_4384,Apparel,958.03,3,0,0.1638,2671.0,2,0
ORD_107393,CUST_4783,Apparel,483.77,3,0,0.2195,2065.3,1,0
ORD_102012,CUST_2182,Beauty,679.87,0,0,0.2766,2739.0,1,0
ORD_104186,CUST_4448,Home & Kitchen,2247.54,2,0,0.25,1570.4,1,1
ORD_108576,CUST_3020,Apparel,1225.09,0,1,0.1398,3264.5,1,1
ORD_110548,CUST_2978,Electronics,815.3,1,1,0.0755,582.7,1,0
ORD_111393,CUST_4638,Footwear,1129.64,0,0,0.2403,2838.1,1,0
ORD_101138,CUST_3173,Electronics,802.8,1,0,0.314,1797.1,1,0
ORD_104521,CUST_4629,Electronics,1739.51,3,0,0.1865,3467.2,6,1
ORD_101399,CUST_1235,Home & Kitchen,658.43,1,0,0.485,3140.7,1,1
ORD_110678,CUST_1309,Apparel,377.8,0,1,0.138,2442.8,1,1
ORD_105519,CUST_3503,Footwear,1322.47,0,0,0.2372,3321.3,1,1
ORD_101144,CUST_1760,Apparel,2881.27,2,1,0.0899,366.1,3,0
ORD_102108,CUST_4451,Apparel,1007.99,2,1,0.1932,388.6,1,1
ORD_108344,CUST_4793,Apparel,1496.57,1,0,0.447,2733.7,1,1
ORD_107152,CUST_3675,Footwear,755.31,0,1,0.1192,383.2,3,0
ORD_106233,CUST_1566,Apparel,338.68,2,1,0.1457,2499.4,1,0
ORD_112976,CUST_3462,Electronics,1068.64,3,0,0.3089,2495.0,1,0
ORD_112376,CUST_1629,Electronics,534.38,1,0,0.1443,244.0,1,0
ORD_104303,CUST_1280,Apparel,706.95,2,1,0.0777,2665.0,3,0
ORD_100151,CUST_3336,Apparel,1912.78,1,0,0.116,2395.3,12,0
ORD_101766,CUST_1513,Footwear,541.35,0,1,0.2941,3194.2,12,0
ORD_114124,CUST_2648,Footwear,1098.09,0,1,0.0676,2536.0,1,0
ORD_112806,CUST_4778,Home & Kitchen,684.07,7,1,0.1737,3216.4,1,0
ORD_103255,CUST_2452,Home & Kitchen,1421.61,1,1,0.0518,1521.8,3,0
ORD_101715,CUST_3806,Electronics,430.44,4,0,0.0342,1470.0,1,0
ORD_104774,CUST_4634,Apparel,2396.6,0,1,0.2515,920.1,1,0
ORD_112785,CUST_1164,Apparel,2029.5,2,0,0.1651,2669.3,1,0
ORD_102025,CUST_4030,Home & Kitchen,1971.28,0,1,0.0467,3377.6,1,0
ORD_114749,CUST_1386,Electronics,607.58,0,0,0.2171,1279.7,3,0
ORD_109048,CUST_2098,Apparel,970.03,1,1,0.3131,1177.6,1,0
ORD_100717,CUST_4373,Electronics,683.33,0,1,0.3314,2218.7,2,0
ORD_109171,CUST_2500,Footwear,1601.93,1,0,0.1699,566.2,1,1
ORD_107332,CUST_2494,Apparel,985.13,2,1,0.154,2426.7,1,0
ORD_106333,CUST_3242,Beauty,2352.85,0,0,0.1266,2184.1,1,0
ORD_110494,CUST_2302,Apparel,1177.0,0,0,0.1709,1549.5,3,0
ORD_109393,CUST_2972,Electronics,621.94,1,1,0.3305,2657.2,1,0
ORD_114363,CUST_2818,Electronics,3633.18,2,1,0.1777,1109.7,12,1
ORD_112201,CUST_1402,Apparel,597.11,0,1,0.2829,3383.5,1,0
ORD_103533,CUST_3037,Electronics,1010.12,0,1,0.0346,2020.5,1,0
ORD_102461,CUST_1583,Electronics,2818.42,2,1,0.3292,1486.6,2,0
ORD_106741,CUST_1287,Apparel,786.04,7,0,0.284,261.7,2,1
ORD_114372,CUST_4960,Home & Kitchen,363.73,0,1,0.2828,3025.9,1,1
ORD_114493,CUST_4138,Footwear,1844.36,0,0,0.0226,2030.0,3,1
ORD_113237,CUST_4541,Electronics,978.51,10,1,0.4111,2552.8,1,1
ORD_109766,CUST_1523,Apparel,3267.78,1,0,0.0915,1975.0,1,1
ORD_113858,CUST_3624,Footwear,1133.3,1,1,0.0753,2913.1,6,0
ORD_114352,CUST_1492,Apparel,520.58,1,1,0.2433,1496.3,3,0
ORD_114442,CUST_3438,Home & Kitchen,1509.51,3,1,0.1431,3119.2,12,0
ORD_114359,CUST_1116,Apparel,2536.33,0,0,0.2875,3423.2,1,0
ORD_102242,CUST_3863,Apparel,5288.2,1,0,0.0827,1112.8,1,0
ORD_102289,CUST_3913,Apparel,659.31,0,1,0.3517,652.2,1,0
ORD_108089,CUST_4052,Electronics,629.85,1,1,0.0315,3455.7,2,0
ORD_105056,CUST_2011,Apparel,2117.23,0,0,0.0457,3432.3,2,0
ORD_114627,CUST_4041,Apparel,489.92,1,1,0.0771,3116.6,1,0
ORD_114417,CUST_2011,Electronics,1590.41,2,0,0.098,2659.1,2,0
ORD_114339,CUST_4843,Footwear,2886.16,1,0,0.2448,2436.5,1,0
ORD_113623,CUST_1941,Home & Kitchen,3492.73,2,1,0.1616,3070.1,1,1
ORD_105128,CUST_3448,Apparel,764.71,1,1,0.3867,2911.5,1,0
ORD_110631,CUST_4761,Apparel,768.58,1,1,0.2956,2352.8,12,0
ORD_108691,CUST_2979,Apparel,665.54,1,1,0.2784,2072.1,1,0
ORD_106354,CUST_4388,Home & Kitchen,1058.05,0,0,0.0614,2704.7,3,1
ORD_111671,CUST_3349,Beauty,618.32,7,1,0.1181,1841.4,3,0
ORD_113126,CUST_1637,Footwear,2584.44,2,1,0.1412,478.4,6,0
ORD_111198,CUST_3339,Apparel,2937.32,7,1,0.0828,1837.0,1,0
ORD_103002,CUST_4654,Footwear,1009.13,10,1,0.1621,774.6,1,1
ORD_104208,CUST_1980,Apparel,627.02,1,0,0.1626,2900.4,1,0
ORD_114384,CUST_1667,Apparel,1341.85,0,0,0.1041,247.6,1,0
ORD_110327,CUST_1230,Apparel,4146.55,0,0,0.2755,659.5,1,0
ORD_107425,CUST_1890,Electronics,360.85,3,0,0.3152,320.8,1,0
ORD_113800,CUST_2244,Apparel,6192.06,2,0,0.3124,1788.8,1,0
ORD_112424,CUST_3279,Apparel,881.76,4,0,0.1716,1016.5,1,1
ORD_105131,CUST_3265,Electronics,322.83,0,1,0.1946,254.5,1,1
ORD_108780,CUST_2612,Apparel,1799.04,3,0,0.0659,2256.8,1,0
ORD_108048,CUST_3361,Footwear,1600.87,0,1,0.29,2351.7,1,0
ORD_102866,CUST_3636,Beauty,502.29,1,0,0.1029,185.8,1,0
ORD_110465,CUST_4619,Apparel,1254.57,0,0,0.0527,3127.7,2,0
ORD_113957,CUST_1179,Apparel,747.52,0,1,0.0766,1884.4,1,0
ORD_113240,CUST_1818,Electronics,1307.17,0,1,0.2882,604.5,1,0
ORD_103092,CUST_4729,Footwear,573.39,0,0,0.4598,2110.3,1,0
ORD_108959,CUST_1492,Apparel,482.58,0,0,0.3244,2325.1,1,0
ORD_112863,CUST_4273,Apparel,531.37,3,1,0.1178,2420.9,1,0
ORD_110469,CUST_3021,Apparel,3501.89,2,0,0.307,2783.6,1,0
ORD_107745,CUST_2553,Electronics,1445.55,0,1,0.1947,1730.2,2,0
ORD_104134,CUST_4013,Apparel,2217.81,0,1,0.0911,2576.6,1,0
ORD_108619,CUST_2178,Beauty,427.05,2,1,0.2924,902.4,1,0
ORD_114994,CUST_1153,Apparel,3777.38,3,1,0.1136,2934.3,3,0
ORD_113856,CUST_4711,Apparel,1145.62,0,1,0.0374,3056.5,1,0
ORD_108722,CUST_3887,Electronics,1114.53,1,1,0.1501,1752.9,3,1
ORD_100888,CUST_2243,Beauty,4379.84,1,0,0.3311,2600.3,1,0
ORD_102345,CUST_1906,Apparel,1002.31,1,1,0.0309,1181.3,1,0
ORD_105494,CUST_2062,Footwear,3875.79,1,1,0.0645,2496.9,2,1
ORD_113404,CUST_2098,Apparel,675.51,0,0,0.0644,1070.9,2,0
ORD_114738,CUST_4816,Beauty,3196.69,2,1,0.0767,819.0,1,0
ORD_105806,CUST_2151,Home & Kitchen,2050.33,3,0,0.2538,2577.9,2,0
ORD_102935,CUST_4364,Apparel,322.07,0,0,0.3785,1408.0,1,1
ORD_101987,CUST_1390,Electronics,985.9,4,1,0.1883,3260.5,1,0
ORD_111986,CUST_4201,Electronics,494.03,2,1,0.3573,548.4,2,0
ORD_113778,CUST_4554,Apparel,588.45,0,0,0.3405,2909.3,12,0
ORD_110543,CUST_4910,Electronics,2291.71,0,0,0.1492,1230.3,1,0
ORD_112035,CUST_2109,Apparel,867.95,2,1,0.2918,3307.5,1,0
ORD_113955,CUST_2855,Apparel,1733.27,0,1,0.4022,704.9,1,0
ORD_107651,CUST_4167,Footwear,721.45,4,0,0.0018,857.4,1,0
ORD_103280,CUST_1265,Electronics,2615.14,0,0,0.1884,470.6,6,0
ORD_108978,CUST_1978,Electronics,319.72,2,0,0.2654,920.1,2,1
ORD_114947,CUST_1122,Footwear,5531.21,1,1,0.062,2284.5,1,0
ORD_107723,CUST_2546,Apparel,1608.67,1,0,0.1484,3056.0,6,0
ORD_105656,CUST_3518,Footwear,462.15,0,0,0.1087,3283.4,1,0
ORD_104762,CUST_3721,Home & Kitchen,1781.43,0,1,0.2079,1564.2,1,1
ORD_109199,CUST_4199,Footwear,435.14,1,1,0.1079,1707.2,1,1
ORD_106679,CUST_3645,Apparel,371.62,0,1,0.0612,1929.9,2,0
ORD_104587,CUST_1209,Footwear,524.87,0,1,0.1137,679.0,1,1
ORD_106833,CUST_2262,Home & Kitchen,316.51,2,0,0.2697,2720.9,1,0
ORD_114752,CUST_2873,Footwear,635.43,1,1,0.2408,401.1,6,0
ORD_106957,CUST_3782,Apparel,4380.84,2,1,0.2683,1581.4,1,0
ORD_110402,CUST_1018,Apparel,1770.38,2,1,0.1579,922.8,1,0
ORD_114453,CUST_1463,Apparel,1204.2,0,1,0.1993,3365.4,3,0
ORD_101783,CUST_2279,Apparel,1488.35,0,1,0.2098,3248.3,2,1
ORD_104733,CUST_2572,Home & Kitchen,351.26,3,0,0.133,2887.3,12,0
ORD_107485,CUST_3413,Footwear,500.69,0,1,0.1173,785.0,1,1
ORD_101295,CUST_3324,Apparel,1585.4,5,1,0.1514,591.2,1,0
ORD_106700,CUST_3185,Apparel,466.43,1,1,0.1483,1608.0,1,0
ORD_103038,CUST_3729,Apparel,575.85,0,1,0.1623,229.5,1,0
ORD_102617,CUST_4888,Beauty,656.19,0,1,0.4483,754.8,12,1
ORD_109516,CUST_4280,Apparel,927.09,0,1,0.3327,2050.5,3,0
ORD_103712,CUST_1313,Apparel,5385.75,0,1,0.1528,1254.4,1,0
ORD_109482,CUST_3126,Footwear,1033.91,5,1,0.4136,1568.0,1,1
ORD_105022,CUST_2588,Footwear,1010.21,0,1,0.2395,2151.9,1,0
ORD_112600,CUST_2909,Home & Kitchen,3246.89,0,1,0.121,3185.9,1,0
ORD_105484,CUST_4212,Footwear,691.18,0,0,0.2428,2391.7,3,0
ORD_110570,CUST_3241,Apparel,2131.73,4,0,0.0942,1986.1,2,0
ORD_103373,CUST_2382,Apparel,977.22,0,1,0.3209,2596.9,1,0
ORD_108814,CUST_1145,Footwear,1157.35,2,0,0.2987,1435.6,1,1
ORD_103572,CUST_2511,Electronics,350.4,0,0,0.3887,821.2,1,0
ORD_103229,CUST_4016,Footwear,2108.2,0,0,0.2546,3437.4,1,0
ORD_113791,CUST_2721,Footwear,2347.23,0,1,0.2397,1451.0,1,0
ORD_105416,CUST_3257,Beauty,502.43,4,1,0.1822,2515.3,1,0
ORD_108351,CUST_2519,Home & Kitchen,3091.64,1,1,0.1009,2437.3,1,1
ORD_109207,CUST_4203,Footwear,1558.14,1,0,0.0559,1900.1,3,0
ORD_104230,CUST_1930,Footwear,2683.34,0,0,0.24,1217.2,12,0
ORD_112310,CUST_1151,Apparel,860.15,0,1,0.1352,376.6,6,1
ORD_100558,CUST_2148,Electronics,1034.58,0,1,0.0814,2729.2,1,0
ORD_105060,CUST_2045,Beauty,1004.32,1,1,0.0572,659.6,1,1
ORD_102250,CUST_1355,Home & Kitchen,1280.67,0,1,0.2646,617.1,1,1
ORD_109579,CUST_4720,Beauty,481.23,7,1,0.2179,2711.9,1,1
ORD_102430,CUST_1348,Apparel,3263.9,4,0,0.0348,2040.0,1,1
ORD_113848,CUST_3773,Electronics,470.14,0,1,0.1193,3246.9,3,0
ORD_102640,CUST_4188,Electronics,430.13,3,0,0.2296,773.3,1,1
ORD_113516,CUST_1869,Home & Kitchen,2555.38,1,0,0.2185,3360.6,1,0
ORD_109705,CUST_1067,Footwear,1032.17,0,1,0.1359,2804.1,3,0
ORD_105685,CUST_1383,Footwear,613.53,1,1,0.1473,532.4,1,0
ORD_100156,CUST_4065,Apparel,416.67,4,1,0.0242,2388.0,3,0
ORD_107662,CUST_3501,Electronics,1028.25,0,1,0.1895,830.4,2,0
ORD_112094,CUST_3897,Apparel,928.11,2,0,0.4408,764.4,1,0
ORD_100332,CUST_1659,Home & Kitchen,6006.27,0,1,0.1551,1463.3,1,1
ORD_107791,CUST_2860,Home & Kitchen,3302.77,1,1,0.0275,3162.5,1,0
ORD_108017,CUST_1320,Footwear,681.61,0,1,0.094,2651.1,2,0
ORD_105091,CUST_3341,Footwear,377.79,3,1,0.1771,973.8,2,1
ORD_110158,CUST_4657,Apparel,813.01,2,0,0.0978,561.5,1,0
ORD_104041,CUST_1883,Apparel,1587.59,0,0,0.1333,3497.8,1,0
ORD_104584,CUST_2996,Home & Kitchen,1954.11,0,1,0.2188,705.8,1,1
ORD_105435,CUST_3378,Footwear,3837.33,1,0,0.152,1252.5,1,1
ORD_102766,CUST_2058,Apparel,4607.22,0,1,0.1927,1874.5,1,1
ORD_112775,CUST_4740,Electronics,1436.18,0,1,0.3183,654.7,1,0
ORD_102350,CUST_4999,Electronics,430.05,3,1,0.3406,2704.9,1,0
ORD_106760,CUST_2000,Electronics,1345.49,0,0,0.3168,2320.1,1,0
ORD_103518,CUST_1365,Home & Kitchen,1455.62,0,0,0.1189,736.8,1,0
ORD_102944,CUST_4885,Electronics,1071.65,0,0,0.1181,474.2,3,0
ORD_111111,CUST_3558,Footwear,869.9,1,0,0.0591,2009.2,2,0
ORD_113555,CUST_4849,Home & Kitchen,442.47,1,1,0.326,805.8,1,0
ORD_113351,CUST_4598,Electronics,1246.34,1,1,0.5061,642.4,1,1
ORD_103653,CUST_1087,Apparel,930.68,0,0,0.026,1592.6,1,0
ORD_105876,CUST_4197,Home & Kitchen,1322.94,0,0,0.2524,2532.6,1,1
ORD_110241,CUST_1990,Home & Kitchen,416.83,0,0,0.0532,1999.9,12,0
ORD_111359,CUST_3722,Electronics,1302.0,0,0,0.1687,173.7,1,0
ORD_101220,CUST_3125,Apparel,1334.89,1,0,0.2643,2992.1,1,0
ORD_102129,CUST_1884,Electronics,658.9,0,1,0.2076,1117.3,1,0
ORD_103212,CUST_3507,Home & Kitchen,5494.82,0,1,0.5019,2781.3,2,0
ORD_108044,CUST_2751,Home & Kitchen,963.7,0,0,0.2056,1744.5,12,0
ORD_100314,CUST_3327,Apparel,303.35,0,0,0.1454,2254.9,1,0
ORD_102044,CUST_1310,Electronics,1078.07,0,0,0.0873,1195.5,12,0
ORD_111839,CUST_4814,Apparel,1030.87,2,0,0.2495,2886.2,3,0
ORD_103231,CUST_2866,Apparel,585.96,3,0,0.1714,1879.7,6,1
ORD_111955,CUST_2205,Footwear,3318.03,4,0,0.135,3003.2,1,0
ORD_113717,CUST_4776,Apparel,1745.96,2,1,0.6652,3138.6,12,1
ORD_109796,CUST_2032,Apparel,2463.79,5,1,0.2497,1268.6,3,1
ORD_112145,CUST_1992,Footwear,712.21,0,0,0.2888,3177.0,1,1
ORD_103957,CUST_1164,Footwear,3943.86,0,1,0.2023,2897.4,1,1
ORD_102818,CUST_1516,Footwear,1549.72,3,1,0.0695,999.4,1,0
ORD_103201,CUST_1285,Beauty,1426.35,0,0,0.3147,1754.4,1,1
ORD_110342,CUST_4149,Footwear,2693.2,2,1,0.0663,2307.6,1,0
ORD_105660,CUST_1278,Footwear,735.97,0,1,0.057,1746.5,1,1
ORD_101707,CUST_4547,Home & Kitchen,2112.85,0,1,0.1473,2934.0,2,0
ORD_113866,CUST_4036,Beauty,336.77,1,0,0.055,2099.1,1,0
ORD_108824,CUST_3019,Electronics,838.35,0,0,0.1902,1708.8,1,0
ORD_102020,CUST_3852,Footwear,2293.45,2,0,0.1185,1365.0,1,0
ORD_110573,CUST_2173,Apparel,655.02,1,1,0.1204,2069.7,3,0
ORD_102089,CUST_2981,Home & Kitchen,1690.61,2,1,0.174,2236.1,1,0
ORD_106013,CUST_3994,Apparel,585.49,4,0,0.1691,846.0,1,0
ORD_105266,CUST_4904,Apparel,346.95,2,0,0.2387,2023.4,1,1
ORD_103567,CUST_2801,Home & Kitchen,933.56,0,1,0.108,1050.1,1,0
ORD_102440,CUST_1526,Apparel,1140.32,0,0,0.3093,1666.8,1,1
ORD_101785,CUST_1904,Footwear,1204.02,1,0,0.1912,342.3,1,0
ORD_104796,CUST_3186,Electronics,305.43,0,1,0.0477,868.3,6,0
ORD_111460,CUST_4771,Beauty,425.73,0,1,0.128,2466.4,3,0
ORD_105819,CUST_1673,Apparel,1368.25,0,0,0.203,2466.6,3,0
ORD_114134,CUST_4081,Apparel,1995.29,0,1,0.211,1048.8,6,0
ORD_101206,CUST_2280,Home & Kitchen,511.53,0,0,0.0207,3214.2,2,0
ORD_113912,CUST_4862,Electronics,1004.17,0,0,0.1091,363.2,1,0
ORD_108424,CUST_3430,Footwear,1077.29,7,0,0.0895,1753.0,1,0
ORD_105541,CUST_4743,Footwear,973.24,2,1,0.1247,1631.9,2,0
ORD_100101,CUST_3777,Footwear,1776.08,2,0,0.0692,1820.8,1,0
ORD_105141,CUST_1022,Footwear,1554.67,0,1,0.1935,2989.5,1,0
ORD_112905,CUST_1201,Apparel,2647.82,0,1,0.1223,1870.8,12,1
ORD_112868,CUST_3188,Home & Kitchen,4378.27,0,0,0.2337,2966.9,3,0
ORD_114681,CUST_4153,Apparel,2034.18,1,0,0.3038,2066.7,1,0
ORD_114432,CUST_3289,Footwear,2668.27,2,0,0.2543,3286.0,1,1
ORD_105619,CUST_2422,Electronics,878.2,0,1,0.1802,1792.4,1,0
ORD_103979,CUST_1894,Beauty,1922.12,1,1,0.0664,977.4,2,0
ORD_111865,CUST_4289,Apparel,381.23,0,0,0.0922,1944.7,1,0
ORD_114724,CUST_3431,Footwear,587.57,1,0,0.0666,2413.1,2,0
ORD_110144,CUST_3637,Electronics,1097.17,3,0,0.4411,2147.2,1,0
ORD_104973,CUST_1413,Apparel,388.53,2,1,0.0708,1337.6,1,0
ORD_103429,CUST_1163,Footwear,694.18,0,1,0.3044,3037.1,1,0
ORD_104871,CUST_4825,Home & Kitchen,1784.03,0,1,0.1789,409.3,3,1
ORD_110001,CUST_3257,Apparel,1140.68,2,0,0.1942,2239.1,2,0
ORD_110609,CUST_1317,Beauty,523.69,7,1,0.2939,2860.4,1,1
ORD_111480,CUST_2305,Apparel,428.23,3,1,0.2256,1453.1,12,0
ORD_110428,CUST_2394,Apparel,342.08,4,1,0.2114,3338.2,1,1
ORD_101193,CUST_3094,Apparel,2590.55,1,0,0.3405,1168.6,1,1
ORD_103598,CUST_3837,Apparel,1834.34,3,0,0.2912,1394.4,1,1
ORD_100231,CUST_2363,Footwear,391.16,0,1,0.3454,1863.7,1,1
ORD_111716,CUST_3033,Beauty,611.48,2,1,0.1725,2777.7,1,0
ORD_107505,CUST_4888,Footwear,445.01,0,0,0.041,1827.3,1,0
ORD_113519,CUST_3987,Home & Kitchen,2860.5,0,0,0.0904,2304.3,1,0
ORD_110160,CUST_3424,Home & Kitchen,321.79,0,0,0.2106,1881.1,1,0
ORD_106466,CUST_3890,Footwear,1815.06,0,1,0.2758,1122.8,1,0
ORD_101282,CUST_2305,Apparel,1460.75,0,0,0.2089,773.8,1,0
ORD_109810,CUST_2641,Home & Kitchen,389.68,0,1,0.0924,227.5,1,1
ORD_103960,CUST_2105,Footwear,832.67,2,1,0.349,1474.4,2,1
ORD_103100,CUST_1998,Home & Kitchen,1586.44,2,1,0.1208,1346.7,1,0
ORD_111553,CUST_1225,Apparel,1325.49,0,0,0.2089,1350.7,2,0
ORD_113268,CUST_3401,Beauty,1852.41,0,0,0.1824,2125.7,1,0
ORD_114791,CUST_2207,Electronics,718.84,0,1,0.0178,3037.4,3,0
ORD_112317,CUST_1234,Home & Kitchen,982.85,1,0,0.4573,1386.2,1,0
ORD_103361,CUST_1882,Home & Kitchen,889.99,0,0,0.1528,1833.5,1,0
ORD_103332,CUST_4201,Footwear,928.68,1,0,0.2355,2282.7,6,0
ORD_114511,CUST_3832,Electronics,1553.85,0,0,0.3182,1545.5,1,0
ORD_102719,CUST_2801,Electronics,951.02,1,1,0.1477,291.4,1,0
ORD_108379,CUST_1919,Beauty,1667.27,2,0,0.0697,3180.7,1,0
ORD_108216,CUST_3674,Apparel,1668.63,2,0,0.1614,1661.8,1,0
ORD_105177,CUST_2997,Apparel,2933.0,2,0,0.2646,1989.0,1,1
ORD_112340,CUST_3780,Electronics,1292.04,1,1,0.1677,2420.9,2,1
ORD_111054,CUST_4885,Electronics,1344.32,0,1,0.1166,1817.7,3,0
ORD_103683,CUST_2284,Footwear,1138.75,5,0,0.0521,1626.0,1,0
ORD_105024,CUST_3368,Home & Kitchen,2350.57,0,1,0.0755,673.7,1,0
ORD_112893,CUST_1400,Apparel,333.08,0,0,0.2035,1935.2,1,0
ORD_110325,CUST_1041,Electronics,609.97,1,1,0.0543,1862.5,1,0
ORD_105850,CUST_4166,Footwear,1197.63,4,1,0.1309,2869.2,1,0
ORD_108359,CUST_2771,Home & Kitchen,826.93,0,0,0.0253,683.1,1,0
ORD_106326,CUST_2532,Home & Kitchen,1197.24,0,1,0.0464,2358.3,1,0
ORD_106519,CUST_3774,Home & Kitchen,585.11,1,1,0.1247,2729.1,1,0
ORD_110067,CUST_2192,Apparel,1712.24,0,0,0.0913,1688.9,3,0
ORD_107320,CUST_2186,Electronics,914.0,0,0,0.5597,3168.8,1,1
ORD_110854,CUST_1987,Footwear,2177.78,0,1,0.4294,2077.2,1,1
ORD_104544,CUST_4224,Apparel,1474.35,0,0,0.0462,2349.6,1,0
ORD_109113,CUST_2469,Apparel,1211.5,2,0,0.3051,1057.6,1,0
ORD_110170,CUST_2419,Footwear,767.81,0,0,0.3289,983.4,1,1
ORD_101735,CUST_2111,Apparel,1215.17,0,0,0.2137,1881.4,6,0
ORD_101346,CUST_2141,Footwear,923.97,0,0,0.2861,3453.9,3,0
ORD_114515,CUST_4758,Apparel,826.32,0,1,0.1959,2108.2,1,1
ORD_102291,CUST_1447,Apparel,734.0,0,1,0.0766,1855.0,1,1
ORD_101682,CUST_4057,Footwear,2532.13,0,1,0.0434,2357.9,1,0
ORD_106629,CUST_4815,Apparel,1509.62,0,0,0.0307,2999.9,1,0
ORD_105835,CUST_4407,Electronics,855.36,4,1,0.2085,3181.3,3,0
ORD_106210,CUST_1802,Apparel,2925.83,0,0,0.0662,3477.3,1,0
ORD_110640,CUST_2602,Electronics,1353.76,0,1,0.1012,861.0,1,1
ORD_100861,CUST_2365,Home & Kitchen,1523.78,1,0,0.3426,3493.4,1,1
ORD_101477,CUST_1922,Apparel,783.44,2,1,0.2213,2533.6,2,0
ORD_108573,CUST_2813,Footwear,520.04,2,0,0.0504,502.5,1,0
ORD_105193,CUST_4237,Home & Kitchen,1176.93,1,0,0.2898,2234.8,1,0
ORD_107872,CUST_4588,Footwear,1035.13,0,1,0.0663,1682.5,1,0
ORD_111439,CUST_4347,Apparel,721.27,0,0,0.2176,1115.8,2,0
ORD_111913,CUST_4097,Apparel,1431.56,0,0,0.092,459.2,2,0
ORD_107976,CUST_1297,Electronics,754.44,2,1,0.0301,922.6,1,0
ORD_113782,CUST_1629,Electronics,1039.85,1,1,0.1413,407.5,1,1
ORD_106875,CUST_2969,Home & Kitchen,4904.03,4,1,0.3008,1584.0,1,0
ORD_106375,CUST_1528,Electronics,2802.66,2,0,0.3725,799.9,3,0
ORD_110574,CUST_4230,Electronics,654.61,0,0,0.519,1505.1,12,0
ORD_105606,CUST_3246,Electronics,414.22,1,1,0.0674,3037.4,1,0
ORD_104946,CUST_2088,Apparel,1310.53,1,0,0.1204,793.3,1,0
ORD_113220,CUST_4133,Apparel,615.08,1,0,0.0875,1998.6,1,0
ORD_106840,CUST_4327,Beauty,2593.66,1,0,0.1986,2203.9,1,0
ORD_105289,CUST_2759,Electronics,928.49,0,0,0.1518,3292.6,1,0
ORD_105079,CUST_2739,Home & Kitchen,336.17,0,1,0.4102,1926.0,1,1
ORD_108094,CUST_4629,Apparel,850.31,0,1,0.053,311.8,1,0
ORD_104240,CUST_1155,Apparel,2289.23,0,1,0.1718,2428.1,1,0
ORD_103363,CUST_4151,Electronics,473.37,7,1,0.2707,1905.5,1,1
ORD_107816,CUST_4502,Footwear,2076.72,2,0,0.1737,2501.7,1,0
ORD_100867,CUST_2324,Footwear,981.9,3,0,0.3748,862.4,1,0
ORD_113662,CUST_1309,Apparel,842.57,3,1,0.069,2885.7,1,0
ORD_101881,CUST_2319,Electronics,1082.94,2,0,0.1186,1813.1,1,1
ORD_108357,CUST_1672,Footwear,968.6,0,1,0.0417,2938.9,6,0
ORD_113730,CUST_3243,Beauty,1793.08,2,0,0.2329,586.8,1,0
ORD_100655,CUST_2227,Footwear,1155.54,3,1,0.1615,393.1,1,0
ORD_113830,CUST_3393,Electronics,1129.32,0,0,0.2333,781.5,1,1
ORD_102884,CUST_1850,Apparel,759.3,0,1,0.1143,2410.5,1,1
ORD_109671,CUST_3869,Apparel,777.01,5,1,0.1717,1157.4,6,0
ORD_106345,CUST_2920,Apparel,1905.74,7,1,0.1263,565.1,1,0
ORD_108745,CUST_4729,Electronics,2804.18,4,0,0.1493,2508.7,6,0
ORD_101275,CUST_3795,Electronics,741.02,0,1,0.1729,638.5,3,1
ORD_104924,CUST_2999,Footwear,624.07,7,0,0.0911,2939.8,1,0
ORD_112961,CUST_1313,Apparel,1109.31,1,1,0.2488,1783.8,1,1
ORD_100261,CUST_1683,Footwear,928.12,2,1,0.0698,1989.0,1,0
ORD_114345,CUST_4786,Home & Kitchen,1411.07,2,0,0.1874,917.4,12,0
ORD_103273,CUST_1129,Home & Kitchen,1349.45,10,1,0.0803,1440.0,1,0
ORD_113357,CUST_2348,Apparel,1698.74,1,0,0.1074,727.3,1,0
ORD_113593,CUST_2012,Apparel,2615.98,3,0,0.5982,1958.9,1,1
ORD_112242,CUST_2489,Apparel,699.07,0,0,0.0442,2250.3,1,1
ORD_107565,CUST_1462,Beauty,4152.01,10,1,0.302,2567.0,1,0
ORD_112511,CUST_2599,Apparel,2070.98,0,1,0.0699,1191.3,6,0
ORD_109837,CUST_1515,Beauty,1486.19,3,1,0.0539,1160.7,1,0
ORD_102633,CUST_4633,Apparel,474.46,5,1,0.2277,2898.7,3,0
ORD_107912,CUST_4856,Electronics,498.59,2,0,0.2858,2761.1,1,1
ORD_104287,CUST_3935,Footwear,588.09,3,0,0.2573,2881.4,2,0
ORD_106101,CUST_2337,Electronics,2234.61,0,0,0.0698,1849.8,1,0
ORD_107432,CUST_1731,Home & Kitchen,353.06,0,1,0.1738,1584.0,2,0
ORD_106522,CUST_2812,Footwear,1679.71,0,0,0.1805,2247.4,1,0
ORD_106196,CUST_2007,Footwear,1836.89,0,1,0.2323,1306.3,1,1
ORD_112754,CUST_4664,Footwear,3046.45,5,1,0.205,3207.1,2,0
ORD_105437,CUST_3097,Footwear,906.3,0,0,0.2773,3108.1,1,0
ORD_107612,CUST_1422,Apparel,862.0,3,1,0.1523,3492.0,1,0
ORD_110119,CUST_2625,Electronics,1042.28,3,1,0.4519,756.5,6,1
ORD_109127,CUST_3710,Beauty,1412.25,0,0,0.225,2219.2,1,0
ORD_101832,CUST_2379,Footwear,845.85,0,0,0.4292,2044.0,1,0
ORD_105390,CUST_2776,Beauty,1365.82,2,1,0.2792,2504.1,1,1
ORD_108223,CUST_2043,Apparel,889.81,1,1,0.2835,872.3,3,0
ORD_103737,CUST_2043,Apparel,432.27,1,1,0.1043,1499.0,2,0
ORD_112280,CUST_3304,Footwear,651.75,1,1,0.4082,201.7,3,1
ORD_108283,CUST_1259,Home & Kitchen,1761.75,0,0,0.0489,1231.8,1,0
ORD_106395,CUST_4904,Beauty,301.61,0,0,0.153,1937.8,3,0
ORD_108531,CUST_2410,Apparel,1180.02,0,0,0.5153,1097.3,1,1
ORD_103387,CUST_2597,Apparel,2194.57,0,0,0.3535,2468.9,1,1
ORD_102136,CUST_1824,Beauty,2889.92,3,0,0.1633,975.3,3,0
ORD_108022,CUST_3037,Apparel,2570.11,0,0,0.0709,2674.6,1,0
ORD_106506,CUST_1043,Electronics,364.89,0,0,0.0875,457.3,1,0
ORD_100017,CUST_3919,Electronics,3008.54,0,0,0.6509,918.8,3,0
ORD_106300,CUST_4021,Apparel,1407.39,1,0,0.1428,2451.6,1,0
ORD_102484,CUST_2415,Footwear,914.62,0,0,0.1748,2732.4,6,0
ORD_114541,CUST_1387,Beauty,1220.88,2,1,0.157,2748.6,1,1
ORD_111410,CUST_2507,Home & Kitchen,514.44,2,1,0.4077,956.3,1,1
ORD_112441,CUST_1625,Footwear,361.96,0,1,0.0665,1222.3,1,0
ORD_106033,CUST_1082,Apparel,596.69,2,1,0.2557,652.4,2,0
ORD_111866,CUST_1444,Beauty,1333.69,0,0,0.0915,2520.9,1,0
ORD_102011,CUST_4597,Home & Kitchen,2585.55,0,1,0.1741,465.5,1,0
ORD_107685,CUST_2814,Apparel,507.94,0,0,0.0283,403.0,1,1
ORD_100557,CUST_4261,Footwear,762.66,0,0,0.2548,2552.8,1,0
ORD_101859,CUST_2708,Home & Kitchen,1494.15,1,1,0.0936,2096.6,1,0
ORD_111847,CUST_3064,Electronics,818.63,2,1,0.2097,3455.8,2,0
ORD_111703,CUST_1100,Apparel,570.71,1,1,0.1862,3050.5,1,1
ORD_109076,CUST_1707,Electronics,311.57,2,0,0.275,413.2,3,1
ORD_112258,CUST_4438,Electronics,4435.36,0,0,0.3649,1768.8,1,0
ORD_111404,CUST_3235,Apparel,1303.3,0,1,0.1093,1948.1,2,0
ORD_108108,CUST_3902,Apparel,525.22,0,1,0.1177,3366.6,1,0
ORD_106040,CUST_1617,Apparel,352.5,0,1,0.0641,2666.0,3,1
ORD_106670,CUST_1498,Apparel,1401.08,0,1,0.2699,1383.0,1,1
ORD_102213,CUST_1795,Apparel,1563.54,0,0,0.1391,1398.5,6,0
ORD_109724,CUST_3329,Apparel,595.05,2,1,0.1078,1804.6,1,0
ORD_106342,CUST_2522,Home & Kitchen,2006.36,0,0,0.0667,861.5,6,0
ORD_105475,CUST_2296,Footwear,1863.2,4,0,0.1665,2704.6,3,0
ORD_109593,CUST_1694,Home & Kitchen,1403.87,1,0,0.1565,1002.5,1,0
ORD_102143,CUST_4845,Home & Kitchen,429.15,0,1,0.3396,986.5,1,0
ORD_111705,CUST_4129,Footwear,707.44,0,1,0.1986,917.2,3,0
ORD_102639,CUST_2273,Apparel,659.9,0,0,0.0687,1147.6,1,0
ORD_101300,CUST_3563,Electronics,1414.08,4,1,0.2352,2684.9,1,0
ORD_102996,CUST_4422,Apparel,2177.31,1,0,0.2472,624.4,12,0
ORD_110803,CUST_3420,Beauty,348.75,3,1,0.0966,711.7,1,0
ORD_108464,CUST_2715,Home & Kitchen,2834.14,1,0,0.1711,359.8,1,0
ORD_110967,CUST_1148,Footwear,1251.62,0,0,0.1215,958.4,2,0
ORD_109052,CUST_3994,Electronics,1305.14,2,1,0.2382,3343.3,2,0
ORD_101278,CUST_3472,Electronics,1429.78,0,0,0.0595,300.0,1,1
ORD_112303,CUST_4667,Footwear,600.24,0,0,0.235,3290.6,1,0
ORD_103734,CUST_4694,Apparel,9683.01,3,1,0.1589,747.6,1,1
ORD_110118,CUST_4979,Footwear,1348.07,0,1,0.0452,1435.3,12,1
ORD_114794,CUST_4081,Home & Kitchen,2329.19,4,1,0.3179,789.3,6,1
ORD_106542,CUST_2848,Electronics,368.37,1,1,0.4775,1230.1,6,1
ORD_100311,CUST_1400,Home & Kitchen,2355.94,0,1,0.0415,2527.4,1,1
ORD_100508,CUST_2686,Apparel,2564.7,0,0,0.1807,2321.0,1,0
ORD_111543,CUST_2417,Beauty,2114.0,0,0,0.1896,1592.9,1,0
ORD_108956,CUST_3795,Footwear,3880.38,3,0,0.2643,1116.0,2,0
ORD_101920,CUST_3343,Apparel,1117.69,1,0,0.2214,2595.4,1,1
ORD_114850,CUST_4166,Electronics,378.26,0,1,0.2877,216.6,6,1
ORD_101486,CUST_1950,Beauty,1239.93,0,1,0.2044,1036.1,1,1
ORD_104140,CUST_2547,Home & Kitchen,646.18,0,1,0.2216,1342.4,1,0
ORD_112693,CUST_4747,Footwear,1910.22,3,0,0.3489,3271.0,1,1
ORD_112503,CUST_4738,Electronics,595.56,1,0,0.1331,392.3,2,1
ORD_109101,CUST_3024,Apparel,1076.05,2,0,0.2664,2712.6,1,0
ORD_112261,CUST_1224,Apparel,1647.97,2,0,0.0767,2376.1,12,0
ORD_112051,CUST_1370,Electronics,408.24,4,0,0.315,3244.3,3,1
ORD_106943,CUST_2289,Apparel,2473.85,1,1,0.2185,1764.5,1,0
ORD_104148,CUST_2910,Apparel,461.7,0,0,0.1295,223.7,2,0
ORD_111520,CUST_1445,Footwear,717.46,1,1,0.2397,3405.6,6,0
ORD_113767,CUST_2375,Apparel,1962.73,3,1,0.106,306.2,1,0
ORD_109222,CUST_4236,Apparel,1740.44,0,1,0.3582,2690.0,1,0
ORD_102714,CUST_1629,Electronics,987.98,0,0,0.3652,2535.3,1,0
ORD_109285,CUST_1425,Electronics,1051.96,0,1,0.0418,2788.4,2,1
ORD_112892,CUST_3986,Electronics,2148.2,0,1,0.3413,990.1,1,1
ORD_101389,CUST_3958,Footwear,796.72,10,1,0.0403,2443.3,1,0
ORD_102166,CUST_4810,Apparel,300.74,0,0,0.3848,1104.9,1,1
ORD_112366,CUST_3242,Apparel,476.76,0,0,0.1631,693.7,2,0
ORD_110120,CUST_1356,Apparel,2185.24,2,0,0.3302,2336.2,1,0
ORD_105122,CUST_1197,Electronics,408.72,0,0,0.1803,1856.0,1,0
ORD_110456,CUST_2552,Footwear,625.11,0,0,0.0747,2367.2,2,0
ORD_113316,CUST_1968,Footwear,805.39,3,0,0.1295,1202.9,1,0
ORD_104464,CUST_3140,Electronics,1026.73,0,0,0.0559,1027.4,12,1
ORD_100967,CUST_3779,Footwear,1629.78,2,1,0.0505,611.1,2,1
ORD_101949,CUST_4894,Home & Kitchen,550.58,0,1,0.0802,1119.6,1,0
ORD_100420,CUST_1815,Footwear,1026.18,2,0,0.3611,785.3,1,0
ORD_105518,CUST_4638,Beauty,1230.61,0,1,0.0521,454.3,1,0
ORD_104771,CUST_2377,Apparel,561.89,3,0,0.1535,1719.3,2,0
ORD_113740,CUST_3045,Apparel,335.25,0,1,0.0807,3255.7,2,1
ORD_102293,CUST_3412,Beauty,360.13,0,1,0.1007,2934.4,6,0
ORD_100068,CUST_3363,Apparel,2916.18,0,1,0.3318,2135.2,1,0
ORD_103313,CUST_2979,Electronics,826.06,4,1,0.1631,2749.0,1,1
ORD_100399,CUST_4183,Electronics,1377.45,1,0,0.2137,2316.6,1,0
ORD_104316,CUST_2449,Beauty,869.65,0,1,0.2884,2789.5,1,0
ORD_114815,CUST_2818,Electronics,1436.56,0,1,0.468,2347.2,2,1
ORD_107727,CUST_1684,Apparel,405.22,3,0,0.2373,2208.0,6,0
ORD_103735,CUST_2404,Apparel,340.02,2,1,0.3127,556.7,1,0
ORD_104513,CUST_1396,Apparel,886.98,3,0,0.3549,2755.5,1,1
ORD_109695,CUST_2357,Electronics,1486.1,0,1,0.4625,3042.3,1,1
ORD_114093,CUST_4631,Beauty,2970.33,0,0,0.3273,556.3,1,0
ORD_112984,CUST_1627,Apparel,649.33,0,1,0.0952,1496.6,1,0
ORD_103479,CUST_1714,Apparel,374.56,0,1,0.3692,1890.7,1,0
ORD_102239,CUST_3400,Apparel,2836.35,1,1,0.2381,1155.6,1,1
ORD_101365,CUST_3892,Apparel,1210.06,1,0,0.2794,371.7,1,1
ORD_106530,CUST_4645,Beauty,299.41,1,0,0.4589,358.9,6,0
ORD_111406,CUST_4888,Beauty,764.28,0,1,0.2191,2992.7,1,0
ORD_110066,CUST_3892,Footwear,585.65,1,1,0.105,2851.0,2,1
ORD_111642,CUST_2416,Footwear,1532.37,0,1,0.1431,639.8,1,0
ORD_110323,CUST_1777,Footwear,737.67,0,0,0.4946,281.0,1,0
ORD_113304,CUST_1521,Apparel,1956.59,0,1,0.1662,1525.1,1,0
ORD_109219,CUST_2551,Footwear,476.92,1,0,0.3172,1416.2,1,1
ORD_104006,CUST_1852,Beauty,1587.15,0,1,0.0864,1710.0,1,0
ORD_108123,CUST_3237,Apparel,331.35,0,1,0.1668,3118.1,2,0
ORD_107575,CUST_2411,Home & Kitchen,1292.0,0,0,0.3496,558.3,1,0
ORD_106052,CUST_4490,Apparel,2116.18,2,0,0.2393,658.6,1,0
ORD_101037,CUST_2460,Home & Kitchen,4440.48,2,1,0.3301,3303.4,2,0
ORD_113872,CUST_4653,Electronics,1998.44,2,1,0.31,936.6,1,1
ORD_101489,CUST_3243,Apparel,2169.7,0,0,0.1464,3259.9,6,0
ORD_105770,CUST_1406,Home & Kitchen,1110.64,0,1,0.2909,666.5,12,0
ORD_101493,CUST_1516,Home & Kitchen,1177.2,1,0,0.0735,1210.1,1,0
ORD_101546,CUST_1984,Home & Kitchen,1104.41,2,0,0.3438,1283.9,1,0
ORD_100751,CUST_2892,Apparel,567.89,0,0,0.0396,1390.4,1,1
ORD_106455,CUST_2717,Footwear,2591.88,0,1,0.1609,1795.8,3,0
ORD_110610,CUST_3856,Home & Kitchen,330.22,0,1,0.2792,2215.5,1,1
ORD_110880,CUST_2893,Electronics,6480.53,5,0,0.0648,2376.7,1,0
ORD_110159,CUST_2706,Footwear,1755.0,0,0,0.2281,2811.1,1,0
ORD_101103,CUST_3845,Home & Kitchen,626.29,4,1,0.3053,429.9,1,1
ORD_106176,CUST_1255,Apparel,711.91,0,0,0.2927,1803.6,1,1
ORD_107897,CUST_3488,Electronics,2132.26,1,1,0.4233,1170.0,3,0
ORD_107459,CUST_3741,Apparel,3110.2,0,0,0.0941,540.9,1,0
ORD_104241,CUST_2070,Home & Kitchen,2014.47,0,1,0.1827,1514.1,2,1
ORD_102675,CUST_1374,Home & Kitchen,2410.02,2,1,0.0265,679.2,1,0
ORD_106366,CUST_4522,Apparel,435.87,0,0,0.0517,2161.7,1,0
ORD_112096,CUST_1228,Electronics,467.49,1,1,0.4078,3492.0,1,1
ORD_112083,CUST_1653,Beauty,1594.76,7,1,0.247,919.1,6,0
ORD_102445,CUST_4344,Electronics,2782.03,2,0,0.1866,437.4,1,0
ORD_108779,CUST_4884,Home & Kitchen,1217.96,0,0,0.0569,1675.7,1,0
ORD_112455,CUST_2046,Apparel,3308.98,1,0,0.2818,3357.6,1,0
ORD_103012,CUST_4957,Electronics,2621.45,0,0,0.1767,1745.6,1,0
ORD_113566,CUST_4214,Footwear,1695.17,2,0,0.0235,513.1,1,0
ORD_109022,CUST_2030,Home & Kitchen,519.25,0,1,0.1177,3071.8,3,0
ORD_113584,CUST_4827,Beauty,931.81,1,1,0.2054,2147.8,3,0
ORD_103691,CUST_1873,Beauty,2391.36,0,1,0.1249,469.7,1,0
ORD_108946,CUST_2174,Footwear,3319.06,2,1,0.4283,2286.7,1,1
ORD_102669,CUST_2622,Beauty,586.0,2,1,0.1386,3211.5,1,0
ORD_100111,CUST_1455,Electronics,3434.01,1,0,0.1947,2168.4,1,1
ORD_106916,CUST_2036,Footwear,6056.87,4,1,0.1503,3195.9,1,0
ORD_101154,CUST_1359,Electronics,1040.4,0,0,0.1972,469.1,1,0
ORD_101060,CUST_3081,Apparel,927.3,1,1,0.0877,3252.5,1,0
ORD_110191,CUST_2656,Footwear,4595.99,1,1,0.248,3288.9,1,0
ORD_114460,CUST_4888,Electronics,1270.39,0,1,0.1258,2613.8,3,1
ORD_111369,CUST_1030,Footwear,1005.44,3,0,0.2282,1196.3,1,0
ORD_100259,CUST_4890,Electronics,2215.12,0,0,0.1101,257.2,1,0
ORD_103093,CUST_4906,Electronics,3031.56,0,0,0.2532,525.0,1,1
ORD_112206,CUST_1209,Electronics,1364.9,0,1,0.3614,1654.3,1,0
ORD_102864,CUST_3632,Electronics,1575.62,0,0,0.1104,2100.8,3,1
ORD_107094,CUST_4697,Footwear,861.19,4,1,0.1777,2939.9,2,0
ORD_105663,CUST_1862,Apparel,1429.37,0,1,0.0838,2186.0,6,0
ORD_105333,CUST_3518,Electronics,1627.64,1,0,0.0363,3357.5,1,0
ORD_111863,CUST_1858,Electronics,888.83,1,0,0.0706,1115.4,1,0
ORD_109191,CUST_4516,Electronics,2244.32,0,1,0.1727,2452.0,1,0
ORD_114539,CUST_3937,Electronics,1227.07,3,1,0.2892,1718.4,1,0
ORD_101491,CUST_2857,Apparel,1423.97,0,0,0.4439,2303.5,2,0
ORD_105206,CUST_2751,Apparel,681.86,0,1,0.1593,1967.4,1,1
ORD_107421,CUST_3155,Apparel,1585.76,2,0,0.0732,732.6,6,0
ORD_111050,CUST_1675,Apparel,1664.95,2,0,0.2843,692.9,1,0
ORD_105654,CUST_1289,Footwear,1133.93,0,0,0.2411,662.4,3,1
ORD_108539,CUST_2419,Electronics,761.34,0,1,0.0401,767.4,1,0
ORD_105921,CUST_4100,Beauty,2275.83,3,1,0.1261,997.6,3,0
ORD_112015,CUST_4554,Footwear,2232.65,0,0,0.3128,545.1,1,0
ORD_103762,CUST_4292,Apparel,3162.31,2,0,0.1969,1553.2,2,0
ORD_100697,CUST_3737,Footwear,1231.08,1,0,0.2105,632.8,1,0
ORD_110193,CUST_1104,Beauty,3792.54,0,0,0.2587,287.2,1,1
ORD_110828,CUST_4535,Footwear,1165.07,0,1,0.0939,871.2,2,0
ORD_103198,CUST_1363,Footwear,2059.51,0,1,0.1174,1708.3,1,0
ORD_110575,CUST_4350,Footwear,1348.93,0,1,0.0787,2990.8,12,0
ORD_103412,CUST_4542,Beauty,729.62,1,1,0.0643,395.7,3,1
ORD_104837,CUST_4588,Footwear,1005.71,5,0,0.2323,1334.3,1,0
ORD_106464,CUST_4643,Footwear,2490.78,0,1,0.1649,1336.4,1,0
ORD_105161,CUST_2675,Apparel,464.78,1,0,0.2741,3482.7,1,0
ORD_100988,CUST_1389,Electronics,1171.98,0,0,0.1748,3024.7,3,0
ORD_111177,CUST_3083,Home & Kitchen,449.55,0,1,0.3265,745.6,12,1
ORD_103608,CUST_4988,Beauty,783.59,0,1,0.2841,940.1,1,0
ORD_100091,CUST_4073,Electronics,984.69,0,0,0.5267,900.2,1,1
ORD_109202,CUST_4344,Footwear,332.78,5,1,0.2441,598.3,1,0
ORD_105844,CUST_4663,Apparel,1785.1,0,1,0.4331,1547.0,2,0
ORD_101767,CUST_2920,Apparel,2250.76,3,1,0.1416,1382.4,1,1
ORD_110651,CUST_4209,Electronics,1264.44,1,0,0.1006,1406.6,1,0
ORD_109604,CUST_1556,Footwear,3924.61,0,0,0.1835,267.9,1,0
ORD_114710,CUST_4695,Beauty,896.04,0,1,0.1728,3287.5,1,0
ORD_108142,CUST_3778,Apparel,589.69,4,1,0.1906,2322.2,12,1
ORD_112522,CUST_4575,Apparel,2322.48,0,0,0.024,718.1,1,0
ORD_100053,CUST_2899,Apparel,502.43,0,0,0.2969,3260.6,1,0
ORD_109137,CUST_3318,Apparel,541.83,0,1,0.1258,1385.7,6,1
ORD_105243,CUST_3005,Apparel,1698.95,0,0,0.083,2507.9,1,1
ORD_104511,CUST_4112,Footwear,3043.8,0,1,0.2639,2994.4,1,0
ORD_106885,CUST_1905,Home & Kitchen,4071.21,1,0,0.1,1195.9,2,1
ORD_113518,CUST_1093,Home & Kitchen,580.61,0,1,0.1433,1281.4,1,0
ORD_112128,CUST_4867,Electronics,822.81,1,1,0.1799,1864.6,2,1
ORD_114739,CUST_3537,Electronics,2192.19,0,1,0.2355,2373.9,1,0
ORD_112008,CUST_3486,Footwear,422.64,3,0,0.2468,289.1,1,0
ORD_104540,CUST_1987,Apparel,1169.37,1,0,0.1103,1701.5,1,0
ORD_110392,CUST_1024,Home & Kitchen,844.85,1,1,0.217,2738.2,2,1
ORD_107789,CUST_4028,Electronics,425.57,0,0,0.1065,1831.8,3,0
ORD_111087,CUST_2235,Home & Kitchen,860.92,0,0,0.6296,2487.6,6,0
ORD_104457,CUST_1282,Apparel,3428.63,0,1,0.3072,2047.2,1,0
ORD_111745,CUST_3734,Apparel,1737.74,0,0,0.2262,347.5,1,0
ORD_100811,CUST_2492,Apparel,1530.84,5,1,0.2485,471.5,3,0
ORD_103323,CUST_2681,Apparel,571.59,2,1,0.0829,3489.9,2,1
ORD_101140,CUST_1042,Electronics,1685.9,0,1,0.145,1828.2,1,0
ORD_107040,CUST_2445,Apparel,1402.07,2,1,0.2028,1119.6,1,0
ORD_100641,CUST_4506,Footwear,714.74,1,1,0.3173,1777.9,2,0
ORD_108446,CUST_4300,Footwear,1556.11,1,1,0.2094,2451.7,1,0
ORD_114448,CUST_1046,Apparel,2551.02,0,1,0.2024,869.0,3,0
ORD_109115,CUST_1115,Electronics,533.21,1,1,0.1759,3237.6,1,0
ORD_102217,CUST_4111,Apparel,914.47,2,1,0.1697,2895.8,1,0
ORD_114858,CUST_3046,Apparel,1409.13,0,0,0.3512,1593.1,2,0
ORD_114092,CUST_2046,Footwear,2330.48,2,0,0.2606,2195.6,1,0
ORD_113692,CUST_4229,Footwear,342.86,0,1,0.1475,2159.7,1,1
ORD_105083,CUST_1990,Electronics,935.18,0,1,0.0898,2509.6,3,1
ORD_112379,CUST_3100,Apparel,402.95,0,1,0.0876,2703.9,2,1
ORD_111973,CUST_3450,Footwear,1829.2,0,1,0.3161,1426.2,1,1
ORD_103524,CUST_2414,Electronics,1966.7,1,0,0.1564,1352.5,1,1
ORD_100241,CUST_3237,Footwear,1841.99,1,0,0.0462,916.2,3,0
ORD_105173,CUST_4374,Footwear,1077.64,0,1,0.0964,2313.2,1,0
ORD_107735,CUST_3891,Apparel,3587.49,2,1,0.1003,2000.7,3,1
ORD_110099,CUST_2008,Apparel,1265.46,7,1,0.1877,1758.9,12,1
ORD_107206,CUST_4924,Footwear,482.37,0,1,0.4781,1426.3,1,0
ORD_104620,CUST_2150,Apparel,2610.12,1,0,0.106,1077.7,1,0
ORD_100651,CUST_2773,Footwear,948.96,4,1,0.1481,175.6,1,0
ORD_111732,CUST_4631,Electronics,1481.09,0,1,0.1635,3352.6,1,0
ORD_104277,CUST_3257,Home & Kitchen,2298.01,3,0,0.4176,769.3,1,1
ORD_111350,CUST_1061,Apparel,1767.53,5,0,0.0346,529.7,1,0
ORD_112695,CUST_1292,Footwear,885.37,0,1,0.2039,3149.7,1,0
ORD_104215,CUST_1337,Footwear,1491.6,1,1,0.139,2920.3,3,0
ORD_103075,CUST_1987,Electronics,531.43,0,0,0.0711,801.1,1,0
ORD_105979,CUST_4554,Footwear,2396.72,0,0,0.1165,3302.0,1,0
ORD_111600,CUST_1138,Apparel,1551.11,2,1,0.0534,1288.4,1,0
ORD_101181,CUST_1523,Electronics,587.22,0,1,0.1041,2686.0,1,0
ORD_105208,CUST_4334,Apparel,385.17,2,1,0.3715,2867.1,1,0
ORD_102748,CUST_2390,Apparel,347.89,0,1,0.3678,1379.1,6,0
ORD_110016,CUST_2927,Apparel,1616.33,1,0,0.0322,2639.1,3,0
ORD_105754,CUST_2752,Apparel,965.28,1,1,0.0757,506.0,6,0
ORD_110938,CUST_4460,Footwear,1212.05,2,0,0.1871,1668.4,6,0
ORD_105132,CUST_2948,Apparel,1067.46,0,1,0.2351,1412.7,1,0
ORD_103702,CUST_4137,Footwear,592.06,0,0,0.3199,246.4,1,0
ORD_114535,CUST_2440,Electronics,2254.53,0,0,0.1963,2752.1,1,0
ORD_112932,CUST_3098,Footwear,700.37,1,0,0.1636,1628.6,1,0
ORD_101592,CUST_2934,Apparel,1810.01,1,1,0.2698,3347.0,1,0
ORD_102135,CUST_1225,Home & Kitchen,885.67,0,1,0.1617,551.5,3,1
ORD_101869,CUST_4067,Apparel,1612.6,0,1,0.1337,247.1,1,1
ORD_108169,CUST_2872,Home & Kitchen,448.52,3,1,0.3567,2770.8,3,0
ORD_107273,CUST_1209,Apparel,764.5,0,0,0.0781,3190.2,6,0
ORD_107728,CUST_3950,Electronics,587.22,0,1,0.0498,2738.8,3,0
ORD_100037,CUST_3904,Beauty,398.93,0,1,0.4032,1358.3,2,1
ORD_102290,CUST_1699,Electronics,865.16,0,0,0.0942,1222.5,1,1
ORD_112624,CUST_4184,Electronics,1140.72,0,1,0.2682,366.8,6,0
ORD_114136,CUST_4258,Electronics,998.79,3,1,0.0524,719.5,1,0
ORD_108036,CUST_1870,Apparel,1198.23,0,0,0.0394,489.9,1,0
ORD_107202,CUST_3463,Home & Kitchen,1889.97,2,1,0.2644,2947.4,1,0
ORD_106826,CUST_1941,Apparel,1095.35,5,0,0.2875,2775.7,1,1
ORD_109508,CUST_3630,Footwear,1045.43,0,0,0.1805,763.0,1,1
ORD_102701,CUST_1260,Home & Kitchen,546.03,0,0,0.0315,1028.7,12,0
ORD_114223,CUST_4468,Apparel,2298.89,0,1,0.327,2229.3,1,1
ORD_100829,CUST_1732,Electronics,1716.82,10,1,0.1533,423.3,1,0
ORD_112977,CUST_1197,Home & Kitchen,3112.71,0,0,0.4823,2724.3,1,0
ORD_112891,CUST_1476,Apparel,2950.4,1,1,0.1674,2914.8,1,1
ORD_101563,CUST_4056,Electronics,1057.01,1,1,0.0432,1069.9,2,1
ORD_103920,CUST_1581,Apparel,3308.67,2,0,0.1779,1176.7,1,0
ORD_100124,CUST_1791,Beauty,1173.32,7,1,0.2839,3068.2,12,1
ORD_104144,CUST_4087,Footwear,3260.63,0,0,0.2574,3324.7,1,0
ORD_110789,CUST_4932,Apparel,471.54,0,1,0.0499,337.9,12,1
ORD_105771,CUST_2401,Apparel,1866.22,0,0,0.1284,2378.1,1,0
ORD_112918,CUST_3296,Footwear,837.44,1,0,0.1156,2486.4,1,0
ORD_106414,CUST_1898,Footwear,964.75,5,1,0.1057,2460.5,1,0
ORD_107586,CUST_1791,Electronics,698.58,4,1,0.1033,461.7,1,0
ORD_100787,CUST_2635,Apparel,379.96,2,1,0.2779,3106.2,1,0
ORD_100621,CUST_2119,Home & Kitchen,691.06,0,1,0.5341,1205.3,2,0
ORD_101061,CUST_4419,Electronics,2366.86,1,1,0.1973,1340.2,3,0
ORD_110554,CUST_4271,Electronics,883.76,0,1,0.2463,1142.3,1,0
ORD_101080,CUST_1762,Apparel,743.05,0,1,0.4016,1901.0,1,1
ORD_101367,CUST_3306,Apparel,884.04,1,0,0.425,1029.6,1,0
ORD_104417,CUST_1819,Apparel,1171.2,0,0,0.0481,2421.4,1,0
ORD_100871,CUST_4323,Apparel,1016.02,0,0,0.135,1741.2,1,0
ORD_102550,CUST_2107,Apparel,2052.93,1,0,0.2173,524.5,1,0
ORD_111471,CUST_4935,Beauty,834.52,3,0,0.22,1303.3,1,0
ORD_113138,CUST_3212,Footwear,670.64,0,0,0.0523,2922.5,6,1
ORD_108215,CUST_4823,Electronics,1075.1,0,1,0.3363,3302.2,1,1
ORD_113809,CUST_2306,Apparel,2014.88,5,1,0.0553,3086.1,1,0
ORD_106884,CUST_3775,Footwear,2148.42,1,1,0.1554,1255.8,2,0
ORD_108568,CUST_3062,Footwear,1808.63,0,0,0.1846,2537.8,1,0
ORD_110840,CUST_4933,Apparel,600.29,1,1,0.3033,2011.7,1,0
ORD_104233,CUST_3940,Electronics,2700.47,0,1,0.3493,831.2,1,0
ORD_107171,CUST_2067,Footwear,665.24,0,1,0.0828,3478.9,1,0
ORD_106396,CUST_4164,Apparel,1439.65,3,1,0.0966,871.7,1,0
ORD_110674,CUST_4064,Home & Kitchen,1643.95,0,0,0.1681,150.1,1,0
ORD_102659,CUST_4623,Footwear,1797.57,0,0,0.1462,3357.5,1,0
ORD_112434,CUST_3711,Footwear,1046.5,1,1,0.3496,2665.8,1,1
ORD_100720,CUST_3546,Home & Kitchen,1110.01,0,1,0.2171,1202.4,3,0
ORD_107699,CUST_4308,Electronics,2168.91,2,1,0.3137,3076.2,6,0
ORD_109656,CUST_1566,Apparel,2562.87,0,1,0.0897,1231.3,1,1
ORD_103516,CUST_4897,Apparel,492.29,0,0,0.1487,1363.6,6,0
ORD_101730,CUST_4054,Apparel,932.44,0,0,0.1276,1804.7,1,1
ORD_102500,CUST_4731,Electronics,1057.87,0,0,0.2971,1674.6,3,1
ORD_112959,CUST_4217,Footwear,305.64,2,0,0.0518,1251.0,1,0
ORD_105904,CUST_4750,Apparel,2937.64,0,1,0.2242,545.2,1,0
ORD_111142,CUST_4049,Beauty,1548.99,2,0,0.156,3430.1,1,0
ORD_111850,CUST_1325,Beauty,543.5,0,0,0.1065,3292.1,1,0
ORD_108254,CUST_4957,Home & Kitchen,4474.01,0,0,0.0746,1182.9,1,0
ORD_100379,CUST_4170,Apparel,1303.9,0,1,0.0413,1965.8,6,0
ORD_111511,CUST_4287,Electronics,1780.05,0,0,0.0396,3031.0,1,1
ORD_107815,CUST_1227,Footwear,1245.28,5,1,0.1335,3188.8,1,0
ORD_103851,CUST_3028,Electronics,881.53,2,1,0.1618,2347.1,3,0
ORD_105665,CUST_1180,Electronics,3326.35,1,1,0.2479,3416.9,1,1
ORD_101899,CUST_2312,Electronics,2575.42,5,0,0.3794,418.1,2,1
ORD_105889,CUST_4140,Footwear,938.55,0,1,0.3181,3334.1,1,0
ORD_112507,CUST_2531,Apparel,1330.28,2,1,0.187,589.1,1,0
ORD_101028,CUST_3870,Electronics,487.67,1,1,0.1312,3035.6,6,1
ORD_113745,CUST_2725,Electronics,488.53,1,0,0.1672,284.8,2,0
ORD_101020,CUST_1688,Footwear,2966.81,1,1,0.0809,2182.8,1,0
ORD_104827,CUST_2845,Beauty,894.71,1,0,0.0829,618.2,6,0
ORD_100234,CUST_2354,Footwear,2144.55,1,0,0.4506,2568.6,1,1
ORD_106825,CUST_2167,Footwear,1943.37,5,1,0.1671,2000.7,1,0
ORD_111209,CUST_2635,Electronics,784.98,0,1,0.2508,208.3,1,0
ORD_108901,CUST_4841,Footwear,2259.32,1,1,0.2316,2185.5,1,0
ORD_109789,CUST_1191,Apparel,498.72,1,1,0.0795,956.5,1,0
ORD_107933,CUST_4792,Electronics,686.49,1,1,0.1269,2021.6,1,0
ORD_107336,CUST_3230,Home & Kitchen,861.76,0,1,0.1859,313.3,3,0
ORD_100448,CUST_4348,Apparel,414.47,0,1,0.3254,1597.6,1,0
ORD_113090,CUST_4201,Electronics,351.18,0,1,0.029,2514.3,1,0
ORD_108559,CUST_2356,Beauty,789.71,1,1,0.165,299.8,1,0
ORD_114118,CUST_4931,Apparel,965.34,0,0,0.1793,975.6,3,0
ORD_111722,CUST_1453,Electronics,333.8,1,0,0.1268,2110.3,2,0
ORD_110607,CUST_2219,Electronics,2763.6,0,1,0.3137,537.8,1,1
ORD_110466,CUST_3471,Apparel,1390.69,0,1,0.1729,637.0,6,0
ORD_114531,CUST_4876,Footwear,433.18,0,0,0.2175,2418.3,3,0
ORD_111492,CUST_2777,Electronics,460.69,1,1,0.0563,2092.3,3,1
ORD_114788,CUST_2042,Home & Kitchen,351.27,1,1,0.0707,2335.6,1,0
ORD_109470,CUST_2590,Footwear,592.55,1,0,0.0983,260.0,6,1
ORD_106206,CUST_3668,Apparel,2149.28,0,0,0.134,2087.1,1,0
ORD_101281,CUST_3739,Home & Kitchen,1030.89,3,0,0.1628,2076.1,1,0
ORD_103837,CUST_4471,Electronics,1896.31,2,0,0.0832,338.1,1,0
ORD_101170,CUST_2028,Footwear,2437.08,1,0,0.332,2345.0,1,0
ORD_114057,CUST_4311,Footwear,670.68,0,0,0.175,1427.2,6,0
ORD_112985,CUST_1603,Apparel,1240.1,0,1,0.1514,3035.0,1,1
ORD_111426,CUST_3013,Footwear,396.51,0,1,0.2222,3068.1,1,0
ORD_112704,CUST_3652,Apparel,616.81,0,1,0.3888,2073.4,2,1
ORD_104617,CUST_2236,Home & Kitchen,1742.05,1,1,0.0679,1345.5,1,1
ORD_113945,CUST_1364,Electronics,2167.68,0,0,0.2317,2975.4,2,0
ORD_101088,CUST_2252,Home & Kitchen,2652.84,0,0,0.5455,2457.3,1,0
ORD_114991,CUST_1209,Apparel,1585.13,2,1,0.1369,210.9,12,1
ORD_104861,CUST_2610,Apparel,1044.76,0,0,0.0952,2208.3,1,0
ORD_100238,CUST_4419,Electronics,4756.71,0,0,0.342,1263.2,1,0
ORD_112643,CUST_3275,Footwear,861.06,3,1,0.2669,1710.2,1,0
ORD_106589,CUST_2609,Apparel,724.09,1,1,0.0685,330.9,1,1
ORD_105734,CUST_1520,Apparel,4667.72,3,1,0.2278,2269.3,1,1
ORD_102514,CUST_3163,Apparel,608.36,2,0,0.1887,686.6,1,1
ORD_109229,CUST_1264,Apparel,1041.24,3,0,0.3375,592.8,1,0
ORD_111186,CUST_2663,Electronics,748.44,0,0,0.154,3022.4,6,0
ORD_106672,CUST_2994,Apparel,1698.11,1,0,0.1287,3003.2,1,0
ORD_106179,CUST_1874,Home & Kitchen,996.45,0,0,0.1138,3252.6,1,0
ORD_104188,CUST_2473,Apparel,1734.22,1,1,0.1133,400.2,1,0
ORD_104412,CUST_3606,Apparel,2382.74,3,0,0.1941,1182.3,12,0
ORD_102211,CUST_2711,Apparel,1375.21,0,1,0.129,2166.2,1,0
ORD_102007,CUST_2466,Footwear,751.29,0,0,0.1558,1104.4,1,0
ORD_113211,CUST_2840,Footwear,319.85,1,1,0.044,2519.9,1,1
ORD_110963,CUST_1887,Home & Kitchen,895.35,4,0,0.133,1680.8,1,0
ORD_110693,CUST_2443,Electronics,2293.69,0,1,0.0267,2590.6,2,0
ORD_107465,CUST_1677,Footwear,950.35,10,0,0.2768,1072.8,3,0
ORD_109559,CUST_1426,Footwear,578.22,0,1,0.1772,2708.0,2,0
ORD_107291,CUST_4358,Electronics,591.85,0,1,0.3843,2232.9,1,0
ORD_106791,CUST_1531,Apparel,492.18,0,1,0.2969,2744.0,1,0
ORD_105377,CUST_4758,Electronics,781.5,2,1,0.2479,2613.0,2,1
ORD_111188,CUST_4605,Apparel,327.14,2,0,0.356,1357.4,1,0
ORD_101700,CUST_1777,Home & Kitchen,317.59,0,0,0.2936,3254.2,1,0
ORD_106360,CUST_3064,Footwear,932.58,3,0,0.1502,1497.8,1,0
ORD_109917,CUST_3313,Electronics,2935.63,2,1,0.1382,3402.8,1,0
ORD_104902,CUST_2346,Home & Kitchen,2893.25,2,1,0.3732,2111.4,3,0
ORD_109973,CUST_4068,Apparel,1110.84,3,1,0.503,410.8,1,1
ORD_112634,CUST_1511,Apparel,788.49,2,0,0.024,1960.2,1,0
ORD_110926,CUST_4185,Apparel,503.14,1,0,0.1945,374.0,2,0
ORD_107412,CUST_3799,Apparel,2010.17,0,1,0.3677,478.4,1,1
ORD_114623,CUST_2644,Home & Kitchen,772.74,0,0,0.2768,1853.7,1,0
ORD_104869,CUST_3808,Electronics,1280.71,1,0,0.1686,1596.9,1,1
ORD_100402,CUST_1098,Apparel,1446.33,2,1,0.1014,1538.8,1,1
ORD_101248,CUST_2062,Electronics,650.11,1,0,0.3684,388.1,1,0
ORD_100353,CUST_2802,Electronics,679.87,2,1,0.3081,2983.0,1,0
ORD_102187,CUST_3785,Apparel,715.63,0,1,0.1434,1776.2,1,1
ORD_107293,CUST_2398,Footwear,2515.28,5,1,0.2563,1720.8,1,0
ORD_109615,CUST_2427,Home & Kitchen,1763.14,0,1,0.2223,2578.8,3,0
ORD_100117,CUST_3343,Apparel,3128.63,3,1,0.3933,3083.7,6,0
ORD_113068,CUST_3986,Apparel,701.15,5,0,0.3076,3170.8,6,1
ORD_101369,CUST_1901,Electronics,1160.48,0,1,0.0685,636.9,6,1
ORD_111038,CUST_2564,Footwear,2127.92,4,0,0.0931,168.3,3,0
ORD_106316,CUST_3805,Home & Kitchen,1750.82,4,1,0.1425,1572.0,1,0
ORD_113008,CUST_1809,Footwear,1052.0,5,1,0.1787,3176.9,1,1
ORD_100912,CUST_1133,Home & Kitchen,1208.52,0,0,0.3751,2403.1,1,0
ORD_109013,CUST_2755,Apparel,898.13,4,1,0.1273,2463.8,1,0
ORD_112080,CUST_3694,Electronics,896.53,3,1,0.0752,1297.8,1,1
ORD_108955,CUST_1787,Apparel,3069.99,0,0,0.3129,973.6,1,1
ORD_109618,CUST_1558,Home & Kitchen,1273.31,3,0,0.1087,940.5,2,0
ORD_101942,CUST_2636,Footwear,375.56,1,1,0.46,2688.0,1,1
ORD_111821,CUST_4350,Electronics,448.2,4,1,0.2226,1030.9,1,1
ORD_112966,CUST_2310,Apparel,1614.03,3,0,0.3182,382.9,1,1
ORD_101605,CUST_1574,Apparel,376.0,5,0,0.0611,3378.8,1,0
ORD_109918,CUST_4191,Apparel,4423.83,3,0,0.0833,1851.7,1,0
ORD_110140,CUST_3665,Home & Kitchen,4466.13,0,0,0.0588,2982.7,1,0
ORD_107510,CUST_4886,Apparel,2071.94,0,0,0.3751,2802.8,6,0
ORD_110944,CUST_4417,Footwear,302.32,4,0,0.1203,255.9,1,0
ORD_103973,CUST_3492,Electronics,1068.86,1,0,0.0932,234.9,3,0
ORD_105609,CUST_3374,Footwear,428.82,2,1,0.2191,2247.3,1,0
ORD_110135,CUST_3529,Apparel,2706.58,10,1,0.0193,2884.7,1,0
ORD_106531,CUST_3985,Apparel,372.85,7,1,0.0255,760.0,1,0
ORD_108489,CUST_3069,Beauty,863.29,2,1,0.0509,572.5,1,0
ORD_100298,CUST_2153,Beauty,2274.07,2,1,0.0051,2247.4,2,0
ORD_112141,CUST_4971,Home & Kitchen,670.72,0,0,0.0119,1435.6,1,0
ORD_112584,CUST_3268,Footwear,1355.61,0,0,0.2561,3463.9,3,0
ORD_110865,CUST_1348,Electronics,852.17,3,1,0.1375,3139.0,1,1
ORD_100748,CUST_3808,Apparel,362.41,5,1,0.1385,2335.2,1,1
ORD_108018,CUST_2458,Home & Kitchen,3650.01,3,0,0.4523,2967.6,2,1
ORD_106733,CUST_2781,Home & Kitchen,814.52,0,1,0.1544,1663.5,1,0
ORD_109223,CUST_2511,Apparel,551.02,7,0,0.2161,1863.8,1,1
ORD_101523,CUST_1793,Footwear,492.75,3,0,0.1884,1759.7,12,0
ORD_113532,CUST_4587,Footwear,881.01,0,0,0.4326,3433.0,2,0
ORD_111880,CUST_3850,Electronics,1954.34,0,1,0.2347,530.5,1,0
ORD_111106,CUST_2836,Home & Kitchen,355.52,0,1,0.2281,236.2,1,0
ORD_107515,CUST_1709,Apparel,2921.35,2,1,0.1119,500.9,2,0
ORD_108825,CUST_1152,Footwear,356.05,0,0,0.0945,322.3,6,0
ORD_111069,CUST_3053,Footwear,817.52,0,0,0.3598,3158.5,1,0
ORD_106483,CUST_3364,Apparel,3074.59,0,0,0.1081,1189.5,1,0
ORD_104887,CUST_4119,Home & Kitchen,658.32,2,0,0.0606,273.3,1,0
ORD_101163,CUST_1671,Home & Kitchen,398.85,0,1,0.1577,468.2,1,1
ORD_104176,CUST_3748,Electronics,581.6,5,1,0.1285,953.8,1,1
ORD_104778,CUST_3989,Apparel,1140.95,5,0,0.2168,1698.9,2,0
ORD_114550,CUST_2494,Footwear,1161.28,1,0,0.0493,3081.2,2,0
ORD_104478,CUST_1997,Apparel,1239.15,0,1,0.1241,2708.6,1,0
ORD_111916,CUST_3553,Apparel,1211.05,0,1,0.2197,424.2,6,0
ORD_103805,CUST_2206,Electronics,635.55,5,1,0.2464,263.2,1,1
ORD_111315,CUST_1460,Footwear,3479.48,2,1,0.1366,663.5,1,1
ORD_108850,CUST_3919,Apparel,749.32,2,1,0.2569,2210.7,1,1
ORD_111241,CUST_3003,Beauty,783.26,0,0,0.2317,2654.5,6,0
ORD_108949,CUST_1178,Electronics,697.88,4,1,0.1321,3272.7,3,0
ORD_113330,CUST_4529,Apparel,1000.42,1,1,0.0655,671.9,2,0
ORD_104811,CUST_1998,Home & Kitchen,1432.49,0,0,0.3198,166.7,1,1
ORD_111437,CUST_2352,Footwear,1090.99,1,1,0.1273,1481.6,12,1
ORD_105064,CUST_2228,Footwear,2845.72,0,0,0.1241,2821.9,1,0
ORD_103685,CUST_1448,Footwear,896.32,0,1,0.1572,3388.1,2,0
ORD_108363,CUST_2539,Home & Kitchen,614.25,0,1,0.2374,2154.1,1,0
ORD_113676,CUST_4640,Apparel,1913.92,1,1,0.099,3238.0,1,0
ORD_101078,CUST_4037,Apparel,742.5,1,0,0.2849,433.8,1,0
ORD_106892,CUST_4876,Apparel,882.15,10,1,0.1383,614.7,1,1
ORD_112620,CUST_2666,Home & Kitchen,562.33,0,0,0.0666,1580.8,1,1
ORD_113785,CUST_3191,Electronics,421.88,3,0,0.0865,724.5,3,0
ORD_109627,CUST_1996,Apparel,1318.29,0,1,0.1784,1469.1,6,1
ORD_104064,CUST_2277,Apparel,1054.82,2,0,0.1221,557.5,1,0
ORD_104448,CUST_4333,Apparel,1298.99,0,0,0.187,761.7,1,0
ORD_103611,CUST_2245,Electronics,2214.68,4,1,0.0402,2540.2,3,0
ORD_107757,CUST_3351,Apparel,2956.55,0,0,0.2086,3411.3,3,0
ORD_105839,CUST_4311,Beauty,1127.76,0,0,0.0049,2838.3,1,0
ORD_110817,CUST_3272,Home & Kitchen,1108.29,5,1,0.0804,1526.6,1,1
ORD_110124,CUST_2755,Apparel,724.37,7,1,0.1176,827.3,1,0
ORD_106567,CUST_1383,Apparel,2943.53,0,1,0.0062,2523.9,1,0
ORD_101694,CUST_4335,Apparel,354.05,0,1,0.3338,2000.5,1,1
ORD_107967,CUST_3077,Beauty,594.52,1,0,0.4265,2952.2,1,1
ORD_102846,CUST_2310,Footwear,2657.44,0,1,0.1245,2283.4,1,0
ORD_101164,CUST_2969,Apparel,2498.95,1,0,0.2174,2955.4,1,0
ORD_106854,CUST_2230,Apparel,734.44,0,1,0.3282,2385.8,1,0
ORD_103970,CUST_1852,Apparel,685.51,1,1,0.1374,2657.9,1,1
ORD_111373,CUST_1977,Apparel,3626.95,1,1,0.2911,3031.1,1,0
ORD_101366,CUST_3026,Footwear,863.47,4,1,0.1314,2714.8,1,1
ORD_107005,CUST_1047,Apparel,1349.14,0,1,0.3588,2421.8,1,1
ORD_107207,CUST_1423,Home & Kitchen,721.05,1,0,0.2954,249.3,1,0
ORD_109182,CUST_4280,Footwear,1197.88,0,1,0.1591,3448.9,3,0
ORD_108521,CUST_1479,Home & Kitchen,2759.03,3,1,0.1613,2540.5,12,1
ORD_105791,CUST_1560,Footwear,436.05,0,1,0.2848,219.1,1,1
ORD_103520,CUST_2674,Footwear,3350.15,2,0,0.0485,1050.1,2,1
ORD_101828,CUST_4217,Apparel,420.89,1,0,0.1712,301.6,2,0
ORD_110032,CUST_2273,Apparel,3452.85,5,1,0.2852,1276.5,1,1
ORD_105776,CUST_4664,Footwear,1033.1,2,1,0.1398,1590.5,1,0
ORD_112945,CUST_2977,Electronics,302.57,1,1,0.1228,640.4,1,0
ORD_113009,CUST_3180,Apparel,378.64,0,1,0.0775,486.4,1,0
ORD_110391,CUST_1693,Beauty,935.6,0,1,0.1066,2263.4,1,0
ORD_113863,CUST_2854,Footwear,2073.16,0,1,0.0912,3010.3,1,0
ORD_104210,CUST_2715,Electronics,1215.52,0,1,0.069,3394.3,6,0
ORD_108514,CUST_4733,Beauty,1406.75,2,1,0.1702,2337.2,1,0
ORD_105588,CUST_4063,Apparel,1070.85,1,1,0.1722,2339.1,1,1
ORD_102739,CUST_3020,Apparel,3450.28,0,0,0.3226,946.7,1,0
ORD_113231,CUST_4631,Apparel,2623.98,0,1,0.3062,511.4,3,0
ORD_100245,CUST_2306,Apparel,730.58,0,1,0.1367,3071.0,2,0
ORD_100688,CUST_2782,Footwear,623.38,4,0,0.1708,2678.9,6,0
ORD_100273,CUST_2520,Apparel,1219.93,0,0,0.2774,2442.0,2,0
ORD_108970,CUST_3745,Apparel,1550.47,1,1,0.0381,737.0,3,0
ORD_113601,CUST_2312,Apparel,3790.45,2,1,0.3697,689.9,1,1
ORD_104040,CUST_2901,Apparel,955.41,0,1,0.2688,2924.2,1,1
ORD_113323,CUST_1889,Footwear,3899.02,1,0,0.1254,285.5,1,0
ORD_107451,CUST_1551,Apparel,541.25,1,0,0.3446,1381.3,1,0
ORD_108365,CUST_1643,Home & Kitchen,1594.19,0,0,0.4343,2599.8,1,0
ORD_103258,CUST_4287,Beauty,637.57,2,0,0.0743,2750.2,6,0
ORD_103427,CUST_1172,Apparel,470.58,0,0,0.1588,2988.6,1,0
ORD_102647,CUST_3979,Apparel,1766.44,3,1,0.3328,727.8,1,0
ORD_107580,CUST_3284,Home & Kitchen,1044.63,0,0,0.1601,1274.1,2,0
ORD_104052,CUST_4994,Electronics,1351.41,7,1,0.0391,2390.2,1,0
ORD_106351,CUST_2456,Apparel,968.27,7,1,0.1032,1575.5,12,1
ORD_102547,CUST_2713,Footwear,4749.14,0,1,0.1124,518.3,1,0
ORD_103117,CUST_4747,Apparel,810.94,0,1,0.2844,579.6,1,0
ORD_104608,CUST_1267,Home & Kitchen,402.63,1,1,0.0358,2247.3,3,0
ORD_110774,CUST_3442,Electronics,640.16,0,1,0.1355,1250.8,6,0
ORD_104786,CUST_2522,Apparel,1585.07,2,1,0.1639,479.7,6,1
ORD_114960,CUST_2148,Apparel,598.65,4,0,0.406,1501.5,1,0
ORD_102814,CUST_2799,Apparel,2845.04,0,1,0.2126,1970.3,3,1
ORD_103047,CUST_1049,Footwear,478.53,0,1,0.0555,428.7,2,0
ORD_109216,CUST_4140,Electronics,3601.31,0,1,0.3042,321.2,2,0
ORD_102169,CUST_1892,Footwear,332.24,0,1,0.0904,3034.3,1,0
ORD_111453,CUST_3074,Electronics,926.6,0,1,0.2321,527.1,1,0
ORD_105420,CUST_2932,Apparel,1328.1,3,0,0.3794,3049.8,1,1
ORD_105471,CUST_1796,Home & Kitchen,4254.32,2,1,0.1081,2907.2,3,1
ORD_110514,CUST_3772,Apparel,781.65,2,0,0.1113,746.9,1,0
ORD_105890,CUST_3165,Beauty,1448.83,5,1,0.0405,3417.2,1,1
ORD_113715,CUST_4621,Home & Kitchen,1113.43,0,1,0.2132,831.8,1,0
ORD_102367,CUST_1886,Electronics,502.67,5,1,0.0684,3460.6,1,0
ORD_111117,CUST_3063,Electronics,1864.04,0,1,0.1386,3001.4,1,1
ORD_101323,CUST_1074,Footwear,1055.37,0,1,0.3792,221.8,1,1
ORD_108116,CUST_2268,Apparel,1886.33,1,0,0.1195,217.8,3,1
ORD_107663,CUST_4362,Footwear,2951.64,0,1,0.0733,2274.3,1,0
ORD_110087,CUST_1899,Apparel,496.47,1,0,0.1012,2316.7,1,1
ORD_102734,CUST_2307,Apparel,2338.62,7,0,0.3572,3242.7,1,0
ORD_105415,CUST_3493,Apparel,455.1,0,1,0.2696,2665.3,1,1
ORD_101151,CUST_2935,Apparel,4959.44,1,0,0.3058,2800.2,2,0
ORD_100122,CUST_1878,Apparel,310.92,0,0,0.399,686.0,1,0
ORD_100042,CUST_4753,Electronics,1362.28,0,1,0.3079,1976.4,3,0
ORD_107792,CUST_1089,Apparel,1244.92,4,0,0.0836,2923.2,6,0
ORD_103401,CUST_1509,Home & Kitchen,3572.17,4,1,0.4545,996.8,6,1
ORD_105605,CUST_1699,Apparel,1111.97,1,0,0.233,2247.9,6,0
ORD_114280,CUST_2578,Electronics,649.61,0,0,0.1078,982.8,1,0
ORD_101052,CUST_1684,Apparel,3011.59,0,0,0.3657,3402.5,1,0
ORD_100707,CUST_4648,Footwear,396.17,0,0,0.1061,2177.1,1,0
ORD_103589,CUST_4473,Apparel,1227.27,2,0,0.0092,2783.6,1,0
ORD_100783,CUST_1396,Beauty,643.19,0,0,0.0715,3172.4,1,0
ORD_105551,CUST_4746,Apparel,702.76,0,0,0.3548,3048.6,1,1
ORD_108076,CUST_1964,Beauty,1148.43,0,0,0.1097,2737.3,1,0
ORD_101035,CUST_2893,Footwear,1258.3,0,1,0.1916,1789.3,1,1
ORD_111772,CUST_4039,Footwear,2782.35,1,0,0.1786,2188.3,1,1
ORD_112770,CUST_4609,Footwear,1321.49,0,1,0.2868,669.6,1,1
ORD_104833,CUST_4829,Beauty,820.83,0,1,0.2125,957.3,6,0
ORD_110638,CUST_1073,Apparel,749.21,3,0,0.2829,1700.4,1,0
ORD_114501,CUST_2860,Apparel,973.76,0,1,0.2818,3316.0,2,1
ORD_112124,CUST_1674,Footwear,862.74,0,1,0.0521,3494.2,1,0
ORD_114920,CUST_3966,Electronics,1166.1,3,0,0.1744,195.3,1,0
ORD_108864,CUST_2514,Home & Kitchen,1443.6,0,1,0.1896,3038.6,1,0
ORD_114573,CUST_4520,Apparel,3449.09,0,0,0.0626,1540.9,3,0
ORD_103503,CUST_1086,Beauty,1398.6,0,1,0.0432,682.1,1,0
ORD_106009,CUST_1820,Beauty,2174.51,0,0,0.2322,441.2,3,0
ORD_111800,CUST_1145,Apparel,733.36,2,1,0.1403,2758.8,6,1
ORD_108549,CUST_1339,Beauty,763.87,3,0,0.1206,409.7,1,0
ORD_103692,CUST_4937,Beauty,398.29,0,0,0.259,500.4,1,0
ORD_100456,CUST_4067,Electronics,4547.0,2,1,0.3631,1674.7,12,0
ORD_109666,CUST_3349,Footwear,1689.33,0,0,0.0733,2940.2,1,0
ORD_101234,CUST_3410,Home & Kitchen,450.18,0,1,0.2911,2939.3,6,0
ORD_108294,CUST_4286,Beauty,1014.3,0,0,0.3171,3373.1,1,0
ORD_112139,CUST_3356,Beauty,1106.23,0,0,0.0362,1715.7,1,0
ORD_104105,CUST_3875,Electronics,348.47,0,1,0.2296,1791.7,1,0
ORD_102448,CUST_2875,Footwear,3342.87,0,0,0.0801,2622.1,1,0
ORD_110785,CUST_4672,Apparel,949.01,3,0,0.3615,1799.9,1,0
ORD_101133,CUST_3593,Footwear,1169.76,1,1,0.1303,2895.0,1,1
ORD_104669,CUST_3468,Home & Kitchen,549.62,3,1,0.3,403.0,3,0
ORD_112135,CUST_4719,Apparel,6479.75,0,0,0.1864,1713.1,1,1
ORD_110689,CUST_2164,Apparel,1835.93,0,0,0.2742,1902.1,1,0
ORD_104380,CUST_1493,Apparel,1044.32,0,0,0.2375,892.2,1,0
ORD_113191,CUST_2640,Footwear,2195.79,0,0,0.0562,2411.3,6,0
ORD_104088,CUST_4991,Apparel,519.11,0,1,0.1732,1936.6,3,0
ORD_111649,CUST_1282,Footwear,2141.24,4,1,0.1722,3111.3,1,0
ORD_107427,CUST_2982,Home & Kitchen,621.78,0,0,0.1659,158.2,1,0
ORD_104322,CUST_4398,Electronics,2698.75,5,1,0.1555,1197.7,1,0
ORD_108827,CUST_1507,Footwear,2199.76,0,0,0.2424,1840.3,1,0
ORD_101481,CUST_4512,Footwear,791.99,0,1,0.443,2970.4,1,1
ORD_113027,CUST_4475,Beauty,916.58,0,1,0.4439,1408.5,1,1
ORD_103992,CUST_4001,Apparel,307.84,0,1,0.1997,906.3,3,0
ORD_101077,CUST_1388,Home & Kitchen,481.82,3,1,0.2434,1533.0,1,0
ORD_103619,CUST_3196,Apparel,401.49,0,1,0.0944,538.9,1,1
ORD_109908,CUST_2469,Electronics,2033.3,0,1,0.2402,3014.9,1,1
ORD_112793,CUST_1192,Apparel,930.24,1,0,0.1595,2924.1,6,0
ORD_102546,CUST_4911,Apparel,1380.52,0,1,0.2167,560.4,3,1
ORD_102892,CUST_3772,Electronics,1409.1,0,0,0.2053,393.3,3,1
ORD_103838,CUST_1836,Footwear,1543.93,1,0,0.081,1651.5,3,0
ORD_109102,CUST_2722,Footwear,1898.52,0,1,0.1777,511.7,1,1
ORD_110265,CUST_3973,Electronics,2376.7,0,1,0.4258,2839.9,1,1
ORD_109620,CUST_4691,Electronics,535.96,0,1,0.2843,2168.3,1,0
ORD_102328,CUST_1473,Apparel,599.03,0,1,0.2086,2854.1,1,1
ORD_114221,CUST_4988,Apparel,646.33,0,0,0.0435,2923.3,1,0
ORD_102761,CUST_2043,Apparel,1396.05,2,1,0.1432,2709.3,1,0
ORD_103705,CUST_2036,Electronics,775.42,0,0,0.2317,499.7,1,0
ORD_110383,CUST_1126,Home & Kitchen,971.73,0,1,0.1956,1077.2,1,0
ORD_103352,CUST_1982,Apparel,1435.44,1,1,0.0638,3486.7,12,1
ORD_109250,CUST_4203,Apparel,1737.89,0,0,0.288,2752.2,1,0
ORD_111899,CUST_1258,Apparel,629.17,0,1,0.2002,428.8,1,1
ORD_110224,CUST_2469,Beauty,1082.11,0,1,0.4431,241.0,1,1
ORD_104621,CUST_1222,Footwear,408.72,0,0,0.2195,3397.6,6,0
ORD_105777,CUST_4489,Home & Kitchen,2774.14,2,0,0.4094,2103.2,1,1
ORD_107506,CUST_1406,Apparel,1469.84,2,0,0.1342,1672.2,1,0
ORD_109143,CUST_1386,Footwear,2380.04,0,1,0.0331,360.3,6,0
ORD_108624,CUST_4039,Footwear,1445.75,0,0,0.2165,2451.7,1,1
ORD_113765,CUST_4426,Footwear,535.17,1,1,0.1476,653.2,1,0
ORD_105062,CUST_3750,Electronics,3151.58,1,0,0.1064,1177.7,1,0
ORD_107258,CUST_2251,Home & Kitchen,3205.12,0,1,0.1528,774.6,3,0
ORD_103704,CUST_3159,Electronics,1232.4,0,0,0.2671,203.2,1,0
ORD_109858,CUST_4338,Apparel,1212.8,2,0,0.1232,2060.1,2,0
ORD_109081,CUST_3284,Footwear,2768.53,1,1,0.3683,1142.8,6,1
ORD_114620,CUST_4483,Apparel,1610.85,3,1,0.1125,1138.0,1,0
ORD_114778,CUST_2291,Apparel,807.94,1,0,0.0946,3484.3,1,0
ORD_104984,CUST_2313,Electronics,862.87,3,0,0.1665,1907.2,1,0
ORD_105191,CUST_1648,Electronics,3478.59,0,0,0.0297,2261.5,6,0
ORD_105590,CUST_2960,Beauty,1729.62,0,1,0.0124,2158.3,1,0
ORD_106339,CUST_2948,Apparel,1214.38,2,0,0.2064,2598.5,1,1
ORD_112292,CUST_3345,Apparel,3937.51,0,1,0.4038,2977.3,1,0
ORD_110324,CUST_4039,Footwear,3519.44,0,1,0.1891,2894.8,1,1
ORD_113165,CUST_2996,Beauty,331.15,0,0,0.2721,1919.4,3,0
ORD_107688,CUST_1124,Home & Kitchen,563.3,2,0,0.2177,875.8,1,0
ORD_107783,CUST_1016,Home & Kitchen,512.25,0,1,0.194,1292.1,1,1
ORD_112744,CUST_2894,Electronics,1544.21,1,1,0.3623,1119.2,1,0
ORD_110356,CUST_4367,Home & Kitchen,3586.83,4,0,0.4523,1389.9,2,0
ORD_100555,CUST_4769,Electronics,853.56,7,1,0.6009,1257.0,1,1
ORD_108462,CUST_1270,Footwear,418.53,0,0,0.0389,2457.0,1,0
ORD_111227,CUST_3608,Footwear,1243.9,0,1,0.2062,382.1,1,0
ORD_104694,CUST_1929,Footwear,484.85,1,1,0.1009,1580.6,3,0
ORD_111375,CUST_2645,Beauty,6228.79,0,1,0.3533,3387.1,6,0
ORD_113173,CUST_2490,Electronics,1877.25,1,0,0.3555,1312.2,3,0
ORD_102386,CUST_1988,Apparel,1290.6,2,1,0.1897,870.2,1,1
ORD_114691,CUST_4186,Footwear,1644.62,0,0,0.3151,644.8,1,0
ORD_105699,CUST_2849,Beauty,3537.87,0,0,0.0943,548.0,1,0
ORD_106913,CUST_4120,Beauty,2348.55,0,1,0.2939,514.6,1,1
ORD_112127,CUST_2065,Home & Kitchen,5498.58,3,0,0.3368,2064.3,1,0
ORD_100218,CUST_4314,Electronics,1681.33,1,1,0.3871,2420.1,1,1
ORD_110394,CUST_4588,Home & Kitchen,1077.49,4,0,0.1163,842.0,1,0
ORD_112798,CUST_1091,Electronics,667.41,0,1,0.2736,2562.6,3,1
ORD_103168,CUST_3334,Electronics,1399.01,2,0,0.211,220.9,1,0
ORD_101002,CUST_2028,Apparel,4873.62,4,1,0.1443,434.8,12,1
ORD_111812,CUST_4734,Beauty,930.08,1,1,0.0717,3417.4,1,0
ORD_106021,CUST_3461,Apparel,2419.53,5,1,0.0664,350.2,2,0
ORD_114701,CUST_1386,Home & Kitchen,1007.73,0,0,0.2754,1623.6,1,0
ORD_105445,CUST_1579,Electronics,698.52,0,1,0.2281,3024.3,2,0
ORD_109950,CUST_1737,Electronics,589.9,0,1,0.3525,2789.8,1,0
ORD_111036,CUST_2996,Apparel,1123.25,0,1,0.1105,3231.4,1,0
ORD_104153,CUST_4233,Home & Kitchen,5942.63,10,0,0.4942,2455.4,12,1
ORD_109571,CUST_3276,Beauty,754.4,7,1,0.4331,2383.0,3,0
ORD_108213,CUST_4881,Footwear,2022.29,0,0,0.0375,1264.8,1,0
ORD_106215,CUST_3187,Beauty,944.26,10,0,0.1463,2071.2,1,0
ORD_113550,CUST_4148,Apparel,1644.32,0,1,0.0854,1542.4,1,0
ORD_110630,CUST_1325,Footwear,2485.27,0,0,0.229,831.4,1,0
ORD_103406,CUST_3452,Electronics,1837.39,0,1,0.1534,376.4,1,1
ORD_100968,CUST_1868,Footwear,2010.47,1,0,0.355,3272.6,2,0
ORD_112017,CUST_2726,Apparel,556.94,5,0,0.1365,2167.1,1,0
ORD_111424,CUST_4764,Electronics,2170.44,3,1,0.5379,3225.2,6,1
ORD_110764,CUST_3488,Beauty,441.06,7,0,0.1625,2129.5,1,0
ORD_104138,CUST_3591,Electronics,1582.43,5,0,0.2891,1207.0,1,0
ORD_112916,CUST_3202,Apparel,722.6,1,1,0.0804,665.8,2,0
ORD_112063,CUST_4166,Footwear,3379.11,0,0,0.0903,735.3,3,0
ORD_105666,CUST_4901,Electronics,1530.95,0,1,0.0453,730.4,1,0
ORD_110189,CUST_2533,Apparel,2918.62,1,1,0.4151,3367.7,1,1
ORD_114287,CUST_1045,Beauty,2897.02,3,1,0.476,2116.9,3,0
ORD_101254,CUST_1125,Apparel,355.1,0,0,0.3139,1928.9,1,1
ORD_102932,CUST_1011,Footwear,656.78,0,0,0.3485,1652.6,1,0
ORD_104135,CUST_3413,Apparel,344.58,0,1,0.1588,2281.5,1,1
ORD_103969,CUST_2880,Footwear,2385.82,0,0,0.1629,3053.9,1,0
ORD_114822,CUST_2660,Footwear,1137.83,1,1,0.1067,2751.1,1,1
ORD_102159,CUST_3737,Apparel,2043.45,0,1,0.2286,1454.0,3,1
ORD_107215,CUST_1191,Home & Kitchen,2154.96,4,1,0.3737,1542.3,1,1
ORD_107607,CUST_1657,Electronics,641.2,0,1,0.3487,3405.2,2,1
ORD_100104,CUST_1201,Home & Kitchen,668.22,0,1,0.2571,2391.9,2,0
ORD_113549,CUST_4148,Apparel,2748.58,0,1,0.2212,1587.4,1,0
ORD_113280,CUST_4824,Apparel,4871.92,2,0,0.3182,1286.1,1,0
ORD_101452,CUST_3192,Apparel,815.46,0,0,0.029,430.8,1,1
ORD_107356,CUST_3341,Electronics,5412.52,0,1,0.0734,2922.3,1,0
ORD_103247,CUST_1243,Apparel,419.91,2,1,0.1031,2530.2,1,0
ORD_102183,CUST_4612,Footwear,1178.78,0,0,0.352,2690.9,1,1
ORD_102816,CUST_4423,Electronics,391.26,1,1,0.4855,2920.5,1,1
ORD_113228,CUST_2543,Home & Kitchen,307.44,0,0,0.2006,178.5,1,0
ORD_110949,CUST_2607,Apparel,351.99,1,1,0.0232,604.7,2,1
ORD_107571,CUST_2743,Apparel,1522.53,1,0,0.3548,1790.5,3,0
ORD_103193,CUST_1629,Electronics,1096.79,0,0,0.0966,2826.0,1,0
ORD_108891,CUST_4682,Apparel,726.31,0,1,0.1064,915.2,1,1
ORD_104889,CUST_4400,Apparel,1467.43,7,1,0.5385,3493.7,1,1
ORD_100044,CUST_4547,Apparel,1239.82,0,1,0.2087,1243.7,1,1
ORD_107592,CUST_2580,Apparel,628.7,5,0,0.1659,1778.7,6,1
ORD_114237,CUST_2832,Footwear,728.52,2,1,0.4823,835.5,1,1
ORD_103677,CUST_1361,Apparel,522.96,10,0,0.1009,2735.1,1,1
ORD_102610,CUST_1444,Electronics,693.54,1,0,0.16,3115.4,1,0
ORD_111169,CUST_2356,Electronics,433.94,0,1,0.2495,2244.1,3,0
ORD_110334,CUST_2151,Home & Kitchen,1022.01,0,0,0.0481,177.5,1,0
ORD_102982,CUST_2671,Footwear,768.2,1,1,0.1921,1059.7,3,0
ORD_113288,CUST_4440,Electronics,2593.09,0,1,0.1042,734.0,1,0
ORD_105900,CUST_3244,Beauty,1433.89,0,1,0.0714,2092.2,1,0
ORD_114769,CUST_3015,Electronics,772.06,0,0,0.2116,3058.6,1,0
ORD_107709,CUST_2337,Apparel,2382.47,0,0,0.0172,2663.0,3,0
ORD_101396,CUST_4888,Footwear,1492.78,1,0,0.0808,1620.5,12,0
ORD_107925,CUST_1340,Home & Kitchen,847.02,0,1,0.311,3002.1,1,1
ORD_105573,CUST_2900,Footwear,5738.61,7,1,0.0611,491.7,3,1
ORD_111071,CUST_1313,Home & Kitchen,569.48,7,0,0.1327,1150.8,1,0
ORD_104698,CUST_4275,Apparel,392.38,7,1,0.069,1636.7,2,0
ORD_103585,CUST_1521,Footwear,1594.97,0,0,0.5877,702.9,1,1
ORD_109245,CUST_4008,Electronics,1699.83,2,1,0.2777,3080.0,1,1
ORD_106967,CUST_3837,Apparel,749.8,1,0,0.1637,1501.2,1,0
ORD_102780,CUST_3289,Apparel,511.76,0,1,0.1748,3046.2,3,0
ORD_109442,CUST_3548,Apparel,2341.09,0,0,0.3465,3283.1,1,1
ORD_114168,CUST_2180,Footwear,758.71,0,0,0.1604,1059.3,3,0
ORD_104471,CUST_2455,Apparel,1274.14,2,1,0.0227,2151.1,1,0
ORD_100269,CUST_4304,Electronics,589.94,3,1,0.4203,2028.2,6,0
ORD_102436,CUST_1377,Apparel,363.97,0,1,0.2885,1453.0,2,0
ORD_101400,CUST_2969,Electronics,1956.54,0,1,0.2334,3097.1,1,1
ORD_101952,CUST_1011,Apparel,937.5,0,0,0.1883,1758.3,1,0
ORD_105937,CUST_2348,Electronics,394.47,0,1,0.1856,2683.8,1,0
ORD_107836,CUST_1783,Footwear,1172.21,0,0,0.0874,2656.4,2,0
ORD_101759,CUST_4695,Apparel,1369.24,1,1,0.1614,2309.8,1,0
ORD_101988,CUST_4853,Apparel,1130.79,0,1,0.1715,1684.7,3,0
ORD_112701,CUST_3686,Home & Kitchen,880.27,0,1,0.0484,836.7,1,0
ORD_113674,CUST_2344,Beauty,1464.34,3,1,0.4481,3439.2,3,1
ORD_104696,CUST_4699,Beauty,339.57,3,1,0.1778,3492.2,3,0
ORD_101679,CUST_3637,Apparel,645.0,0,1,0.1232,1854.1,12,0
ORD_113387,CUST_3755,Electronics,4144.72,0,1,0.3349,399.2,2,0
ORD_107489,CUST_4516,Apparel,2578.59,0,0,0.0296,697.1,1,0
ORD_112047,CUST_1845,Electronics,1706.79,1,0,0.2201,3203.9,2,0
ORD_107397,CUST_1191,Footwear,764.64,0,1,0.3406,1239.9,3,1
ORD_103307,CUST_4041,Apparel,1948.56,2,0,0.1714,1352.3,1,0
ORD_102660,CUST_3068,Footwear,1420.68,1,0,0.0899,2629.7,3,0
ORD_107603,CUST_4023,Home & Kitchen,1417.2,1,1,0.2361,1746.1,1,0
ORD_112095,CUST_3903,Beauty,877.79,0,1,0.1322,2683.8,1,0
ORD_107944,CUST_4863,Home & Kitchen,2882.3,2,0,0.264,1937.1,1,1
ORD_108458,CUST_2184,Footwear,905.73,0,1,0.3322,2639.6,6,0
ORD_107886,CUST_3696,Apparel,727.32,0,0,0.318,2530.3,1,0
ORD_114787,CUST_4553,Apparel,1523.29,0,1,0.1918,1656.6,1,1
ORD_107983,CUST_1553,Apparel,411.93,3,1,0.0445,1770.1,1,0
ORD_107546,CUST_3091,Apparel,1095.81,2,0,0.2677,2989.1,1,0
ORD_112365,CUST_1232,Apparel,2827.3,2,1,0.1333,1735.2,1,1
ORD_109333,CUST_4765,Home & Kitchen,641.29,0,1,0.4551,1921.2,1,1
ORD_112147,CUST_2377,Electronics,6570.85,1,0,0.2859,1902.5,2,1
ORD_109152,CUST_2724,Electronics,519.81,0,1,0.2197,3150.4,1,1
ORD_112592,CUST_3835,Footwear,1141.18,0,0,0.3288,2961.8,2,0
ORD_105382,CUST_2723,Home & Kitchen,767.36,1,0,0.4135,1057.4,2,0
ORD_113446,CUST_2728,Home & Kitchen,941.94,3,1,0.058,816.9,1,0
ORD_114716,CUST_1917,Footwear,2390.41,0,0,0.2332,2826.2,3,1
ORD_104991,CUST_2089,Apparel,568.48,2,1,0.2234,2824.4,1,1
ORD_102831,CUST_4216,Apparel,2297.33,0,1,0.1439,1262.6,1,0
ORD_106494,CUST_4439,Electronics,1270.62,2,1,0.0732,2011.7,6,1
ORD_113469,CUST_2297,Home & Kitchen,521.4,1,1,0.1794,3145.2,1,0
ORD_100910,CUST_1933,Footwear,3021.99,0,0,0.0241,2878.7,1,0
ORD_109020,CUST_3220,Electronics,390.5,0,1,0.1099,3432.2,12,0
ORD_114175,CUST_1394,Apparel,651.82,0,1,0.1548,357.6,3,0
ORD_101760,CUST_4452,Apparel,356.65,1,0,0.2988,1032.0,3,0
ORD_114470,CUST_1964,Home & Kitchen,2795.85,0,0,0.0346,683.3,1,0
ORD_107852,CUST_3581,Apparel,2069.74,0,1,0.0398,764.7,1,0
ORD_105897,CUST_4560,Home & Kitchen,2249.35,0,1,0.0254,210.0,2,0
ORD_108314,CUST_1272,Beauty,2292.85,1,1,0.0606,2471.3,1,1
ORD_107969,CUST_4749,Home & Kitchen,974.9,0,0,0.1058,240.1,1,0
ORD_107680,CUST_2553,Footwear,2366.83,1,1,0.029,1068.0,1,0
ORD_102027,CUST_1038,Apparel,956.36,0,1,0.0879,1333.1,1,0
ORD_106538,CUST_3575,Apparel,737.26,1,0,0.0379,1853.2,1,0
ORD_110011,CUST_3187,Home & Kitchen,2418.59,0,1,0.2103,2709.3,1,0
ORD_101058,CUST_1487,Footwear,3987.97,0,0,0.0528,3220.8,2,0
ORD_107344,CUST_4449,Apparel,972.21,0,0,0.1467,1030.3,6,0
ORD_107045,CUST_2474,Apparel,359.19,0,0,0.3189,2413.5,1,0
ORD_110077,CUST_3971,Apparel,427.94,0,0,0.0493,1547.5,2,0
ORD_112227,CUST_4218,Footwear,563.51,2,1,0.2063,2379.7,1,1
ORD_103810,CUST_2136,Home & Kitchen,1032.28,0,1,0.5994,247.1,1,0
ORD_103554,CUST_4632,Apparel,2558.74,0,1,0.0434,603.7,1,1
ORD_102973,CUST_4055,Home & Kitchen,2143.2,1,0,0.183,1781.7,1,1
ORD_109578,CUST_4031,Apparel,1909.55,1,1,0.0942,3223.0,6,0
ORD_102241,CUST_4642,Footwear,1042.26,2,0,0.1926,1862.1,1,1
ORD_112777,CUST_1358,Electronics,501.48,0,0,0.4799,3127.9,3,0
ORD_105858,CUST_1312,Footwear,1291.34,2,0,0.1267,2554.0,1,0
ORD_103580,CUST_2311,Home & Kitchen,1288.35,1,0,0.1286,1724.4,1,0
ORD_101128,CUST_3832,Footwear,1339.39,0,1,0.238,592.6,1,1
ORD_108330,CUST_2582,Footwear,3101.98,0,0,0.0593,426.1,1,0
ORD_105808,CUST_2937,Footwear,539.29,0,0,0.1503,1283.6,1,0
ORD_109771,CUST_4444,Footwear,2259.23,0,1,0.3815,2864.6,2,1
ORD_104645,CUST_3242,Electronics,795.19,1,1,0.2584,1879.3,1,1
ORD_107492,CUST_4580,Apparel,2954.48,0,1,0.0837,293.0,1,0
ORD_102905,CUST_1735,Electronics,1629.08,0,1,0.2571,2725.7,1,0
ORD_108466,CUST_4956,Footwear,1905.04,0,1,0.2391,1718.5,1,0
ORD_112102,CUST_2070,Apparel,887.75,0,1,0.3807,1259.9,1,1
ORD_103053,CUST_4273,Home & Kitchen,1496.03,0,1,0.1627,1656.5,1,0
ORD_110728,CUST_2548,Home & Kitchen,397.68,4,1,0.0559,2503.6,1,0
ORD_106243,CUST_3895,Apparel,1416.57,0,0,0.2572,3194.0,2,1
ORD_101701,CUST_2481,Apparel,1722.64,0,0,0.3113,1082.8,1,0
ORD_100031,CUST_2184,Home & Kitchen,641.82,1,0,0.088,1147.0,1,0
ORD_111075,CUST_1825,Apparel,8552.54,1,0,0.3408,3401.1,1,1
ORD_102404,CUST_4234,Electronics,1772.94,2,0,0.4249,1759.9,1,0
ORD_111442,CUST_2298,Apparel,492.21,2,1,0.095,1368.1,3,0
ORD_105851,CUST_1451,Apparel,773.85,0,1,0.0294,3222.2,1,0
ORD_113776,CUST_1388,Electronics,1928.15,3,0,0.0708,814.8,1,0
ORD_112337,CUST_3355,Home & Kitchen,2025.28,2,1,0.245,2544.5,1,0
ORD_100689,CUST_3305,Home & Kitchen,316.37,0,0,0.2343,2589.1,1,0
ORD_106503,CUST_3532,Apparel,3027.77,0,1,0.0922,407.3,1,0
ORD_103035,CUST_3425,Home & Kitchen,510.84,1,1,0.3411,1299.3,1,0
ORD_100429,CUST_4104,Footwear,2180.56,0,1,0.3353,1788.3,1,1
ORD_111371,CUST_1129,Apparel,1788.57,0,1,0.4732,1507.7,2,0
ORD_108979,CUST_2749,Apparel,373.83,0,1,0.2042,1697.9,1,1
ORD_103152,CUST_3817,Apparel,1063.62,0,0,0.0817,3248.3,3,1
ORD_112346,CUST_1404,Footwear,828.97,0,0,0.37,2065.4,1,0
ORD_102859,CUST_4232,Apparel,1515.14,0,1,0.1632,716.5,1,0
ORD_106947,CUST_2943,Footwear,879.86,0,1,0.1081,2191.9,1,0
ORD_100125,CUST_4993,Apparel,1686.02,0,1,0.0667,555.9,1,0
ORD_109659,CUST_4783,Apparel,2364.81,4,0,0.1685,3257.8,6,0
ORD_104227,CUST_3909,Home & Kitchen,1355.51,3,1,0.3381,2424.2,3,0
ORD_108004,CUST_4144,Apparel,4154.79,2,1,0.2082,2280.5,1,1
ORD_102207,CUST_1913,Electronics,434.28,0,1,0.1978,1141.2,3,1
ORD_108002,CUST_3059,Home & Kitchen,2143.26,0,1,0.0743,3337.3,3,0
ORD_103615,CUST_1779,Electronics,1759.36,0,0,0.0275,590.4,1,1
ORD_112537,CUST_3126,Footwear,6726.29,0,1,0.2795,2704.5,1,1
ORD_102967,CUST_1469,Apparel,3100.93,1,1,0.0273,853.7,1,0
ORD_111908,CUST_3860,Home & Kitchen,846.09,0,1,0.0631,1011.3,6,1
ORD_106057,CUST_2432,Apparel,712.44,0,1,0.2066,2205.5,1,1
ORD_108966,CUST_2129,Footwear,314.98,3,1,0.1612,3114.6,1,0
ORD_105478,CUST_1244,Apparel,431.05,0,0,0.1889,3203.7,6,0
ORD_110360,CUST_3194,Electronics,894.34,0,0,0.1366,3239.9,3,0
ORD_114784,CUST_1165,Home & Kitchen,2710.91,2,1,0.1599,2283.3,2,0
ORD_110770,CUST_3758,Apparel,2045.13,3,0,0.1796,2591.0,2,0
ORD_106458,CUST_1039,Apparel,2398.91,0,0,0.251,1143.2,1,0
ORD_109360,CUST_4229,Beauty,893.11,0,0,0.2911,2817.9,1,0
ORD_104398,CUST_1976,Apparel,1475.49,1,1,0.1762,173.1,6,1
ORD_112819,CUST_3704,Apparel,1009.36,0,1,0.4593,2743.5,1,0
ORD_102214,CUST_1972,Home & Kitchen,486.09,1,0,0.2781,1214.3,1,1
ORD_105604,CUST_2132,Electronics,822.2,3,1,0.1107,266.9,1,0
ORD_112691,CUST_4200,Footwear,2987.82,0,0,0.2817,603.2,2,0
ORD_109899,CUST_2445,Apparel,1116.17,0,0,0.4616,1453.6,1,0
ORD_110289,CUST_1206,Footwear,3564.2,0,1,0.161,2817.5,1,1
ORD_108973,CUST_4658,Apparel,453.81,0,0,0.2287,1067.6,3,1
ORD_104836,CUST_1475,Home & Kitchen,358.98,10,1,0.0999,1946.0,1,0
ORD_104858,CUST_4833,Electronics,3600.01,0,1,0.1536,652.3,1,0
ORD_106298,CUST_3985,Electronics,385.69,2,1,0.3076,2753.3,1,0
ORD_102363,CUST_3444,Apparel,1415.02,2,1,0.3712,3489.8,1,0
ORD_110385,CUST_2847,Beauty,968.41,0,1,0.1364,3374.8,1,0
ORD_102422,CUST_1519,Beauty,517.1,1,0,0.219,3451.3,1,0
ORD_111317,CUST_1886,Apparel,2093.58,1,0,0.2856,3169.4,1,1
ORD_113451,CUST_2890,Electronics,534.18,0,0,0.0685,2162.1,1,0
ORD_108927,CUST_1375,Electronics,3227.89,3,0,0.3854,182.9,1,0
ORD_105133,CUST_1928,Electronics,2055.28,1,1,0.0447,1294.1,1,0
ORD_100815,CUST_2167,Beauty,975.52,4,0,0.2392,1964.7,1,0
ORD_112880,CUST_1626,Apparel,1372.85,2,1,0.1139,3494.9,1,1
ORD_112255,CUST_4293,Electronics,1770.59,3,1,0.4173,2926.7,1,1
ORD_106428,CUST_3581,Electronics,1419.92,2,0,0.2036,408.7,3,0
ORD_108592,CUST_2517,Footwear,1252.3,4,1,0.1911,1724.5,1,1
ORD_109668,CUST_3959,Footwear,400.99,0,1,0.2903,2385.1,6,1
ORD_114682,CUST_4133,Electronics,688.21,3,0,0.1815,1855.6,1,1
ORD_112541,CUST_1395,Beauty,1513.09,3,1,0.3061,3196.6,6,0
ORD_113513,CUST_4075,Footwear,977.86,1,1,0.1253,2221.5,1,0
ORD_110436,CUST_2345,Apparel,735.76,0,1,0.0992,3196.8,1,0
ORD_100687,CUST_1335,Home & Kitchen,1302.87,0,0,0.1801,3379.8,1,0
ORD_109888,CUST_3283,Electronics,693.06,0,0,0.6159,1762.6,1,0
ORD_100050,CUST_3734,Beauty,720.74,0,1,0.2443,2755.1,1,0
ORD_107399,CUST_2913,Apparel,661.17,0,0,0.1146,1052.6,1,0
ORD_101895,CUST_1757,Apparel,996.94,3,0,0.3117,2136.5,1,0
ORD_100619,CUST_4822,Electronics,302.58,1,0,0.2291,1808.7,1,0
ORD_106727,CUST_1900,Apparel,1167.57,1,1,0.1669,1441.4,1,1
ORD_107433,CUST_4961,Electronics,550.57,0,1,0.1689,984.2,3,1
ORD_112356,CUST_1064,Apparel,2269.68,3,1,0.1555,2049.2,1,0
ORD_106006,CUST_2177,Home & Kitchen,1600.97,5,0,0.1595,1213.6,1,1
ORD_101353,CUST_3187,Electronics,533.0,0,1,0.2309,1990.8,1,0
ORD_114693,CUST_2672,Beauty,990.66,5,1,0.0671,2884.6,2,0
ORD_111759,CUST_2969,Apparel,1571.54,4,1,0.097,2219.8,1,1
ORD_110111,CUST_1615,Apparel,3167.77,0,0,0.103,1446.0,12,0
ORD_104294,CUST_3749,Footwear,1373.51,0,1,0.2656,2945.3,1,0
ORD_102532,CUST_1316,Beauty,874.26,2,1,0.3132,1447.6,1,0
ORD_101615,CUST_1417,Electronics,1144.28,0,0,0.1997,788.8,1,1
ORD_105012,CUST_3951,Electronics,1843.02,0,1,0.2238,178.0,2,1
ORD_113044,CUST_4863,Beauty,760.87,5,0,0.0729,177.5,2,0
ORD_106547,CUST_2629,Footwear,818.2,5,1,0.3787,2640.9,3,1
ORD_112899,CUST_2875,Electronics,718.06,1,1,0.5704,844.2,1,1
ORD_110746,CUST_3164,Apparel,686.98,0,0,0.1105,2353.6,1,0
ORD_114712,CUST_4092,Apparel,1269.3,0,0,0.0989,2652.4,2,0
ORD_101381,CUST_2619,Apparel,375.55,1,0,0.1132,1234.1,1,0
ORD_113275,CUST_1332,Electronics,2107.25,0,0,0.1952,461.6,12,1
ORD_111070,CUST_1636,Apparel,735.51,0,1,0.073,456.7,1,0
ORD_101925,CUST_1938,Apparel,2832.39,0,1,0.514,2613.6,1,1
ORD_102524,CUST_1142,Apparel,1338.59,5,0,0.2163,482.2,1,1
ORD_110180,CUST_4681,Footwear,608.09,0,0,0.1971,2234.8,1,0
ORD_110226,CUST_1918,Footwear,1595.03,2,0,0.2254,1693.6,1,1
ORD_109764,CUST_1277,Home & Kitchen,909.62,1,0,0.1769,3270.7,1,0
ORD_106268,CUST_2308,Apparel,1282.15,2,1,0.4389,550.9,1,0
ORD_112801,CUST_3496,Apparel,444.66,0,1,0.2445,224.2,1,0
ORD_109002,CUST_4590,Beauty,554.73,1,1,0.1207,731.5,2,0
ORD_112309,CUST_3989,Home & Kitchen,1339.16,0,1,0.4283,2519.1,1,0
ORD_104546,CUST_1173,Home & Kitchen,352.4,1,0,0.0741,1655.9,1,0
ORD_114402,CUST_3426,Home & Kitchen,777.03,2,1,0.2797,1657.8,1,0
ORD_100329,CUST_3511,Apparel,3433.55,0,0,0.5175,475.0,1,1
ORD_113689,CUST_3916,Home & Kitchen,1371.71,3,1,0.292,326.6,6,1
ORD_106307,CUST_1673,Footwear,2327.77,1,1,0.2475,2055.2,1,0
ORD_114969,CUST_3116,Apparel,3569.37,3,1,0.242,304.8,2,1
ORD_109978,CUST_3135,Apparel,1810.85,2,1,0.2535,1337.4,6,0
ORD_107881,CUST_4036,Beauty,950.55,0,1,0.1773,2603.8,1,0
ORD_111497,CUST_4788,Footwear,1089.57,5,0,0.4836,2691.1,6,0
ORD_114853,CUST_2169,Electronics,809.91,1,0,0.1106,1697.1,1,0
ORD_109099,CUST_2507,Beauty,547.48,0,1,0.058,1401.6,6,0
ORD_103634,CUST_1597,Footwear,5297.87,0,1,0.3357,2283.8,1,1
ORD_111473,CUST_2095,Electronics,519.74,0,1,0.3896,3423.6,3,0
ORD_109547,CUST_4286,Apparel,1136.55,0,1,0.3384,1957.1,1,0
ORD_114600,CUST_2694,Electronics,1340.85,2,1,0.1883,1086.3,1,1
ORD_112429,CUST_2356,Home & Kitchen,1901.97,1,1,0.2725,1709.1,1,1
ORD_113626,CUST_1939,Apparel,4311.46,0,0,0.152,437.2,2,0
ORD_114212,CUST_1225,Beauty,4327.81,0,0,0.1458,2252.8,1,0
ORD_113545,CUST_4346,Electronics,341.92,0,0,0.3235,1538.4,2,0
ORD_114767,CUST_2663,Apparel,973.24,0,1,0.18,3480.2,1,0
ORD_104956,CUST_4972,Electronics,1197.62,0,0,0.3334,541.5,1,0
ORD_103382,CUST_4761,Home & Kitchen,1039.62,0,1,0.2949,1311.3,1,1
ORD_104831,CUST_3293,Home & Kitchen,2353.19,0,0,0.3589,2890.4,6,0
ORD_101950,CUST_2520,Apparel,3624.17,0,1,0.1473,1535.4,1,0
ORD_109345,CUST_1610,Apparel,2128.78,0,1,0.0769,2480.4,1,0
ORD_111604,CUST_1028,Electronics,1986.89,0,0,0.0382,2016.9,1,0
ORD_103936,CUST_4590,Apparel,397.53,0,1,0.2131,1182.4,1,1
ORD_101363,CUST_4582,Apparel,827.96,5,1,0.117,2207.7,1,0
ORD_104622,CUST_3968,Beauty,436.71,1,0,0.5822,2183.6,1,1
ORD_110131,CUST_1283,Apparel,809.75,2,1,0.2884,1951.7,3,0
ORD_106434,CUST_3339,Apparel,555.33,1,0,0.1388,573.2,1,1
ORD_104929,CUST_4618,Home & Kitchen,1726.02,1,1,0.3504,3221.2,2,0
ORD_101166,CUST_3681,Apparel,765.32,0,1,0.0532,297.6,1,0
ORD_107168,CUST_2717,Footwear,1120.22,0,0,0.1383,3151.0,6,0
ORD_111496,CUST_4215,Apparel,517.55,1,1,0.2527,1798.2,2,0
ORD_113395,CUST_2202,Apparel,1405.71,0,0,0.1428,483.9,1,0
ORD_112953,CUST_4722,Electronics,616.51,3,0,0.1384,165.6,6,1
ORD_108390,CUST_2179,Apparel,876.75,1,1,0.1929,2075.2,3,0
ORD_113597,CUST_4050,Apparel,2773.34,4,0,0.0749,2422.0,2,0
ORD_104193,CUST_3772,Footwear,563.78,1,0,0.0955,1591.8,1,0
ORD_112989,CUST_2080,Footwear,878.66,0,1,0.1182,1250.8,1,0
ORD_100743,CUST_4447,Apparel,388.64,0,1,0.3939,2877.1,1,1
ORD_110393,CUST_1155,Beauty,526.21,0,1,0.1127,825.3,1,0
ORD_104232,CUST_1723,Beauty,2409.3,4,0,0.0683,1696.2,2,0
ORD_101880,CUST_4850,Electronics,2454.24,5,1,0.2201,1198.7,2,1
ORD_109510,CUST_1225,Apparel,834.48,3,1,0.1189,3057.9,1,1
ORD_114612,CUST_2576,Apparel,867.1,0,0,0.082,2372.9,1,0
ORD_100551,CUST_2982,Footwear,397.8,0,0,0.2342,3361.0,1,0
ORD_111808,CUST_4298,Beauty,800.18,5,1,0.2496,695.9,3,0
ORD_112565,CUST_2881,Home & Kitchen,1586.99,2,1,0.0143,2582.7,1,0
ORD_106647,CUST_2675,Home & Kitchen,840.55,5,0,0.144,1607.6,1,0
ORD_114083,CUST_2222,Footwear,895.03,1,0,0.2449,1692.8,1,0
ORD_105888,CUST_3893,Apparel,2464.13,1,0,0.0981,2482.3,1,0
ORD_108677,CUST_1704,Beauty,2873.36,1,0,0.2757,956.0,1,0
ORD_104684,CUST_2502,Electronics,353.49,3,1,0.088,3225.8,6,0
ORD_100612,CUST_4464,Beauty,2687.72,0,1,0.5865,371.0,6,1
ORD_108436,CUST_1018,Home & Kitchen,398.87,0,1,0.4257,3020.5,1,1
ORD_100048,CUST_1189,Apparel,809.08,2,1,0.1103,411.5,1,0
ORD_110697,CUST_2872,Beauty,4423.36,1,1,0.1399,1786.8,1,0
ORD_110510,CUST_2388,Apparel,598.49,3,0,0.25,1606.4,2,0
ORD_106954,CUST_4216,Apparel,2077.61,3,1,0.1176,440.2,1,0
ORD_100589,CUST_3983,Footwear,561.39,4,1,0.0548,1099.6,1,0
ORD_102890,CUST_1454,Beauty,849.22,1,1,0.1622,3195.7,1,1
ORD_108093,CUST_2734,Apparel,1640.07,1,0,0.0669,510.1,1,1
ORD_103553,CUST_1962,Electronics,1300.8,0,1,0.5127,2190.4,2,1
ORD_110725,CUST_3740,Electronics,943.8,0,1,0.3692,3366.9,3,1
ORD_111536,CUST_1454,Footwear,1894.35,2,1,0.0412,2671.2,1,0
ORD_113392,CUST_1144,Apparel,1273.17,0,0,0.3248,390.6,12,0
ORD_111966,CUST_4870,Electronics,3755.72,2,0,0.2578,1788.1,2,1
ORD_102564,CUST_1894,Footwear,519.73,0,1,0.1906,2462.8,1,0
ORD_104126,CUST_1612,Beauty,2785.67,0,1,0.2637,3030.2,3,0
ORD_103392,CUST_3202,Apparel,1473.24,10,1,0.2604,2594.1,1,1
ORD_107268,CUST_2719,Apparel,487.29,0,0,0.2345,1964.4,1,0
ORD_105247,CUST_4209,Footwear,591.13,0,0,0.3489,1957.8,1,0
ORD_113123,CUST_1645,Home & Kitchen,481.95,2,1,0.2049,1883.1,1,1
ORD_113894,CUST_1548,Electronics,1934.62,0,1,0.6602,2569.4,2,1
ORD_100924,CUST_1202,Home & Kitchen,686.86,3,0,0.0644,761.4,6,0
ORD_103172,CUST_1207,Footwear,643.06,0,1,0.0607,1745.1,1,0
ORD_114294,CUST_4219,Beauty,1211.74,1,1,0.0456,2744.6,1,1
ORD_104372,CUST_2085,Apparel,1405.17,3,0,0.2192,963.6,1,0
ORD_107027,CUST_1269,Footwear,3076.75,4,0,0.2337,603.4,1,0
ORD_109501,CUST_4644,Home & Kitchen,1830.37,2,0,0.2227,2671.3,1,0
ORD_111303,CUST_3149,Home & Kitchen,663.24,1,0,0.1387,1858.2,1,0
ORD_113169,CUST_3753,Apparel,5997.11,1,1,0.139,556.8,1,1
ORD_104482,CUST_2213,Footwear,901.69,2,1,0.4448,611.1,1,1
ORD_111073,CUST_1564,Electronics,656.1,2,0,0.2454,1236.5,2,0
ORD_101743,CUST_2523,Footwear,2259.84,0,0,0.0597,2882.2,1,0
ORD_109421,CUST_2229,Apparel,507.43,0,1,0.1281,2341.1,1,0
ORD_101205,CUST_3851,Apparel,2738.76,0,1,0.0837,1611.7,1,0
ORD_104528,CUST_1583,Home & Kitchen,3328.09,0,1,0.1843,1610.1,6,0
ORD_103033,CUST_1009,Apparel,413.93,0,0,0.0595,2613.6,1,0
ORD_114665,CUST_2062,Electronics,1577.39,2,1,0.1663,1355.3,1,0
ORD_106914,CUST_4491,Home & Kitchen,800.45,0,1,0.0931,2062.5,1,0
ORD_100846,CUST_3217,Footwear,419.86,1,1,0.3254,3314.5,1,0
ORD_110297,CUST_4057,Apparel,1333.68,0,0,0.1124,978.5,1,1
ORD_102558,CUST_1207,Home & Kitchen,1509.28,0,1,0.0775,3234.7,1,0
ORD_104027,CUST_1610,Electronics,949.41,3,1,0.2016,2503.1,12,0
ORD_106001,CUST_3305,Apparel,528.73,0,0,0.0589,2147.7,1,0
ORD_103571,CUST_2882,Home & Kitchen,918.07,0,1,0.2645,2107.5,6,0
ORD_105783,CUST_1581,Apparel,923.47,0,0,0.1494,280.5,6,0
ORD_106899,CUST_3103,Footwear,1365.11,0,0,0.2306,1128.6,1,0
ORD_113232,CUST_4668,Electronics,647.45,0,0,0.0805,362.6,1,0
ORD_103756,CUST_1940,Home & Kitchen,2813.24,0,1,0.2997,498.2,1,1
ORD_108648,CUST_1849,Apparel,850.14,0,1,0.3605,835.3,6,1
ORD_103790,CUST_2099,Apparel,718.66,0,1,0.2548,2948.6,1,0
ORD_108724,CUST_2462,Footwear,4030.15,0,1,0.1818,3152.9,1,0
ORD_107032,CUST_2574,Footwear,1900.49,0,1,0.1194,1385.8,1,0
ORD_104919,CUST_3953,Footwear,2510.12,0,0,0.2718,3058.9,1,0
ORD_106148,CUST_3900,Footwear,1296.69,0,0,0.1076,3056.5,1,0
ORD_107693,CUST_2279,Electronics,953.57,1,0,0.0584,2561.2,1,0
ORD_100419,CUST_2300,Apparel,1761.63,7,1,0.1241,1439.2,1,0
ORD_102687,CUST_3278,Footwear,1892.25,2,1,0.0549,3172.3,1,0
ORD_103215,CUST_3785,Footwear,1930.52,0,1,0.246,3207.4,6,1
ORD_111744,CUST_1696,Home & Kitchen,741.41,0,0,0.2296,1323.4,12,0
ORD_107905,CUST_2857,Electronics,4424.22,0,0,0.118,1999.0,1,0
ORD_112765,CUST_4368,Electronics,597.8,1,1,0.1943,2129.9,6,1
ORD_100471,CUST_4444,Apparel,1422.1,1,0,0.1993,2174.5,1,0
ORD_112268,CUST_4829,Apparel,927.78,0,0,0.0534,2707.4,1,0
ORD_104424,CUST_2811,Beauty,610.49,0,1,0.228,241.3,2,0
ORD_103889,CUST_2851,Footwear,941.43,2,1,0.1428,2735.0,1,1
ORD_111336,CUST_4709,Apparel,2400.9,0,1,0.443,2941.4,1,0
ORD_113122,CUST_2736,Footwear,1400.07,1,1,0.1694,2934.7,1,0
ORD_114422,CUST_4026,Apparel,754.65,0,1,0.1666,853.5,6,1
ORD_109262,CUST_4510,Electronics,832.6,2,1,0.0543,1731.7,1,0
ORD_109398,CUST_2077,Apparel,911.85,0,1,0.165,3395.7,2,1
ORD_114988,CUST_1621,Home & Kitchen,427.97,0,0,0.2303,3399.7,6,0
ORD_109968,CUST_4297,Apparel,768.14,0,1,0.2957,1854.1,1,0
ORD_113984,CUST_1381,Apparel,2077.99,0,0,0.192,2912.5,2,0
ORD_103657,CUST_4754,Electronics,2334.36,0,0,0.0384,1615.0,6,0
ORD_114840,CUST_1386,Apparel,1154.73,3,0,0.1647,1517.5,1,1
ORD_104665,CUST_4739,Electronics,3349.15,1,1,0.0897,2162.2,1,0
ORD_113747,CUST_3653,Home & Kitchen,315.9,1,1,0.2552,2358.2,1,0
ORD_105796,CUST_3230,Footwear,1032.78,0,1,0.1216,2292.7,1,0
ORD_109254,CUST_4354,Apparel,589.99,2,1,0.3064,1298.4,1,0
ORD_100875,CUST_3923,Footwear,515.13,0,1,0.0462,462.3,1,0
ORD_110958,CUST_1258,Electronics,1148.3,3,1,0.0863,2402.3,1,1
ORD_102070,CUST_2771,Apparel,1531.29,0,0,0.1656,2040.5,1,0
ORD_113588,CUST_1595,Apparel,542.8,0,1,0.1447,2553.6,1,0
ORD_104080,CUST_4986,Beauty,2016.56,0,1,0.0814,832.5,1,0
ORD_109287,CUST_2102,Electronics,1080.81,2,0,0.292,2430.7,1,0
ORD_113607,CUST_2278,Beauty,1368.41,2,0,0.5941,2708.0,1,1
ORD_112235,CUST_2417,Footwear,1658.7,1,1,0.1937,686.7,1,1
ORD_102429,CUST_3434,Footwear,1347.04,0,0,0.1021,2731.7,1,0
ORD_106796,CUST_4255,Footwear,1117.85,1,0,0.1887,2704.1,1,1
ORD_100370,CUST_2327,Home & Kitchen,913.27,4,1,0.0532,861.9,1,1
ORD_105492,CUST_3880,Footwear,761.64,3,1,0.0786,1936.9,1,1
ORD_100746,CUST_4348,Apparel,2260.0,0,1,0.2493,2144.2,1,0
ORD_107906,CUST_1186,Apparel,3478.43,4,1,0.1958,2989.3,1,1
ORD_113415,CUST_1680,Footwear,390.34,3,0,0.2801,2816.5,1,0
ORD_107339,CUST_2269,Electronics,429.1,0,0,0.2295,2122.4,1,0
ORD_108396,CUST_4834,Home & Kitchen,1248.48,2,1,0.1712,387.9,3,0
ORD_108272,CUST_4892,Beauty,1131.81,3,0,0.4608,2754.6,1,0
ORD_106130,CUST_1493,Apparel,6408.19,0,1,0.0946,2914.7,2,0
ORD_104865,CUST_1398,Apparel,1187.67,1,1,0.3479,2113.1,3,0
ORD_103096,CUST_3684,Apparel,2850.99,1,0,0.1545,1103.2,1,1
ORD_109402,CUST_4035,Footwear,2544.9,2,1,0.3479,2018.1,1,1
ORD_101891,CUST_1097,Home & Kitchen,602.13,0,0,0.2388,3026.2,3,0
ORD_107739,CUST_3101,Footwear,2257.27,1,0,0.2799,1996.5,1,1
ORD_108872,CUST_1273,Apparel,3061.49,1,0,0.1885,944.5,1,0
ORD_103187,CUST_4613,Beauty,497.36,5,1,0.0273,2905.6,2,0
ORD_107464,CUST_1021,Electronics,769.97,0,0,0.1082,3082.2,1,0
ORD_102375,CUST_1973,Footwear,689.44,0,0,0.5495,959.2,1,0
ORD_114714,CUST_4672,Footwear,313.77,1,0,0.2693,2745.8,1,0
ORD_106929,CUST_4447,Electronics,1435.37,1,0,0.3306,1196.9,1,0
ORD_103306,CUST_3964,Apparel,4143.6,0,0,0.3769,1410.9,1,1
ORD_112881,CUST_4390,Apparel,2218.74,3,0,0.1546,3237.5,2,0
ORD_113923,CUST_3720,Home & Kitchen,959.73,3,1,0.0528,2323.9,1,0
ORD_114288,CUST_2193,Footwear,1900.43,0,1,0.0496,2094.6,3,1
ORD_113583,CUST_3311,Footwear,1723.18,0,0,0.1018,918.7,1,0
ORD_104885,CUST_1364,Beauty,2553.47,0,1,0.1198,1810.3,1,0
ORD_105167,CUST_2327,Apparel,1707.58,5,1,0.1339,2828.6,1,0
ORD_110756,CUST_4308,Electronics,1674.87,1,0,0.23,1618.9,2,0
ORD_106659,CUST_1350,Beauty,852.3,0,0,0.0871,1838.4,3,0
ORD_100842,CUST_2542,Footwear,1068.06,3,0,0.0733,2772.0,1,1
ORD_103113,CUST_1035,Apparel,1125.41,0,1,0.2356,3247.5,6,1
ORD_105140,CUST_3222,Footwear,1651.31,0,1,0.1383,2036.0,1,1
ORD_101948,CUST_4640,Electronics,1089.07,4,0,0.4237,506.2,2,0
ORD_101751,CUST_3001,Home & Kitchen,586.74,0,0,0.1097,413.8,1,0
ORD_110024,CUST_4084,Footwear,1972.65,1,0,0.4239,3378.2,1,1
ORD_102411,CUST_2294,Apparel,1223.85,2,1,0.0678,1699.8,1,0
ORD_114514,CUST_3633,Apparel,928.16,2,1,0.3028,1062.5,12,1
ORD_107263,CUST_2209,Apparel,1333.95,3,1,0.4438,2703.5,2,1
ORD_101768,CUST_3862,Beauty,993.69,3,1,0.2223,2159.8,1,0
ORD_111929,CUST_4981,Footwear,1665.88,0,1,0.2106,1157.8,1,0
ORD_111338,CUST_1541,Apparel,2666.04,2,1,0.1763,2417.1,2,0
ORD_110483,CUST_4217,Electronics,1108.05,0,0,0.058,1883.9,1,0
ORD_110980,CUST_3823,Electronics,848.63,0,0,0.1341,2813.2,1,0
ORD_114230,CUST_1409,Apparel,802.24,1,1,0.1416,1343.2,1,1
ORD_105714,CUST_4811,Apparel,2850.43,3,1,0.2468,3375.3,1,1
ORD_113811,CUST_3402,Apparel,432.51,10,1,0.0461,2818.8,1,0
ORD_102664,CUST_1793,Apparel,872.82,4,1,0.4559,2074.1,1,1
ORD_111771,CUST_3303,Apparel,1493.02,0,1,0.0206,467.5,1,0
ORD_110117,CUST_3347,Apparel,3937.58,1,0,0.3545,3426.3,1,1
ORD_105577,CUST_2289,Apparel,673.94,3,1,0.1261,3403.7,2,0
ORD_111687,CUST_3470,Footwear,946.97,1,0,0.0597,2897.7,1,0
ORD_108890,CUST_1142,Beauty,4001.05,0,0,0.3562,1739.2,1,0
ORD_109474,CUST_1598,Beauty,2620.62,1,1,0.2502,2452.9,3,0
ORD_104725,CUST_2850,Apparel,531.64,0,0,0.3718,280.9,1,1
ORD_114672,CUST_2811,Apparel,841.51,2,1,0.0285,925.2,12,1
ORD_106641,CUST_1892,Apparel,1149.28,5,0,0.0966,3338.2,3,0
ORD_108082,CUST_4814,Apparel,4034.55,3,0,0.1278,1050.8,1,1
ORD_101048,CUST_3504,Footwear,907.13,0,0,0.1873,1875.0,1,0
ORD_111143,CUST_3225,Apparel,1541.22,0,1,0.1465,3020.0,1,1
ORD_105486,CUST_1007,Apparel,2453.06,2,0,0.4736,2045.6,1,1
ORD_108519,CUST_2577,Apparel,2583.67,1,1,0.1446,1869.3,2,1
ORD_114277,CUST_3963,Apparel,2102.65,0,0,0.0838,1875.4,1,0
ORD_102534,CUST_1634,Apparel,647.86,5,1,0.1497,3218.5,2,0
ORD_112243,CUST_2482,Footwear,1200.01,0,0,0.1007,1048.3,1,0
ORD_100579,CUST_2126,Beauty,326.0,0,0,0.4799,1376.9,2,0
ORD_110703,CUST_1065,Apparel,538.89,4,0,0.3853,1586.6,1,0
ORD_100096,CUST_4843,Apparel,2626.42,0,1,0.1047,3439.9,1,1
ORD_113491,CUST_2259,Electronics,904.26,1,1,0.0123,2215.9,1,0
ORD_106397,CUST_1504,Electronics,826.99,3,1,0.1914,860.6,1,0
ORD_111503,CUST_3469,Apparel,1362.4,0,0,0.0989,2269.2,1,0
ORD_100554,CUST_4736,Home & Kitchen,1127.32,0,0,0.0949,2004.2,1,0
ORD_101864,CUST_1701,Apparel,422.73,3,1,0.1654,2774.3,1,0
ORD_109288,CUST_3705,Footwear,1900.01,0,0,0.2187,2626.2,1,0
ORD_101990,CUST_1628,Electronics,848.91,7,0,0.4554,1834.7,1,1
ORD_113681,CUST_4654,Home & Kitchen,497.14,1,0,0.4251,649.2,1,0
ORD_114870,CUST_4231,Electronics,4644.25,2,0,0.0414,1914.5,2,0
ORD_111803,CUST_4161,Apparel,600.54,0,1,0.1786,2513.9,1,1
ORD_104862,CUST_4488,Apparel,1819.06,0,0,0.0819,1435.1,1,0
ORD_102015,CUST_3667,Home & Kitchen,437.52,2,1,0.1928,791.8,1,0
ORD_101112,CUST_4552,Home & Kitchen,515.07,0,1,0.1195,2425.0,1,0
ORD_114199,CUST_1804,Home & Kitchen,610.7,0,0,0.0867,3165.4,3,0
ORD_104196,CUST_1981,Home & Kitchen,359.13,0,1,0.3981,193.8,1,0
ORD_102194,CUST_4332,Apparel,411.7,0,0,0.4835,1433.6,12,1
ORD_110166,CUST_4666,Beauty,3002.82,3,0,0.1791,2447.7,1,1
ORD_101445,CUST_3469,Home & Kitchen,1389.36,0,1,0.0706,1156.4,1,0
ORD_111429,CUST_1254,Apparel,1377.4,2,0,0.0489,2332.8,3,0
ORD_113726,CUST_4790,Apparel,494.34,0,0,0.1831,2616.7,3,0
ORD_113383,CUST_4516,Footwear,1533.59,0,0,0.1281,600.7,1,0
ORD_106120,CUST_3434,Beauty,354.62,0,0,0.3413,248.2,6,1
ORD_113705,CUST_3516,Electronics,465.05,1,0,0.1256,3428.6,6,1
ORD_103031,CUST_1520,Apparel,789.62,2,1,0.1936,1116.4,1,0
ORD_109605,CUST_2105,Home & Kitchen,1678.83,0,1,0.3937,2321.3,1,1
ORD_109362,CUST_3449,Footwear,382.17,0,0,0.1759,1287.1,1,0
ORD_107576,CUST_1428,Electronics,2684.92,2,0,0.1535,3192.7,6,0
ORD_105826,CUST_4922,Apparel,606.07,2,0,0.2196,2842.1,1,1
ORD_100595,CUST_2129,Electronics,2215.54,4,1,0.1949,734.5,1,0
ORD_107163,CUST_3973,Footwear,1032.0,0,1,0.2137,593.9,3,0
ORD_114348,CUST_2845,Footwear,846.37,3,1,0.2234,1855.4,3,1
ORD_106468,CUST_4550,Electronics,498.96,3,1,0.0478,2308.8,1,0
ORD_106145,CUST_2873,Footwear,1333.19,0,0,0.1301,2553.0,2,0
ORD_106425,CUST_1193,Apparel,1310.57,0,1,0.3259,3419.9,2,0
ORD_104579,CUST_1104,Electronics,348.53,3,1,0.2537,2828.2,1,0
ORD_109498,CUST_2926,Footwear,2761.0,0,1,0.4191,2469.3,1,0
ORD_101897,CUST_3116,Apparel,3056.15,0,1,0.2274,1780.7,1,1
ORD_104530,CUST_4004,Footwear,1370.88,1,0,0.4095,2286.0,6,1
ORD_101927,CUST_3089,Home & Kitchen,1024.15,1,1,0.2528,3062.2,6,0
ORD_105957,CUST_1207,Home & Kitchen,2475.72,1,1,0.089,2574.8,6,0
ORD_111130,CUST_1114,Apparel,1640.36,5,1,0.0586,2654.8,1,0
ORD_109103,CUST_1382,Footwear,694.52,5,0,0.0629,2044.5,1,0
ORD_111228,CUST_1100,Home & Kitchen,734.9,2,0,0.115,3275.1,12,0
ORD_111301,CUST_1873,Apparel,2818.59,0,0,0.0398,1016.3,3,0
ORD_110279,CUST_2492,Beauty,1456.6,1,1,0.1308,2166.8,1,0
ORD_110154,CUST_2223,Apparel,1142.7,0,0,0.0132,1007.7,6,0
ORD_106166,CUST_4937,Footwear,1653.55,0,1,0.0867,2569.4,1,0
ORD_113558,CUST_3764,Electronics,876.86,0,1,0.1694,3186.6,1,0
ORD_107033,CUST_2095,Apparel,478.41,0,1,0.2684,1677.9,1,1
ORD_109706,CUST_4836,Footwear,1700.58,2,1,0.2029,3269.2,1,0
ORD_110196,CUST_4932,Electronics,547.63,1,1,0.3163,1058.1,1,0
ORD_100925,CUST_3811,Apparel,2741.27,5,1,0.0653,740.8,1,1
ORD_107520,CUST_2411,Apparel,3017.66,2,0,0.2378,2724.7,6,0
ORD_102419,CUST_2680,Electronics,3104.96,0,1,0.0515,2573.1,1,0
ORD_114880,CUST_4647,Footwear,937.46,0,0,0.1345,476.3,3,0
ORD_105355,CUST_4270,Apparel,311.27,2,1,0.2594,3377.2,6,0
ORD_101957,CUST_2799,Apparel,1126.01,2,1,0.2375,2600.4,1,0
ORD_107055,CUST_3469,Electronics,472.03,2,0,0.1451,209.5,1,0
ORD_102455,CUST_3773,Footwear,1620.56,2,0,0.2958,1188.2,1,0
ORD_107298,CUST_3849,Footwear,455.28,0,0,0.1873,1459.0,1,1
ORD_112478,CUST_3094,Footwear,1960.93,0,0,0.3917,1242.4,1,1
ORD_109211,CUST_1861,Apparel,1085.74,3,1,0.2063,3196.1,1,0
ORD_109164,CUST_3381,Home & Kitchen,2997.31,1,0,0.1992,1138.9,1,0
ORD_107159,CUST_1564,Home & Kitchen,731.1,0,1,0.4253,3266.0,6,0
ORD_103274,CUST_3978,Apparel,530.09,1,1,0.1555,820.1,1,0
ORD_107779,CUST_3059,Apparel,1178.73,1,1,0.4478,2062.9,1,1
ORD_108367,CUST_1501,Electronics,1964.91,0,0,0.0324,2578.0,6,0
ORD_104127,CUST_3975,Apparel,4090.02,1,0,0.1944,2107.4,3,0
ORD_101826,CUST_1074,Footwear,4060.47,0,1,0.2013,1030.0,1,0
ORD_104892,CUST_3988,Beauty,1188.39,1,1,0.0678,1888.5,3,0
ORD_112745,CUST_3243,Footwear,1125.37,3,0,0.284,1757.1,3,0
ORD_110851,CUST_3597,Electronics,1778.1,2,1,0.2097,507.0,1,1
ORD_113356,CUST_4629,Apparel,620.29,5,0,0.3135,2235.8,1,1
ORD_102233,CUST_2285,Beauty,446.16,0,0,0.3055,164.2,6,0
ORD_100339,CUST_2534,Electronics,981.24,0,0,0.2625,771.8,1,0
ORD_100532,CUST_3950,Apparel,488.19,3,1,0.1983,1704.7,12,0
ORD_102628,CUST_2387,Beauty,1446.7,0,0,0.2405,1376.6,1,0
ORD_105930,CUST_2597,Apparel,1322.61,1,1,0.3339,1415.8,1,1
ORD_106933,CUST_1030,Home & Kitchen,1155.84,2,0,0.0291,1323.3,1,0
ORD_114552,CUST_4304,Footwear,1603.58,1,0,0.0471,3111.9,2,0
ORD_114690,CUST_3690,Home & Kitchen,428.27,0,1,0.1801,2688.7,1,0
ORD_113145,CUST_4399,Footwear,1305.27,1,1,0.2015,2331.5,1,0
ORD_113312,CUST_4550,Electronics,3133.15,2,1,0.2542,567.9,1,1
ORD_112997,CUST_4688,Apparel,728.59,1,0,0.253,2732.4,2,1
ORD_100010,CUST_1466,Apparel,508.04,2,0,0.1059,1222.6,6,0
ORD_111003,CUST_4342,Electronics,457.67,0,0,0.3841,1132.9,12,0
ORD_113502,CUST_4748,Apparel,1885.14,0,1,0.0888,2881.2,6,0
ORD_113067,CUST_2308,Beauty,2752.96,5,0,0.0445,226.9,1,0
ORD_100950,CUST_3831,Apparel,1024.38,2,1,0.0354,1715.8,3,0
ORD_110034,CUST_4659,Home & Kitchen,650.56,0,1,0.1884,1966.5,1,0
ORD_110312,CUST_4371,Apparel,1190.28,1,0,0.0578,1858.5,1,0
ORD_107193,CUST_4113,Footwear,468.33,0,0,0.2486,3304.8,6,1
ORD_112802,CUST_2356,Home & Kitchen,485.0,0,1,0.1209,1676.9,2,0
ORD_114939,CUST_3608,Apparel,667.28,0,1,0.1561,2592.5,1,0
ORD_112166,CUST_2485,Electronics,928.39,7,0,0.0535,1062.2,2,1
ORD_104157,CUST_2529,Apparel,897.37,1,0,0.419,878.9,3,0
ORD_107504,CUST_3617,Home & Kitchen,529.75,0,0,0.1839,548.6,1,0
ORD_100278,CUST_4878,Electronics,589.3,0,1,0.1137,1397.6,1,0
ORD_103972,CUST_2931,Footwear,1636.83,0,0,0.145,1323.3,1,0
ORD_100458,CUST_1815,Footwear,540.81,0,0,0.5807,1187.2,1,0
ORD_108720,CUST_1684,Apparel,520.98,2,1,0.1882,3473.4,1,1
ORD_102716,CUST_3639,Apparel,844.59,3,1,0.1866,1818.9,1,1
ORD_114751,CUST_3354,Apparel,1282.94,0,0,0.2178,243.8,1,1
ORD_111182,CUST_2849,Apparel,785.83,0,0,0.2202,1233.4,1,1
ORD_104985,CUST_3092,Electronics,469.04,0,0,0.097,355.3,1,0
ORD_104363,CUST_4708,Footwear,587.08,3,1,0.3827,580.4,1,1
ORD_111890,CUST_2306,Apparel,4140.95,4,0,0.2831,1140.7,1,0
ORD_106798,CUST_2117,Beauty,2487.34,0,0,0.3077,2197.1,1,0
ORD_104623,CUST_4350,Electronics,1527.04,1,0,0.0934,820.5,1,0
ORD_103839,CUST_2528,Apparel,4557.6,0,1,0.217,1771.6,1,0
ORD_104854,CUST_1863,Apparel,4008.68,4,0,0.2054,350.6,1,0
ORD_104479,CUST_3096,Apparel,2866.45,0,1,0.6265,702.3,1,0
ORD_106869,CUST_4421,Electronics,1242.99,0,1,0.3784,2813.3,1,0
ORD_103550,CUST_4009,Apparel,1552.33,1,0,0.2418,1031.6,6,0
ORD_104108,CUST_4339,Home & Kitchen,753.37,0,0,0.2546,723.4,1,0
ORD_111355,CUST_4762,Apparel,310.67,3,0,0.0871,1812.1,1,0
ORD_113246,CUST_3686,Beauty,1130.23,3,0,0.1214,1590.1,2,0
ORD_108807,CUST_1770,Electronics,483.07,4,0,0.2207,290.0,6,0
ORD_105576,CUST_4926,Apparel,589.16,0,0,0.1839,698.7,2,0
ORD_110917,CUST_1969,Beauty,1302.31,2,1,0.1257,1439.6,1,0
ORD_100545,CUST_2166,Home & Kitchen,597.72,2,0,0.0466,3381.8,3,0
ORD_105286,CUST_2444,Apparel,1063.42,0,1,0.1145,1131.1,1,0
ORD_114878,CUST_1656,Apparel,718.69,0,1,0.3828,2710.4,1,1
ORD_111423,CUST_1277,Apparel,1378.78,2,1,0.075,179.7,12,0
ORD_104255,CUST_1441,Apparel,343.07,0,1,0.4362,1359.7,1,0
ORD_103147,CUST_1341,Footwear,1234.99,0,0,0.1741,3394.7,1,0
ORD_108742,CUST_2181,Electronics,325.31,0,1,0.1439,1493.5,1,0
ORD_108855,CUST_4964,Apparel,3955.81,1,1,0.0928,1954.9,2,1
ORD_101520,CUST_3802,Electronics,366.47,0,1,0.3785,2509.3,2,0
ORD_107455,CUST_4904,Apparel,740.82,5,0,0.1169,2828.8,1,0
ORD_113917,CUST_2835,Home & Kitchen,736.86,5,0,0.1219,1828.3,1,0
ORD_105278,CUST_4573,Beauty,1341.17,0,1,0.0363,3462.0,1,0
ORD_110602,CUST_3510,Beauty,1130.45,0,0,0.166,2999.8,1,0
ORD_107606,CUST_4301,Footwear,2347.77,2,1,0.1074,1948.6,1,1
ORD_113803,CUST_2206,Apparel,762.95,1,0,0.0401,941.4,1,0
ORD_109208,CUST_1596,Beauty,377.99,3,1,0.0682,1662.6,1,0
ORD_109698,CUST_1537,Footwear,628.53,1,0,0.0604,2084.4,3,1
ORD_105763,CUST_4854,Electronics,2509.01,0,1,0.2659,3384.3,3,0
ORD_105624,CUST_4975,Footwear,784.21,3,0,0.0998,2580.3,1,0
ORD_113254,CUST_1276,Electronics,1538.06,1,0,0.4136,991.1,2,0
ORD_110677,CUST_1687,Electronics,2669.13,0,1,0.3743,2029.7,3,1
ORD_111215,CUST_2308,Footwear,2422.37,0,1,0.498,634.6,1,1
ORD_104719,CUST_1362,Apparel,3735.59,0,1,0.338,1438.0,1,1
ORD_103564,CUST_1189,Apparel,345.57,5,0,0.3161,847.6,1,1
ORD_108179,CUST_3178,Footwear,579.23,0,0,0.4058,2408.8,1,0
ORD_113434,CUST_3503,Electronics,1538.93,0,1,0.3334,1569.4,3,1
ORD_102344,CUST_1028,Beauty,1585.52,2,1,0.1142,3026.4,1,0
ORD_104823,CUST_4162,Apparel,483.2,0,0,0.2102,586.4,12,0
ORD_105567,CUST_3371,Electronics,5383.39,3,0,0.0747,957.0,1,0
ORD_108535,CUST_1028,Footwear,449.39,1,0,0.3907,201.5,6,1
ORD_106755,CUST_4414,Home & Kitchen,3579.61,3,1,0.1174,2949.8,12,0
ORD_100657,CUST_3265,Footwear,4039.11,0,0,0.1524,277.5,1,0
ORD_107636,CUST_1607,Apparel,342.67,5,1,0.2247,1899.5,2,1
ORD_113494,CUST_1227,Apparel,5224.09,1,0,0.2199,1132.4,1,0
ORD_110169,CUST_3569,Footwear,1772.17,4,1,0.1163,1884.0,1,1
ORD_107220,CUST_2968,Apparel,1396.91,7,1,0.3827,2425.8,1,1
ORD_103890,CUST_4435,Apparel,1133.13,4,1,0.1253,1767.9,1,1
ORD_110793,CUST_2075,Home & Kitchen,2543.93,0,1,0.255,333.3,1,0
ORD_113343,CUST_3959,Electronics,763.59,0,1,0.1712,1811.0,1,0
ORD_106178,CUST_4644,Apparel,1563.45,0,1,0.1962,1430.3,3,0
ORD_112163,CUST_2894,Electronics,744.03,1,1,0.075,2894.7,1,0
ORD_106878,CUST_3617,Footwear,2055.58,3,0,0.17,3434.3,3,1
ORD_107100,CUST_3979,Footwear,1208.5,1,1,0.3402,850.4,1,1
ORD_107639,CUST_2225,Apparel,738.45,2,1,0.0419,3119.9,1,0
ORD_113195,CUST_3600,Electronics,799.63,0,1,0.2732,2402.6,1,0
ORD_109613,CUST_4409,Home & Kitchen,1174.56,5,1,0.2159,2285.4,1,0
ORD_109346,CUST_1573,Home & Kitchen,364.06,0,1,0.1175,3103.7,1,1
ORD_112438,CUST_3188,Apparel,1443.2,1,0,0.1888,1333.7,1,0
ORD_106765,CUST_1832,Home & Kitchen,1608.16,0,0,0.225,1295.5,6,0
ORD_110171,CUST_2013,Home & Kitchen,344.13,2,1,0.0961,2808.0,1,1
ORD_105297,CUST_4709,Electronics,2406.63,0,1,0.3901,1781.9,1,0
ORD_102193,CUST_2560,Footwear,2398.01,0,1,0.1537,635.7,1,1
ORD_102583,CUST_4638,Electronics,715.06,2,1,0.2103,3308.3,1,1
ORD_108277,CUST_1600,Home & Kitchen,788.1,0,1,0.2367,3290.0,1,0
ORD_100836,CUST_4145,Apparel,527.14,1,1,0.1165,915.3,1,1
ORD_102581,CUST_3169,Apparel,1394.08,1,1,0.1141,3437.8,6,1
ORD_112894,CUST_3855,Apparel,380.22,4,1,0.1097,807.6,1,0
ORD_113706,CUST_4471,Electronics,464.77,0,0,0.1743,783.9,2,0
ORD_100255,CUST_1648,Apparel,3656.62,0,1,0.3847,2545.6,1,1
ORD_102526,CUST_1105,Apparel,1194.97,1,1,0.0888,1266.4,1,0
ORD_105119,CUST_3188,Footwear,1530.48,2,1,0.3428,1721.6,3,1
ORD_101039,CUST_4044,Electronics,603.56,0,0,0.0948,952.1,6,0
ORD_104084,CUST_3551,Electronics,2754.72,3,1,0.7457,569.9,1,1
ORD_110765,CUST_3785,Apparel,2205.77,2,1,0.2412,180.7,1,0
ORD_101200,CUST_3878,Footwear,1679.52,0,0,0.2237,2552.1,1,0
ORD_104890,CUST_2863,Electronics,952.89,0,0,0.2282,1842.5,1,0
ORD_104512,CUST_2574,Electronics,725.44,10,1,0.1106,3272.8,1,0
ORD_106800,CUST_4020,Apparel,639.74,1,1,0.366,2520.3,6,0
ORD_108899,CUST_2681,Home & Kitchen,1035.52,0,1,0.1928,2858.3,1,0
ORD_107724,CUST_2620,Home & Kitchen,308.34,0,1,0.1954,3331.8,1,0
ORD_110964,CUST_1207,Footwear,554.77,1,0,0.2268,3194.8,6,1
ORD_106734,CUST_2136,Electronics,387.94,5,0,0.3112,1998.6,6,1
ORD_109275,CUST_3060,Beauty,2304.6,2,1,0.1834,3430.8,6,1
ORD_103434,CUST_3442,Apparel,936.46,0,0,0.3034,2524.3,1,1
ORD_109910,CUST_4461,Footwear,3256.58,0,1,0.3494,1801.0,1,1
ORD_109551,CUST_3494,Apparel,670.78,2,0,0.1663,1170.8,2,1
ORD_112182,CUST_4806,Electronics,3755.42,0,1,0.3735,1244.1,3,1
ORD_109953,CUST_1231,Footwear,772.07,3,1,0.2873,578.6,1,1
ORD_101063,CUST_4143,Footwear,689.4,0,1,0.1552,693.0,1,0
ORD_111208,CUST_2044,Footwear,507.86,0,0,0.1759,2245.9,1,0
ORD_104853,CUST_3867,Electronics,1410.57,7,0,0.2986,468.1,1,1
ORD_102783,CUST_4882,Footwear,534.77,0,1,0.1953,3411.8,1,0
ORD_111657,CUST_2563,Beauty,1476.31,0,1,0.1681,2537.5,3,0
ORD_102788,CUST_2208,Footwear,418.49,0,1,0.1464,3226.6,1,1
ORD_108149,CUST_2878,Electronics,3837.09,1,1,0.07,2252.7,1,0
ORD_105313,CUST_1224,Footwear,1326.84,1,0,0.0311,690.0,1,0
ORD_109502,CUST_3317,Beauty,1472.85,2,0,0.0289,2877.3,1,0
ORD_108538,CUST_4589,Apparel,931.8,0,1,0.2515,1254.6,1,0
ORD_104367,CUST_4198,Apparel,1983.11,4,0,0.1308,2431.7,6,0
ORD_112364,CUST_1368,Electronics,995.39,0,0,0.1453,1330.0,1,0
ORD_114068,CUST_2137,Apparel,564.36,0,1,0.2325,1812.0,1,1
ORD_110250,CUST_4799,Footwear,1308.03,0,1,0.0806,2990.2,1,0
ORD_103988,CUST_4644,Electronics,2957.7,0,1,0.1959,2937.0,1,0
ORD_105942,CUST_4153,Footwear,1208.18,1,1,0.038,3496.2,3,0
ORD_103495,CUST_3987,Electronics,1718.63,0,0,0.249,671.4,1,0
ORD_109269,CUST_2622,Beauty,822.14,0,1,0.2739,1259.3,1,0
ORD_105557,CUST_3765,Beauty,417.42,1,1,0.3673,1145.0,1,0
ORD_104641,CUST_4435,Beauty,2191.13,0,0,0.1438,1866.8,1,0
ORD_103148,CUST_4909,Apparel,597.59,0,1,0.1879,1530.8,1,0
ORD_113052,CUST_2773,Beauty,798.93,0,1,0.0749,2364.5,2,0
ORD_109237,CUST_2462,Footwear,538.4,2,1,0.0696,1604.7,1,0
ORD_100475,CUST_2768,Beauty,971.34,1,1,0.0958,3302.3,12,0
ORD_108333,CUST_4317,Apparel,410.27,2,1,0.0711,862.3,3,0
ORD_104320,CUST_1979,Beauty,647.52,1,1,0.1093,871.6,3,0
ORD_107725,CUST_3452,Apparel,431.33,0,0,0.1073,1335.1,1,0
ORD_101069,CUST_3165,Apparel,2930.95,7,1,0.1683,1004.3,3,1
ORD_105004,CUST_2036,Footwear,1153.05,1,1,0.3693,2282.8,1,0
ORD_101754,CUST_1774,Electronics,506.3,0,1,0.0478,348.5,1,0
ORD_107450,CUST_1277,Home & Kitchen,2376.13,2,1,0.2308,2510.5,1,0
ORD_105336,CUST_2625,Beauty,2860.99,1,1,0.1389,744.0,1,0
ORD_100220,CUST_2819,Apparel,309.84,0,0,0.1879,1671.7,1,0
ORD_113307,CUST_1716,Apparel,1095.33,0,0,0.484,2300.9,1,1
ORD_107869,CUST_1387,Apparel,3210.81,5,0,0.1707,2758.3,1,1
ORD_105643,CUST_4354,Apparel,4674.24,0,1,0.171,1889.1,1,0
ORD_103237,CUST_4267,Apparel,2959.36,1,1,0.2621,2842.2,1,0
ORD_114423,CUST_3028,Home & Kitchen,319.66,2,1,0.2344,3287.3,1,0
ORD_101324,CUST_1003,Electronics,367.78,4,1,0.1233,3114.3,1,0
ORD_104485,CUST_1403,Apparel,671.78,0,0,0.1895,1994.8,1,0
ORD_100784,CUST_1698,Apparel,350.4,1,0,0.0141,643.3,12,0
ORD_107961,CUST_4009,Home & Kitchen,717.78,2,0,0.029,2003.9,1,0
ORD_113779,CUST_1146,Electronics,1228.71,7,1,0.1119,2653.4,12,1
ORD_114702,CUST_2249,Footwear,305.12,2,0,0.2115,919.0,1,0
ORD_104481,CUST_1880,Apparel,490.69,1,0,0.2109,1231.8,1,1
ORD_107873,CUST_1915,Apparel,6190.67,0,1,0.0755,2462.8,1,1
ORD_109169,CUST_3549,Electronics,1688.96,4,1,0.2111,1943.6,1,0
ORD_106643,CUST_2573,Apparel,2007.58,1,0,0.0832,2321.9,1,0
ORD_109246,CUST_1894,Footwear,397.51,0,1,0.2149,3183.9,1,0
ORD_107396,CUST_1572,Beauty,1054.6,0,1,0.1453,2804.4,1,0
ORD_112055,CUST_2681,Footwear,3686.37,0,1,0.1237,2979.4,1,0
ORD_107404,CUST_3103,Footwear,2009.4,0,1,0.0113,3463.5,3,0
ORD_110524,CUST_1102,Beauty,1232.09,4,0,0.0568,1680.3,1,0
ORD_104429,CUST_2846,Apparel,1559.17,1,0,0.1848,652.8,1,0
ORD_105413,CUST_4645,Footwear,579.7,0,1,0.1716,2573.2,6,1
ORD_113864,CUST_4300,Home & Kitchen,2008.2,5,0,0.1414,1838.5,1,0
ORD_100189,CUST_1392,Apparel,1327.12,4,1,0.1669,2330.6,1,0
ORD_112251,CUST_2959,Beauty,1633.63,0,1,0.3773,1964.6,3,1
ORD_107645,CUST_1446,Home & Kitchen,307.56,0,0,0.1908,2771.2,1,0
ORD_104943,CUST_1541,Home & Kitchen,1551.67,3,1,0.4141,2735.6,3,0
ORD_101746,CUST_3516,Beauty,1414.94,1,1,0.3951,3460.7,1,0
ORD_112555,CUST_3277,Home & Kitchen,1278.58,3,0,0.0758,2998.9,1,0
ORD_113978,CUST_1481,Footwear,759.29,0,0,0.0982,2081.5,1,0
ORD_113473,CUST_3465,Beauty,557.5,2,1,0.0538,1279.2,1,1
ORD_104693,CUST_2415,Footwear,1365.94,0,0,0.1797,3477.0,2,0
ORD_109765,CUST_4089,Apparel,2458.8,0,0,0.0617,286.3,1,1
ORD_107641,CUST_2029,Electronics,3441.52,2,0,0.3508,1312.0,3,0
ORD_105629,CUST_1614,Beauty,331.73,0,0,0.2233,1470.5,1,0
ORD_106909,CUST_2083,Apparel,736.39,0,0,0.1713,3395.6,1,0
ORD_105987,CUST_2157,Home & Kitchen,742.36,0,1,0.1248,1571.7,1,0
ORD_107407,CUST_1869,Apparel,459.34,2,0,0.137,1205.4,1,0
ORD_114726,CUST_2095,Apparel,333.42,0,1,0.5144,533.4,1,1
ORD_112546,CUST_1974,Electronics,914.72,2,0,0.1363,649.7,1,0
ORD_105767,CUST_4269,Home & Kitchen,879.8,7,0,0.2132,2566.1,1,1
ORD_109833,CUST_1882,Footwear,324.97,3,1,0.2065,2080.3,1,1
ORD_111391,CUST_2477,Apparel,1861.7,0,1,0.0837,1692.9,2,1
ORD_104775,CUST_1761,Home & Kitchen,1564.04,0,1,0.0756,3307.0,1,0
ORD_109328,CUST_3579,Footwear,1292.93,1,0,0.1503,1979.0,1,0
ORD_102470,CUST_2343,Home & Kitchen,499.25,5,0,0.2232,1900.7,1,0
ORD_103270,CUST_4746,Apparel,366.32,0,0,0.1625,329.5,1,0
ORD_112221,CUST_4610,Apparel,877.76,4,0,0.1286,2808.7,1,0
ORD_111575,CUST_1132,Footwear,480.08,1,1,0.1188,1138.7,2,1
ORD_107664,CUST_4605,Apparel,1280.76,1,1,0.2205,1366.9,3,0
ORD_114139,CUST_3107,Electronics,644.34,0,1,0.0963,906.4,1,0
ORD_110665,CUST_1276,Home & Kitchen,960.31,0,0,0.022,2592.4,1,0
ORD_113284,CUST_2519,Beauty,498.03,1,0,0.2593,3374.9,1,0
ORD_100476,CUST_2060,Home & Kitchen,1755.51,0,0,0.3614,701.0,1,0
ORD_107620,CUST_3397,Electronics,942.28,0,1,0.3875,2330.1,2,1
ORD_103777,CUST_1593,Apparel,1476.84,4,1,0.1713,3109.0,1,0
ORD_112177,CUST_2765,Home & Kitchen,836.85,4,0,0.084,450.0,1,0
ORD_106025,CUST_2472,Footwear,367.8,2,1,0.1853,2108.3,3,0
ORD_110541,CUST_2789,Electronics,1635.28,1,0,0.4309,575.7,1,1
ORD_103084,CUST_1440,Electronics,835.32,5,1,0.0659,2243.7,1,0
ORD_111418,CUST_3147,Electronics,3664.0,0,0,0.3645,2592.6,1,1
ORD_114370,CUST_1335,Home & Kitchen,1868.33,0,0,0.2836,3407.3,2,0
ORD_103239,CUST_1310,Footwear,1227.02,0,1,0.2059,2827.4,1,0
ORD_112824,CUST_2526,Apparel,7238.0,3,0,0.0284,2602.3,1,1
ORD_107008,CUST_2462,Apparel,1980.43,0,1,0.1825,1503.0,1,0
ORD_101731,CUST_2287,Footwear,644.74,1,0,0.1427,1246.0,1,0
ORD_110309,CUST_3867,Home & Kitchen,1194.13,2,1,0.4438,3261.8,1,1
ORD_102559,CUST_1899,Apparel,1473.32,4,1,0.28,176.3,1,1
ORD_107466,CUST_3658,Electronics,1823.31,0,0,0.1547,1519.1,1,0
ORD_105975,CUST_3195,Electronics,1726.46,7,0,0.1744,1169.8,2,0
ORD_109414,CUST_4398,Beauty,3342.31,1,1,0.3162,1641.0,1,1
ORD_102946,CUST_3411,Beauty,556.24,0,0,0.2864,3457.2,1,1
ORD_105150,CUST_1522,Footwear,391.97,1,0,0.116,2152.1,2,0
ORD_108242,CUST_3949,Home & Kitchen,1370.09,1,1,0.2228,2703.4,2,0
ORD_103646,CUST_1462,Beauty,2665.4,4,0,0.1658,2072.8,3,1
ORD_103663,CUST_1702,Apparel,3527.31,1,0,0.1352,2593.2,1,0
ORD_106910,CUST_1649,Electronics,886.69,0,0,0.0288,609.9,2,0
ORD_110269,CUST_4440,Electronics,1745.49,0,0,0.1498,538.3,3,0
ORD_110749,CUST_4945,Footwear,1092.26,5,1,0.1377,666.7,2,1
ORD_107661,CUST_4575,Apparel,1274.62,1,0,0.2733,2430.6,6,1
ORD_112993,CUST_1910,Footwear,1332.93,0,0,0.2837,2016.0,1,0
ORD_107991,CUST_1467,Apparel,635.95,1,0,0.1494,244.3,1,0
ORD_104860,CUST_4173,Apparel,872.12,1,1,0.3288,3435.0,1,0
ORD_101598,CUST_1201,Apparel,1035.79,2,0,0.3865,2051.4,3,0
ORD_110576,CUST_1815,Home & Kitchen,800.3,0,1,0.2773,1016.3,1,0
ORD_111264,CUST_4242,Footwear,1184.15,0,1,0.0725,1622.6,1,0
ORD_104812,CUST_4924,Home & Kitchen,1170.34,0,1,0.142,3463.5,1,0
ORD_100343,CUST_2734,Home & Kitchen,459.34,0,1,0.0809,385.9,6,1
ORD_110028,CUST_3137,Electronics,3918.43,4,0,0.129,1715.7,1,0
ORD_100940,CUST_2396,Apparel,1040.88,3,0,0.2394,1024.0,1,0
ORD_108658,CUST_1494,Apparel,601.24,4,1,0.0449,2245.9,1,0
ORD_101393,CUST_4490,Home & Kitchen,410.75,0,0,0.1545,2428.4,1,0
ORD_100056,CUST_3879,Apparel,1909.65,2,1,0.0552,3172.4,1,0
ORD_104345,CUST_3720,Beauty,786.73,1,1,0.3328,1425.5,1,0
ORD_109524,CUST_4787,Footwear,2934.65,0,0,0.1883,1849.0,1,0
ORD_100578,CUST_1004,Apparel,647.33,3,1,0.4195,2031.8,1,1
ORD_105712,CUST_4118,Apparel,636.21,3,1,0.2357,2706.8,6,1
ORD_102489,CUST_2576,Apparel,611.26,0,1,0.0976,3445.9,1,0
ORD_101189,CUST_4994,Electronics,957.99,0,1,0.2916,2195.3,1,0
ORD_100530,CUST_3875,Apparel,1109.8,1,0,0.161,1539.7,1,0
ORD_103565,CUST_3814,Footwear,2068.79,7,1,0.222,2829.0,1,1
ORD_107604,CUST_3845,Beauty,747.02,0,0,0.2679,1899.9,6,0
ORD_104014,CUST_1097,Home & Kitchen,2521.41,3,1,0.3491,2501.3,2,0
ORD_106577,CUST_4037,Beauty,4317.57,2,0,0.2061,2691.6,1,0
ORD_102299,CUST_4526,Home & Kitchen,1292.4,3,0,0.1912,2517.4,1,0
ORD_107903,CUST_2204,Footwear,3683.05,4,0,0.2031,2876.0,1,0
ORD_105570,CUST_2792,Electronics,1219.2,0,0,0.329,1240.5,1,0
ORD_113466,CUST_4752,Electronics,939.4,1,1,0.2419,2374.9,2,0
ORD_102482,CUST_1101,Electronics,940.52,0,1,0.1418,1361.4,1,0
ORD_103803,CUST_1182,Footwear,1706.02,2,0,0.1622,1786.4,1,0
ORD_103455,CUST_4493,Electronics,601.18,0,0,0.1576,3361.4,1,0
ORD_100405,CUST_3961,Apparel,866.3,1,1,0.103,453.3,1,0
ORD_111953,CUST_2863,Apparel,1694.43,0,1,0.3337,2690.9,1,0
ORD_114674,CUST_1916,Home & Kitchen,2511.87,1,1,0.3666,2817.5,1,0
ORD_102119,CUST_4224,Electronics,5225.75,2,1,0.1932,637.5,1,0
ORD_103265,CUST_1947,Apparel,2569.84,0,1,0.2817,538.5,1,0
ORD_106004,CUST_2088,Home & Kitchen,943.57,0,1,0.2132,2747.7,2,1
ORD_105332,CUST_2147,Electronics,845.08,1,0,0.109,3139.2,1,0
ORD_101502,CUST_3275,Footwear,811.28,0,0,0.4428,1357.2,2,0
ORD_114761,CUST_1632,Home & Kitchen,1195.75,3,1,0.1044,2263.6,1,0
ORD_110568,CUST_4483,Apparel,4289.03,0,1,0.0239,860.5,2,0
ORD_100979,CUST_4795,Apparel,867.6,0,1,0.3876,2468.8,3,0
ORD_100828,CUST_2238,Apparel,4692.69,1,1,0.1378,487.6,1,0
ORD_107796,CUST_1629,Footwear,1068.18,0,1,0.1882,547.3,6,0
ORD_104437,CUST_3901,Apparel,920.98,0,0,0.5354,1707.0,3,0
ORD_102476,CUST_2567,Home & Kitchen,1227.05,4,1,0.1438,869.7,1,0
ORD_103510,CUST_3711,Apparel,2489.26,1,1,0.101,521.7,1,0
ORD_111254,CUST_1269,Footwear,5387.77,0,1,0.139,2153.1,1,1
ORD_113207,CUST_4262,Apparel,1851.17,2,0,0.2629,2895.1,2,0
ORD_107261,CUST_2517,Home & Kitchen,910.36,1,0,0.0408,2982.4,1,0
ORD_105843,CUST_3763,Apparel,2101.31,2,1,0.2446,2897.1,1,1
ORD_106185,CUST_4200,Home & Kitchen,763.92,3,1,0.2404,645.3,1,0
ORD_103953,CUST_4959,Beauty,484.58,1,1,0.1209,1189.8,1,0
ORD_107840,CUST_4939,Footwear,484.7,0,1,0.2859,3046.0,1,1
ORD_103669,CUST_2830,Apparel,3160.36,2,1,0.0743,1150.8,1,1
ORD_108110,CUST_3815,Apparel,713.14,0,0,0.1014,1978.1,1,0
ORD_109937,CUST_2321,Footwear,2529.31,0,1,0.3384,2434.7,2,0
ORD_111446,CUST_4967,Home & Kitchen,1448.22,0,0,0.081,1420.1,1,0
ORD_111271,CUST_1928,Footwear,790.37,0,0,0.3688,1720.7,1,0
ORD_103768,CUST_3745,Home & Kitchen,1518.67,2,0,0.1259,2990.4,1,0
ORD_113563,CUST_1892,Footwear,1541.72,0,0,0.4209,3030.6,6,0
ORD_111926,CUST_3665,Beauty,475.05,0,0,0.1581,2118.2,1,0
ORD_101559,CUST_4876,Apparel,761.35,0,1,0.2748,2423.5,1,0
ORD_107120,CUST_1780,Footwear,1622.69,1,0,0.1142,3136.8,1,0
ORD_112216,CUST_4474,Apparel,1653.24,1,0,0.4588,2731.5,1,1
ORD_113171,CUST_3592,Apparel,766.02,1,0,0.0048,3032.2,1,1
ORD_107136,CUST_3655,Electronics,822.47,0,0,0.0726,1439.0,2,0
ORD_113807,CUST_4489,Beauty,374.65,3,0,0.2221,296.8,1,1
ORD_106490,CUST_4272,Apparel,768.64,3,1,0.1867,3333.3,1,0
ORD_114293,CUST_1246,Electronics,2865.59,0,1,0.0525,3208.8,1,0
ORD_109475,CUST_1805,Electronics,4138.31,0,1,0.1269,1382.5,1,1
ORD_107073,CUST_1348,Apparel,326.77,0,0,0.1876,627.2,1,0
ORD_105832,CUST_3240,Footwear,1120.11,0,1,0.1898,887.1,1,0
ORD_112995,CUST_1593,Apparel,1942.48,1,1,0.2381,2172.3,6,1
ORD_104859,CUST_2251,Electronics,816.84,4,1,0.2686,2762.4,1,0
ORD_113298,CUST_3170,Apparel,353.2,0,1,0.1412,2112.1,1,0
ORD_113146,CUST_1956,Electronics,397.77,3,0,0.4077,1245.6,3,1
ORD_108427,CUST_3646,Apparel,3465.88,0,1,0.3272,916.7,6,0
ORD_109985,CUST_1342,Beauty,872.55,2,1,0.0296,705.4,12,0
ORD_109804,CUST_3887,Electronics,380.93,0,1,0.3446,3157.3,1,0
ORD_109776,CUST_4090,Apparel,609.52,0,1,0.1509,3045.3,1,1
ORD_107209,CUST_2591,Apparel,1072.63,4,1,0.2861,2718.6,1,1
ORD_100417,CUST_3848,Beauty,337.44,0,0,0.2155,330.5,1,1
ORD_100114,CUST_2275,Footwear,940.45,1,0,0.6212,2026.4,3,1
ORD_103230,CUST_3496,Home & Kitchen,1130.59,0,1,0.1242,2867.9,1,0
ORD_105967,CUST_4366,Electronics,968.22,0,0,0.225,1867.5,1,0
ORD_102075,CUST_1920,Home & Kitchen,531.07,1,1,0.1813,830.3,3,1
ORD_100581,CUST_1773,Home & Kitchen,1590.45,7,0,0.2453,2818.9,6,0
ORD_106411,CUST_1961,Footwear,1048.78,1,1,0.2336,2948.0,1,0
ORD_101938,CUST_1101,Electronics,533.83,0,0,0.0828,2756.4,1,0
ORD_104469,CUST_1141,Apparel,1566.25,5,1,0.1232,2460.6,1,1
ORD_102504,CUST_2951,Footwear,2143.84,0,1,0.0478,208.8,6,0
ORD_103719,CUST_4489,Electronics,1162.69,0,1,0.0268,2075.8,1,0
ORD_103291,CUST_2133,Apparel,3864.97,0,0,0.2289,2322.7,1,0
ORD_101812,CUST_4430,Footwear,1390.8,5,1,0.1655,3239.7,3,0
ORD_105717,CUST_3551,Apparel,408.21,0,1,0.088,558.5,2,0
ORD_108192,CUST_1242,Apparel,1327.13,1,1,0.1059,1588.2,1,0
ORD_113808,CUST_4969,Electronics,1482.81,0,1,0.271,591.4,1,0
ORD_109983,CUST_1308,Footwear,756.43,0,0,0.2649,1027.1,1,0
ORD_110646,CUST_2542,Apparel,1162.93,2,0,0.2361,3420.3,6,0
ORD_109186,CUST_4639,Footwear,696.88,3,1,0.2187,474.8,1,1
ORD_112415,CUST_4078,Footwear,1079.73,2,1,0.0393,1761.2,1,0
ORD_106432,CUST_3232,Home & Kitchen,816.25,3,1,0.1463,3424.2,1,0
ORD_114770,CUST_2495,Beauty,1306.49,3,1,0.2836,2537.8,1,0
ORD_101685,CUST_1987,Apparel,584.16,0,0,0.1423,873.3,12,0
ORD_112293,CUST_4681,Home & Kitchen,1007.07,10,0,0.596,2585.5,12,1
ORD_113920,CUST_1441,Beauty,2386.37,1,0,0.0572,3284.9,2,0
ORD_113886,CUST_1104,Apparel,422.02,0,1,0.3236,2792.3,1,0
ORD_101854,CUST_2772,Footwear,1049.69,7,1,0.1694,1937.7,3,1
ORD_102595,CUST_4665,Apparel,1553.1,1,1,0.2385,1032.4,1,1
ORD_112817,CUST_3969,Beauty,3527.36,0,1,0.2178,2077.0,1,0
ORD_100682,CUST_2015,Home & Kitchen,1857.39,0,1,0.3311,1566.8,1,0
ORD_105867,CUST_1594,Electronics,518.68,0,1,0.0259,2872.8,2,0
ORD_114276,CUST_2467,Electronics,410.23,0,1,0.2727,534.6,2,1
ORD_102110,CUST_1806,Footwear,848.49,0,1,0.0963,2361.6,1,0
ORD_102894,CUST_4136,Apparel,582.75,0,0,0.1613,1558.3,1,0
ORD_100143,CUST_2495,Footwear,1703.47,0,1,0.2851,1926.1,6,1
ORD_101861,CUST_3969,Electronics,2034.52,0,0,0.2729,3263.7,2,0
ORD_109242,CUST_2632,Electronics,357.45,0,1,0.1392,2710.3,1,1
ORD_101676,CUST_4090,Apparel,546.7,1,0,0.1644,792.3,1,0
ORD_101898,CUST_4383,Electronics,780.2,0,0,0.0785,2053.6,1,1
ORD_100949,CUST_3783,Home & Kitchen,4321.9,0,0,0.2021,3023.7,1,0
ORD_102134,CUST_4178,Apparel,858.18,2,0,0.2228,2814.8,6,0
ORD_110721,CUST_4622,Apparel,2656.34,0,0,0.2221,1408.7,1,1
ORD_101962,CUST_3421,Footwear,359.62,2,1,0.1897,3112.4,1,0
ORD_112965,CUST_3175,Apparel,1480.83,2,1,0.2685,708.2,1,1
ORD_106457,CUST_2855,Apparel,1597.41,1,1,0.1619,1008.1,1,1
ORD_104155,CUST_1923,Beauty,1495.51,2,0,0.1193,2515.8,3,0
ORD_101944,CUST_3864,Footwear,805.06,0,0,0.1857,1454.0,1,0
ORD_108404,CUST_1941,Apparel,473.1,0,1,0.133,3334.6,2,0
ORD_107253,CUST_1307,Footwear,3937.24,1,1,0.4847,1770.2,6,1
ORD_108441,CUST_2380,Apparel,684.26,0,1,0.1581,1891.1,1,0
ORD_114115,CUST_1364,Home & Kitchen,751.04,1,0,0.1366,2630.8,1,1
ORD_111055,CUST_3881,Beauty,3014.18,0,0,0.1293,3147.4,2,1
ORD_111958,CUST_4538,Apparel,653.42,2,0,0.2504,3441.0,1,0
ORD_108620,CUST_2695,Footwear,878.53,4,0,0.2656,362.7,3,0
ORD_107244,CUST_4315,Beauty,2174.71,0,0,0.1401,623.9,2,0
ORD_110595,CUST_2381,Home & Kitchen,2013.17,0,0,0.0195,3466.7,1,0
ORD_108168,CUST_1128,Electronics,1327.49,0,1,0.1367,2131.0,2,0
ORD_106288,CUST_4089,Beauty,1458.51,1,1,0.1311,2450.7,1,0
ORD_100327,CUST_1186,Footwear,418.33,2,1,0.1663,1846.8,1,0
ORD_103914,CUST_4471,Apparel,1901.27,0,1,0.1796,608.5,1,0
ORD_111571,CUST_1614,Electronics,3245.84,3,0,0.2565,3219.6,1,0
ORD_112599,CUST_4402,Apparel,3327.06,2,1,0.4273,2322.9,1,1
ORD_108439,CUST_3654,Apparel,2262.14,3,0,0.0854,3423.2,1,0
ORD_104123,CUST_2014,Footwear,2424.21,3,1,0.227,764.6,1,1
ORD_100904,CUST_2214,Home & Kitchen,1975.36,2,0,0.1293,3412.6,1,0
ORD_107086,CUST_4558,Beauty,2789.56,1,1,0.0519,1264.1,2,0
ORD_114375,CUST_1121,Beauty,2032.34,1,0,0.0996,3373.2,1,0
ORD_100445,CUST_4354,Electronics,573.67,2,1,0.3573,2062.0,1,0
ORD_108126,CUST_4980,Footwear,3553.36,4,1,0.1708,1181.3,3,1
ORD_106566,CUST_2392,Home & Kitchen,397.14,7,1,0.104,3022.1,1,1
ORD_101911,CUST_1364,Home & Kitchen,2460.11,2,0,0.1991,2876.3,1,0
ORD_106715,CUST_4119,Electronics,2266.87,1,1,0.1165,506.3,3,0
ORD_101525,CUST_4354,Footwear,1901.27,0,1,0.2621,665.5,1,0
ORD_108876,CUST_1380,Beauty,884.13,0,1,0.0304,997.3,1,0
ORD_113391,CUST_2382,Electronics,598.88,0,1,0.4228,1249.3,3,0
ORD_112384,CUST_4431,Electronics,2094.06,2,1,0.3068,1815.6,1,0
ORD_101819,CUST_3713,Footwear,4473.02,2,0,0.0736,2968.4,1,0
ORD_113644,CUST_2889,Footwear,465.21,7,0,0.0493,506.7,1,0
ORD_108068,CUST_3341,Electronics,401.79,1,1,0.0569,1147.3,1,1
ORD_109151,CUST_1351,Footwear,1691.17,0,1,0.0296,3367.8,2,1
ORD_111587,CUST_3769,Home & Kitchen,471.37,2,1,0.2296,2434.5,3,0
ORD_113079,CUST_4487,Beauty,1805.84,0,1,0.2115,2377.3,1,1
ORD_101044,CUST_1082,Apparel,656.13,0,1,0.2687,2630.5,1,1
ORD_114687,CUST_1832,Footwear,300.64,3,1,0.0908,3060.9,1,0
ORD_113249,CUST_2129,Apparel,1495.3,2,0,0.2175,1648.1,1,0
ORD_112684,CUST_4952,Apparel,994.87,0,0,0.4572,2052.2,1,0
ORD_112991,CUST_4057,Footwear,1600.52,3,1,0.0281,2464.1,1,0
ORD_114908,CUST_3273,Apparel,1099.2,2,0,0.2079,2772.0,1,0
ORD_114965,CUST_4542,Apparel,2160.75,0,1,0.3193,1201.5,1,1
ORD_100361,CUST_2787,Beauty,2948.64,3,1,0.355,3447.6,6,0
ORD_102520,CUST_3918,Apparel,2271.49,0,0,0.1883,2597.8,1,0
ORD_106705,CUST_2564,Apparel,3723.51,0,1,0.4761,1749.1,1,1
ORD_108708,CUST_3639,Apparel,5698.63,0,0,0.198,2064.1,1,0
ORD_105381,CUST_4509,Apparel,1787.23,0,0,0.2685,2117.7,3,0
ORD_112818,CUST_1820,Footwear,954.96,0,0,0.1345,1414.0,6,0
ORD_101860,CUST_4472,Apparel,524.8,1,0,0.1078,1986.6,1,0
ORD_113024,CUST_4966,Footwear,1228.93,2,1,0.1661,1206.7,1,0
ORD_107182,CUST_4021,Apparel,773.77,0,1,0.4416,1156.9,1,1
ORD_108234,CUST_2065,Home & Kitchen,1429.68,3,0,0.1059,3468.4,3,1
ORD_111329,CUST_2604,Electronics,619.08,0,0,0.3229,1177.7,3,0
ORD_109085,CUST_3048,Footwear,3222.51,0,0,0.5117,443.1,1,1
ORD_113335,CUST_4349,Apparel,2088.92,3,0,0.1097,909.5,1,0
ORD_102219,CUST_3271,Electronics,1281.13,0,0,0.1341,1547.8,3,0
ORD_100821,CUST_2209,Apparel,1076.28,2,1,0.2146,3161.5,1,0
ORD_107456,CUST_1760,Home & Kitchen,3294.66,4,0,0.0944,239.1,1,0
ORD_106655,CUST_2474,Apparel,703.54,0,1,0.3084,2475.3,3,1
ORD_112325,CUST_2242,Electronics,411.74,2,0,0.0781,2850.3,3,0
ORD_104379,CUST_4647,Footwear,946.4,0,0,0.1144,1815.2,1,0
ORD_114902,CUST_3086,Electronics,2485.8,1,0,0.0987,892.1,1,0
ORD_111737,CUST_3379,Footwear,847.68,3,0,0.2721,215.6,1,0
ORD_102227,CUST_2889,Footwear,2058.07,2,1,0.1344,2920.9,3,1
ORD_105162,CUST_2316,Home & Kitchen,2236.87,0,0,0.1085,795.0,1,0
ORD_112209,CUST_3220,Electronics,1402.59,0,0,0.2696,1066.6,2,0
ORD_102543,CUST_4441,Electronics,3791.43,2,0,0.1806,3281.9,1,0
ORD_100193,CUST_4625,Apparel,1427.13,0,0,0.0637,339.7,2,1
ORD_101630,CUST_4572,Apparel,1947.42,0,1,0.5616,440.7,1,1
ORD_104809,CUST_3834,Apparel,2229.48,0,0,0.2966,1705.8,1,0
ORD_101238,CUST_4577,Footwear,1243.22,0,0,0.2334,862.7,1,0
ORD_113687,CUST_2506,Apparel,3022.88,0,0,0.2588,2722.4,1,0
ORD_104539,CUST_3150,Electronics,783.47,2,1,0.2843,888.9,1,0
ORD_113792,CUST_4416,Apparel,774.41,0,1,0.1973,732.7,1,0
ORD_108425,CUST_1441,Apparel,3118.66,0,1,0.2213,2105.3,2,0
ORD_113189,CUST_1440,Home & Kitchen,481.83,0,1,0.2965,1186.8,3,0
ORD_110491,CUST_1343,Apparel,326.88,0,1,0.3023,1209.7,6,1
ORD_109071,CUST_4968,Apparel,4491.78,0,0,0.0312,248.1,1,1
ORD_101531,CUST_3919,Electronics,1243.57,2,0,0.183,2987.0,6,0
ORD_100195,CUST_2484,Home & Kitchen,1727.03,1,0,0.2914,1793.1,1,0
ORD_106600,CUST_2363,Home & Kitchen,1545.91,0,1,0.1234,1768.7,1,1
ORD_103036,CUST_2656,Beauty,859.6,0,1,0.3136,3304.4,3,0
ORD_110557,CUST_3594,Electronics,813.05,3,1,0.3243,2874.3,6,0
ORD_108393,CUST_3575,Electronics,914.23,0,0,0.2171,2269.4,1,1
ORD_109500,CUST_4072,Home & Kitchen,719.05,2,0,0.2601,413.5,1,0
ORD_114936,CUST_4798,Footwear,1067.95,1,0,0.1555,1289.3,6,0
ORD_100978,CUST_3036,Footwear,614.9,0,0,0.1017,2218.2,12,0
ORD_107508,CUST_2953,Footwear,373.01,0,1,0.2006,1422.1,1,0
ORD_101556,CUST_2347,Electronics,894.89,1,0,0.0718,656.6,1,0
ORD_113472,CUST_2293,Electronics,2220.93,1,0,0.2998,2915.1,1,0
ORD_110866,CUST_1181,Apparel,1190.7,7,1,0.1816,789.3,1,0
ORD_101628,CUST_2203,Apparel,417.71,1,1,0.1517,517.8,1,0
ORD_102121,CUST_3611,Beauty,2691.47,1,0,0.1797,2024.7,2,0
ORD_113476,CUST_2849,Apparel,1132.3,3,0,0.231,1193.7,1,0
ORD_106137,CUST_4928,Apparel,1945.21,10,1,0.2144,2702.8,1,0
ORD_108033,CUST_4227,Beauty,372.77,5,1,0.1289,1581.6,2,0
ORD_105893,CUST_4104,Apparel,1887.6,1,0,0.1992,430.3,3,1
ORD_104900,CUST_4646,Footwear,1211.38,4,0,0.2323,388.7,3,0
ORD_110529,CUST_4999,Electronics,2991.13,0,1,0.2727,1080.7,1,0
ORD_111340,CUST_3251,Footwear,2797.09,1,1,0.1224,1080.5,1,1
ORD_110238,CUST_4815,Footwear,377.38,1,0,0.2138,1727.9,1,0
ORD_107790,CUST_1519,Electronics,881.31,4,0,0.2648,1202.9,1,0
ORD_100556,CUST_1574,Apparel,2253.81,0,1,0.0966,366.5,1,0
ORD_113668,CUST_1337,Home & Kitchen,1814.27,1,1,0.4117,1891.2,3,1
ORD_108968,CUST_2605,Beauty,956.68,0,0,0.4065,1432.8,1,0
ORD_111401,CUST_2588,Home & Kitchen,1231.94,0,0,0.2274,2496.9,1,0
ORD_105453,CUST_3493,Apparel,801.42,0,0,0.1195,1114.1,1,1
ORD_108445,CUST_2993,Footwear,842.95,3,1,0.0691,2502.6,2,0
ORD_112654,CUST_1686,Home & Kitchen,441.87,0,0,0.4728,3048.8,1,0
ORD_109830,CUST_1962,Apparel,1190.88,7,1,0.1574,2358.4,1,1
ORD_113625,CUST_2269,Home & Kitchen,1723.97,3,1,0.179,2486.7,2,1
ORD_109067,CUST_2082,Footwear,2565.18,0,1,0.0137,3252.2,1,0
ORD_112573,CUST_1843,Footwear,318.15,2,0,0.3292,1804.6,1,1
ORD_106939,CUST_4261,Footwear,1254.14,0,1,0.3574,882.3,1,1
ORD_105719,CUST_1212,Footwear,6239.67,1,0,0.3353,544.1,1,0
ORD_104980,CUST_1909,Footwear,3575.0,0,0,0.1861,1669.3,1,0
ORD_114790,CUST_4027,Apparel,2277.21,3,0,0.1392,1789.3,12,1
ORD_111199,CUST_3739,Beauty,352.39,0,0,0.1929,1919.7,1,0
ORD_107275,CUST_4879,Apparel,2289.1,1,0,0.0562,1462.1,1,0
ORD_105431,CUST_1619,Apparel,336.08,3,1,0.1472,2747.4,6,0
ORD_107417,CUST_3866,Footwear,3306.64,0,1,0.311,2871.5,1,1
ORD_100148,CUST_1391,Beauty,1463.16,1,1,0.0905,1700.7,2,0
ORD_110791,CUST_4748,Apparel,1369.9,1,0,0.2229,3449.6,1,0
ORD_112583,CUST_4770,Home & Kitchen,1718.06,0,1,0.1391,3121.1,1,1
ORD_105397,CUST_3295,Electronics,1191.95,1,1,0.3052,1125.4,1,0
ORD_108649,CUST_1366,Apparel,385.6,0,0,0.3704,670.9,1,1
ORD_113731,CUST_1416,Apparel,2326.62,0,1,0.1641,3167.7,1,0
ORD_113937,CUST_1029,Apparel,1244.96,0,0,0.3007,1737.7,6,0
ORD_109253,CUST_4153,Apparel,1877.32,0,0,0.2536,1061.1,1,0
ORD_107859,CUST_2938,Electronics,1012.88,1,1,0.2364,1568.2,1,1
ORD_111766,CUST_3764,Apparel,1654.52,1,1,0.1768,3013.7,1,0
ORD_107380,CUST_1660,Apparel,1337.06,0,0,0.0605,2193.7,1,0
ORD_114525,CUST_1478,Home & Kitchen,782.03,7,1,0.2423,3494.8,3,0
ORD_101025,CUST_1510,Apparel,694.98,0,1,0.2148,1095.5,2,0
ORD_111060,CUST_2152,Beauty,325.22,2,1,0.2522,1908.5,1,0
ORD_105640,CUST_3754,Home & Kitchen,641.76,2,1,0.1769,3298.8,1,0
ORD_104358,CUST_1067,Apparel,1000.53,0,0,0.2864,3410.0,2,0
ORD_109871,CUST_2545,Footwear,1934.36,0,0,0.0865,1601.9,1,0
ORD_114146,CUST_1910,Apparel,390.39,2,1,0.2584,2048.1,2,1
ORD_100135,CUST_1064,Footwear,1067.48,0,0,0.4245,1094.1,1,0
ORD_113372,CUST_3889,Footwear,2966.37,0,1,0.2204,3320.7,1,0
ORD_109575,CUST_1888,Apparel,1850.37,1,1,0.3452,496.1,1,0
ORD_106459,CUST_3106,Apparel,579.35,1,1,0.252,3181.5,1,1
ORD_106037,CUST_4144,Apparel,455.16,0,0,0.4294,855.3,3,0
ORD_106745,CUST_4226,Apparel,1233.71,0,1,0.0598,1032.3,3,0
ORD_105462,CUST_3358,Beauty,326.78,0,1,0.1521,1852.4,1,0
ORD_103643,CUST_1769,Electronics,1021.91,0,1,0.1822,3079.8,1,0
ORD_112717,CUST_2763,Footwear,606.2,0,1,0.1719,2763.5,1,0
ORD_107689,CUST_4246,Footwear,2034.9,1,0,0.2772,2756.7,2,0
ORD_113861,CUST_2451,Home & Kitchen,378.32,0,1,0.1002,739.7,3,0
ORD_100194,CUST_3939,Beauty,1651.42,1,0,0.0404,1557.8,1,0
ORD_103496,CUST_3496,Beauty,925.23,0,1,0.2194,446.0,12,0
ORD_111629,CUST_2564,Apparel,1649.69,1,0,0.1923,3404.9,3,0
ORD_101947,CUST_1329,Apparel,369.34,0,0,0.0465,347.3,2,0
ORD_111005,CUST_2689,Apparel,2073.71,7,1,0.1782,1704.8,3,1
ORD_104301,CUST_1595,Apparel,2829.3,0,1,0.1652,2078.6,1,0
ORD_112604,CUST_2658,Electronics,2563.41,2,1,0.261,1882.2,2,0
ORD_103628,CUST_1646,Beauty,686.02,3,1,0.3811,1158.0,1,0
ORD_108931,CUST_2097,Footwear,864.56,2,0,0.2837,815.9,1,0
ORD_103343,CUST_1641,Apparel,1375.37,5,1,0.036,1518.7,6,1
ORD_113271,CUST_2289,Apparel,543.21,0,1,0.083,3249.3,3,0
ORD_109652,CUST_3878,Electronics,2745.97,4,1,0.1345,1555.3,3,0
ORD_113651,CUST_2543,Beauty,5132.98,0,1,0.1326,2801.1,3,0
ORD_109256,CUST_3106,Apparel,4806.11,2,1,0.2123,3346.3,1,0
ORD_113770,CUST_2280,Home & Kitchen,653.65,3,1,0.4774,1133.3,1,1
ORD_102097,CUST_1398,Footwear,1736.86,0,0,0.3077,1063.2,1,0
ORD_110508,CUST_3842,Apparel,1339.91,1,1,0.1526,987.4,3,0
ORD_107378,CUST_1090,Apparel,2334.44,0,1,0.118,3429.4,1,1
ORD_110739,CUST_1258,Home & Kitchen,6297.4,2,0,0.2612,1207.9,1,1
ORD_109884,CUST_2777,Electronics,3907.09,0,0,0.2207,1483.5,3,0
ORD_111881,CUST_4824,Apparel,2713.53,2,1,0.1375,336.0,12,0
ORD_101562,CUST_4177,Apparel,1028.35,0,1,0.3166,2139.6,1,1
ORD_105939,CUST_2341,Footwear,2475.83,0,0,0.1703,3281.9,1,0
ORD_108868,CUST_2033,Beauty,775.74,1,0,0.3053,1959.8,1,0
ORD_110992,CUST_2471,Apparel,460.71,3,1,0.1326,2784.0,6,1
ORD_100890,CUST_2081,Footwear,1665.89,0,1,0.1798,2275.2,1,0
ORD_113702,CUST_4094,Apparel,556.39,0,0,0.1028,648.4,1,0
ORD_104130,CUST_4690,Apparel,373.26,1,1,0.1333,3493.9,1,0
ORD_102693,CUST_4216,Beauty,2168.94,1,0,0.1043,2382.6,1,0
ORD_106412,CUST_1428,Beauty,2552.67,1,1,0.1484,2690.8,1,0
ORD_100719,CUST_4324,Footwear,938.79,4,0,0.1277,960.2,1,0
ORD_106848,CUST_1464,Footwear,5011.46,3,1,0.1584,3164.6,1,0
ORD_104045,CUST_3791,Electronics,663.28,0,1,0.2408,2425.9,1,0
ORD_108250,CUST_2255,Apparel,1768.8,2,1,0.3025,2223.3,2,1
ORD_100996,CUST_1009,Apparel,1155.79,0,0,0.158,182.5,1,0
ORD_108922,CUST_3532,Footwear,732.53,3,1,0.2158,1567.9,1,1
ORD_112811,CUST_3448,Apparel,472.68,3,1,0.1936,424.7,6,1
ORD_114734,CUST_1274,Home & Kitchen,4578.27,0,0,0.3901,763.3,1,0
ORD_104867,CUST_1714,Apparel,734.4,2,0,0.1656,1868.9,1,1
ORD_103853,CUST_4920,Apparel,1059.21,1,1,0.2421,600.3,1,1
ORD_104028,CUST_2727,Beauty,745.03,2,0,0.1028,2475.3,1,0
ORD_108996,CUST_3230,Electronics,4599.25,0,0,0.205,1650.1,1,0
ORD_103896,CUST_1984,Home & Kitchen,5066.4,0,1,0.285,2443.5,1,0
ORD_100262,CUST_1663,Footwear,768.55,0,0,0.312,1744.4,1,0
ORD_102428,CUST_3246,Apparel,397.97,0,1,0.0747,2622.4,1,0
ORD_110723,CUST_2832,Electronics,778.61,0,0,0.1519,417.4,12,0
ORD_108153,CUST_1565,Apparel,1572.15,0,1,0.2105,2458.5,1,0
ORD_114235,CUST_3404,Apparel,587.93,0,0,0.0821,3245.8,6,0
ORD_108631,CUST_1993,Footwear,1114.06,2,1,0.1754,410.7,1,1
ORD_110512,CUST_4731,Footwear,457.84,3,0,0.118,1353.1,2,0
ORD_106688,CUST_2951,Beauty,353.14,0,0,0.2233,664.5,3,0
ORD_101594,CUST_4502,Electronics,1084.5,2,1,0.176,2112.8,1,0
ORD_110497,CUST_4406,Beauty,563.87,4,0,0.0943,2068.8,1,0
ORD_114583,CUST_4213,Electronics,2479.25,0,0,0.2365,2244.2,3,0
ORD_107782,CUST_4626,Apparel,1331.77,0,1,0.3152,1160.1,1,1
ORD_109694,CUST_1089,Apparel,5536.4,0,0,0.0634,1284.7,1,0
ORD_103985,CUST_3336,Home & Kitchen,1583.65,0,1,0.1779,3305.9,1,1
ORD_101338,CUST_2415,Apparel,541.92,1,1,0.4211,2915.9,1,1
ORD_100063,CUST_3888,Apparel,424.02,3,1,0.1133,614.5,1,1
ORD_104428,CUST_1131,Home & Kitchen,1146.84,1,1,0.1606,1625.5,1,0
ORD_101568,CUST_2013,Footwear,1200.0,1,0,0.1485,1083.2,1,0
ORD_104328,CUST_2398,Footwear,3089.47,5,1,0.2596,2079.5,1,0
ORD_103698,CUST_3349,Electronics,1984.46,0,1,0.1164,871.3,1,1
ORD_113210,CUST_3940,Home & Kitchen,1055.08,1,0,0.0795,346.3,2,0
ORD_114898,CUST_1488,Apparel,2482.5,0,0,0.1558,1719.6,1,0
ORD_101410,CUST_4391,Apparel,748.04,1,0,0.1548,3010.7,1,0
ORD_102069,CUST_4511,Apparel,2025.77,0,0,0.1349,484.7,1,0
ORD_101327,CUST_1117,Apparel,975.74,0,1,0.1283,2344.5,1,0
ORD_105784,CUST_1261,Footwear,407.72,4,1,0.359,2366.3,3,0
ORD_109525,CUST_1055,Footwear,565.17,4,1,0.0659,665.6,1,0
ORD_114924,CUST_3520,Apparel,1379.93,2,1,0.0157,1280.1,1,0
ORD_113046,CUST_3711,Apparel,775.0,0,0,0.2477,2010.4,1,0
ORD_108600,CUST_1133,Apparel,2775.15,3,1,0.2431,3485.5,2,0
ORD_100226,CUST_3693,Apparel,621.9,0,0,0.3073,255.0,1,0
ORD_112108,CUST_1320,Footwear,452.17,2,0,0.1821,2406.7,1,1
ORD_110745,CUST_3886,Electronics,1202.56,0,1,0.1648,3154.1,1,0
ORD_107927,CUST_4398,Apparel,1514.76,0,0,0.1799,2505.6,1,0
ORD_111170,CUST_4072,Beauty,1552.52,1,1,0.0382,1928.8,1,0
ORD_108200,CUST_3235,Apparel,3097.58,0,1,0.3213,173.9,1,0
ORD_100179,CUST_2485,Apparel,619.52,2,0,0.1916,2040.4,1,0
ORD_114377,CUST_3732,Apparel,1385.49,3,1,0.1296,485.4,1,0
ORD_103913,CUST_4919,Home & Kitchen,562.66,0,0,0.3114,887.9,1,0
ORD_114851,CUST_2568,Home & Kitchen,531.12,0,1,0.1735,527.7,1,0
ORD_106844,CUST_1178,Home & Kitchen,2624.56,0,0,0.262,2048.3,3,0
ORD_103594,CUST_1845,Electronics,801.67,0,0,0.328,2711.9,1,1
ORD_103119,CUST_1072,Apparel,743.98,2,1,0.6628,685.4,1,0
ORD_108789,CUST_1027,Apparel,3177.04,0,0,0.1686,1909.4,2,0
ORD_101595,CUST_4016,Footwear,491.51,4,0,0.1396,1887.9,1,1
ORD_103394,CUST_4029,Footwear,425.9,1,1,0.27,1361.4,1,1
ORD_100198,CUST_1863,Electronics,417.76,0,0,0.0507,1580.7,1,0
ORD_102738,CUST_3734,Electronics,945.51,4,0,0.0443,2471.2,1,0
ORD_110611,CUST_2502,Apparel,660.21,0,1,0.1784,2764.9,1,0
ORD_102210,CUST_4387,Apparel,4445.08,0,1,0.2313,1845.2,1,0
ORD_108863,CUST_3095,Footwear,561.6,0,1,0.3775,2483.5,1,0
ORD_103173,CUST_3665,Footwear,1096.84,0,1,0.1057,2080.9,1,0
ORD_107581,CUST_2217,Electronics,4003.92,0,1,0.2144,3039.3,1,1
ORD_102481,CUST_3043,Home & Kitchen,1620.13,1,1,0.1987,1508.5,1,0
ORD_113278,CUST_1591,Electronics,449.5,0,0,0.1246,1261.9,6,0
ORD_114001,CUST_4380,Apparel,1532.93,0,0,0.2635,2501.3,1,1
ORD_107509,CUST_3073,Footwear,826.26,2,0,0.106,3027.1,6,0
ORD_112656,CUST_1995,Home & Kitchen,581.82,0,0,0.1813,2112.2,1,0
ORD_111675,CUST_3116,Footwear,302.2,0,0,0.2594,1728.5,12,1
ORD_113310,CUST_3757,Electronics,1063.84,3,1,0.1266,574.4,12,0
ORD_110842,CUST_3540,Apparel,1711.97,3,1,0.2197,1549.1,2,1
ORD_105170,CUST_2023,Apparel,1783.96,1,0,0.361,1937.8,1,0
ORD_113663,CUST_4853,Electronics,916.5,1,1,0.1372,1774.0,1,1
ORD_113780,CUST_4350,Electronics,1137.29,2,1,0.3119,2794.9,1,0
ORD_108060,CUST_2379,Apparel,665.65,0,1,0.2079,2082.2,1,1
ORD_101337,CUST_3762,Apparel,593.39,0,1,0.2142,2616.0,1,0
ORD_113497,CUST_1498,Electronics,1414.72,4,1,0.5457,1902.7,1,0
ORD_108399,CUST_3307,Apparel,4637.84,1,1,0.2649,1516.7,1,1
ORD_106132,CUST_3768,Home & Kitchen,1817.35,0,1,0.2006,3217.2,2,0
ORD_101208,CUST_1624,Electronics,801.77,10,1,0.0697,765.6,2,0
ORD_110286,CUST_4926,Footwear,6389.62,3,1,0.2066,1150.8,1,1
ORD_110892,CUST_4235,Apparel,2566.56,2,0,0.1514,828.2,1,0
ORD_109696,CUST_1198,Apparel,3472.4,1,1,0.0566,2306.5,12,1
ORD_101798,CUST_3679,Beauty,1842.74,0,1,0.1454,1543.5,1,0
ORD_102341,CUST_3428,Apparel,2298.15,2,1,0.099,1948.9,3,1
ORD_113159,CUST_2527,Apparel,434.98,1,1,0.3906,1709.4,1,1
ORD_103209,CUST_2184,Apparel,749.6,2,1,0.0364,2570.5,1,0
ORD_110008,CUST_4381,Apparel,373.48,10,1,0.2277,3195.8,1,1
ORD_101325,CUST_2870,Footwear,3307.73,0,0,0.1018,1408.3,6,1
ORD_103371,CUST_3832,Apparel,1183.63,5,0,0.0853,2220.0,1,0
ORD_112143,CUST_3147,Footwear,639.89,0,0,0.0716,1152.4,3,0
ORD_102834,CUST_1302,Apparel,1421.34,0,0,0.0984,2420.8,12,0
ORD_103232,CUST_1834,Apparel,1506.77,1,1,0.1817,385.1,2,0
ORD_102372,CUST_2823,Home & Kitchen,1219.58,1,1,0.0965,705.0,1,1
ORD_102282,CUST_4117,Electronics,409.55,0,0,0.0618,1717.2,1,0
ORD_110979,CUST_1455,Home & Kitchen,1601.41,1,0,0.3117,1031.2,6,1
ORD_109423,CUST_2039,Home & Kitchen,1544.14,0,0,0.0986,2662.2,1,0
ORD_113998,CUST_2096,Apparel,306.34,0,0,0.1192,2344.7,1,1
ORD_100498,CUST_2758,Apparel,1672.36,4,1,0.168,1528.1,1,1
ORD_106571,CUST_1238,Beauty,1499.35,0,1,0.0855,3109.7,3,0
ORD_107524,CUST_2485,Footwear,3113.84,3,0,0.2754,671.9,1,1
ORD_107744,CUST_2778,Apparel,435.19,0,1,0.1854,1417.8,1,0
ORD_110192,CUST_1225,Apparel,308.94,0,1,0.1188,634.7,1,0
ORD_106657,CUST_3906,Beauty,833.02,0,1,0.1299,1652.6,1,0
ORD_109629,CUST_1530,Home & Kitchen,5110.73,0,1,0.1575,314.3,1,0
ORD_108400,CUST_1420,Home & Kitchen,1802.83,2,1,0.1214,3470.6,12,0
ORD_105983,CUST_4380,Apparel,426.93,0,1,0.1473,967.8,2,0
ORD_111781,CUST_3518,Apparel,400.2,0,1,0.1166,2261.9,1,0
ORD_106378,CUST_1250,Footwear,1299.01,1,0,0.3169,1482.4,1,0
ORD_111630,CUST_2218,Home & Kitchen,397.44,0,1,0.4116,534.2,1,0
ORD_104565,CUST_2774,Beauty,4296.41,2,1,0.2238,2776.3,1,0
ORD_107099,CUST_2973,Apparel,2015.92,1,1,0.15,3266.4,1,0
ORD_105641,CUST_2390,Electronics,1418.21,1,0,0.0821,2651.4,1,0
ORD_101833,CUST_1040,Footwear,1567.84,0,1,0.1233,2926.9,1,1
ORD_101543,CUST_4687,Electronics,3690.24,0,1,0.2413,3297.0,1,1
ORD_104285,CUST_4674,Apparel,924.23,2,0,0.0839,1352.4,3,0
ORD_107574,CUST_2213,Apparel,1657.14,2,1,0.1944,3121.7,1,1
ORD_112138,CUST_4308,Home & Kitchen,2418.46,0,0,0.0696,272.0,6,0
ORD_100411,CUST_4234,Home & Kitchen,1163.36,4,0,0.3043,2751.4,3,1
ORD_114529,CUST_4714,Apparel,1993.0,0,0,0.087,1803.9,1,0
ORD_109904,CUST_1085,Apparel,508.74,2,1,0.1248,2303.1,2,1
ORD_113587,CUST_2291,Electronics,583.93,0,1,0.4261,708.5,1,1
ORD_106321,CUST_4453,Home & Kitchen,3419.25,1,0,0.1756,1325.5,6,0
ORD_112610,CUST_1889,Footwear,357.42,1,0,0.3037,1374.1,12,0
ORD_113570,CUST_3199,Apparel,868.38,0,0,0.0884,2483.4,1,0
ORD_101692,CUST_4715,Home & Kitchen,2501.14,4,0,0.0322,851.4,1,0
ORD_102163,CUST_3263,Beauty,631.72,1,0,0.079,1095.0,3,0
ORD_113485,CUST_1018,Apparel,1687.4,1,1,0.1544,1259.0,1,0
ORD_105124,CUST_4639,Electronics,536.2,0,1,0.1174,210.8,1,0
ORD_114012,CUST_2099,Beauty,541.72,4,1,0.1221,2721.8,1,1
ORD_110432,CUST_4670,Footwear,1227.37,3,0,0.2212,2412.3,6,0
ORD_114750,CUST_3134,Footwear,302.43,7,1,0.1926,1662.4,1,1
ORD_103494,CUST_2439,Beauty,551.13,0,1,0.4236,3167.1,1,1
ORD_114844,CUST_2348,Apparel,713.54,1,0,0.1915,3172.3,3,0
ORD_102443,CUST_3253,Apparel,2431.26,0,1,0.3957,1688.4,6,1
ORD_112776,CUST_3922,Electronics,737.32,3,1,0.2059,412.0,1,0
ORD_112582,CUST_4385,Home & Kitchen,3974.31,0,1,0.0425,2908.3,1,0
ORD_110841,CUST_4385,Apparel,2980.98,3,0,0.1981,1159.8,1,1
ORD_110415,CUST_1638,Footwear,684.58,0,1,0.321,3438.8,1,0
ORD_103485,CUST_3992,Home & Kitchen,1064.16,4,1,0.2308,668.7,3,1
ORD_102540,CUST_3270,Footwear,764.53,0,1,0.2649,3444.1,3,0
ORD_100841,CUST_4301,Home & Kitchen,3066.19,0,0,0.2438,3152.2,1,0
ORD_113234,CUST_2731,Electronics,1479.56,1,0,0.3051,2688.2,1,0
ORD_114431,CUST_4249,Apparel,592.15,1,1,0.0989,794.0,6,0
ORD_108637,CUST_2999,Footwear,1892.81,0,0,0.1397,3110.1,1,1
ORD_100436,CUST_2045,Footwear,3931.94,4,1,0.2808,2108.0,1,0
ORD_109388,CUST_3368,Footwear,2348.19,1,1,0.2405,193.2,1,0
ORD_112057,CUST_4015,Footwear,961.09,0,1,0.0253,423.8,1,0
ORD_108024,CUST_2409,Footwear,2047.94,1,1,0.243,820.4,1,0
ORD_105341,CUST_2847,Beauty,792.48,0,1,0.1952,2757.7,2,0
ORD_101995,CUST_4911,Apparel,1419.83,0,1,0.3599,2294.5,2,1
ORD_108571,CUST_1225,Apparel,497.67,1,1,0.1567,3114.1,1,0
ORD_114832,CUST_4857,Footwear,1520.23,0,0,0.3276,2621.8,3,1
ORD_113781,CUST_1520,Electronics,1073.85,0,0,0.2665,2033.0,1,0
ORD_109701,CUST_1723,Apparel,607.17,3,1,0.1298,1847.1,6,0
ORD_105483,CUST_1519,Electronics,2247.03,1,1,0.0668,1269.0,1,0
ORD_101141,CUST_4823,Apparel,2263.89,1,1,0.1673,752.2,2,0
ORD_111476,CUST_3779,Beauty,772.4,1,0,0.1066,1810.9,3,0
ORD_108880,CUST_1515,Home & Kitchen,714.99,4,1,0.0921,3102.5,1,0
ORD_107564,CUST_3927,Footwear,2729.63,1,1,0.3912,3099.6,1,1
ORD_104487,CUST_3912,Electronics,5016.35,4,0,0.1498,1377.5,1,0
ORD_111094,CUST_1748,Electronics,592.84,0,0,0.1792,1518.4,1,0
ORD_111665,CUST_1898,Home & Kitchen,1143.08,0,0,0.3504,1089.2,1,0
ORD_112622,CUST_4283,Home & Kitchen,472.51,0,0,0.1368,685.9,1,0
ORD_110936,CUST_1386,Home & Kitchen,5479.47,2,0,0.1501,3136.0,1,0
ORD_100693,CUST_4546,Footwear,6366.41,0,1,0.1816,2650.1,12,0
ORD_105455,CUST_2355,Footwear,7279.25,0,0,0.0877,3253.1,1,0
ORD_101223,CUST_1364,Beauty,3516.45,1,1,0.3125,1007.5,1,1
ORD_100741,CUST_4146,Apparel,1288.48,5,1,0.2005,854.3,1,1
ORD_114692,CUST_2241,Apparel,3013.38,0,1,0.0989,2868.5,3,0
ORD_100386,CUST_3101,Beauty,384.39,1,1,0.0978,1135.2,1,0
ORD_103910,CUST_1269,Home & Kitchen,3079.24,0,1,0.2157,3045.9,1,0
ORD_102208,CUST_1453,Home & Kitchen,612.39,0,1,0.2613,1151.8,2,0
ORD_112070,CUST_1611,Beauty,3172.16,0,1,0.2343,2555.0,1,0
ORD_104803,CUST_4921,Home & Kitchen,349.23,1,1,0.087,2579.2,1,0
ORD_110943,CUST_4052,Electronics,686.1,0,0,0.0594,792.5,1,0
ORD_113265,CUST_3427,Electronics,626.39,0,0,0.3466,3413.4,6,0
ORD_114841,CUST_3041,Home & Kitchen,1657.73,0,1,0.2614,2251.3,1,0
ORD_102047,CUST_1545,Beauty,349.46,5,0,0.0977,3015.9,2,0
ORD_110168,CUST_1306,Footwear,1205.09,0,1,0.1105,579.6,1,1
ORD_100435,CUST_4446,Electronics,2635.68,0,0,0.0658,3265.4,1,0
ORD_108269,CUST_2652,Electronics,398.86,0,0,0.2128,690.6,1,1
ORD_111709,CUST_1340,Footwear,391.43,0,1,0.1205,3262.6,2,0
ORD_112554,CUST_1225,Home & Kitchen,760.41,0,0,0.2334,3421.7,1,0
ORD_101527,CUST_2683,Apparel,1433.15,0,1,0.4252,2707.2,1,0
ORD_110142,CUST_3415,Home & Kitchen,351.2,2,1,0.5711,783.5,1,0
ORD_105082,CUST_2464,Apparel,1531.2,2,0,0.0917,2555.0,1,0
ORD_101382,CUST_1320,Beauty,1910.3,0,1,0.1352,3068.0,1,0
ORD_111376,CUST_2604,Footwear,2606.49,1,1,0.2682,2951.3,1,0
ORD_112470,CUST_3869,Footwear,798.42,0,1,0.3845,2534.3,1,1
ORD_109883,CUST_2461,Electronics,5634.83,2,1,0.2506,156.6,1,0
ORD_105878,CUST_3378,Apparel,1278.87,1,1,0.196,3310.4,2,1
ORD_113727,CUST_2962,Beauty,3138.78,3,1,0.0429,2885.8,1,0
ORD_114808,CUST_3543,Beauty,472.94,0,0,0.2631,1480.6,3,0
ORD_111891,CUST_3451,Electronics,1343.02,0,0,0.1987,2426.7,1,0
ORD_112173,CUST_2387,Apparel,1244.75,1,1,0.1604,1330.5,1,0
ORD_114604,CUST_4183,Home & Kitchen,826.75,3,1,0.309,3330.1,1,0
ORD_113553,CUST_1244,Apparel,3300.51,1,1,0.2129,1287.7,1,0
ORD_103797,CUST_4775,Apparel,609.37,0,0,0.1487,1435.9,1,0
ORD_103204,CUST_3453,Footwear,1599.59,0,0,0.2355,798.4,1,0
ORD_114979,CUST_1265,Apparel,2194.35,1,0,0.0181,3318.9,1,0
ORD_107957,CUST_3537,Apparel,3045.47,0,1,0.0594,607.6,1,1
ORD_105139,CUST_1905,Beauty,367.6,1,1,0.4271,2051.8,6,0
ORD_110777,CUST_4990,Apparel,563.94,3,1,0.0579,1282.1,1,1
ORD_100544,CUST_3518,Apparel,417.65,1,1,0.0717,3048.2,1,0
ORD_103151,CUST_2195,Footwear,687.98,0,0,0.0887,1737.6,1,0
ORD_114190,CUST_1069,Footwear,443.04,0,1,0.1647,756.6,1,0
ORD_102274,CUST_4789,Footwear,567.97,0,0,0.2037,2829.6,1,0
ORD_101582,CUST_2645,Footwear,1293.03,7,0,0.3496,1587.9,1,0
ORD_110272,CUST_4064,Home & Kitchen,999.16,2,1,0.1449,3060.2,1,1
ORD_106418,CUST_1541,Electronics,3876.03,0,1,0.38,2978.2,3,0
ORD_101056,CUST_1448,Footwear,2006.33,0,1,0.0333,423.8,1,0
ORD_110061,CUST_2420,Apparel,624.54,3,1,0.0728,2362.3,1,0
ORD_105036,CUST_3773,Apparel,1356.97,0,1,0.2882,3094.7,12,0
ORD_104113,CUST_3924,Apparel,1561.55,0,1,0.1012,3284.0,1,0
ORD_110440,CUST_4974,Electronics,411.15,2,0,0.1696,3130.4,2,0
ORD_101297,CUST_2605,Electronics,2358.59,0,0,0.0178,2523.8,1,0
ORD_114953,CUST_2728,Home & Kitchen,1903.9,3,1,0.0819,2725.7,2,0
ORD_104619,CUST_1048,Electronics,1743.63,0,1,0.0273,819.4,3,0
ORD_112439,CUST_3462,Footwear,613.13,3,1,0.2004,2910.3,2,0
ORD_100349,CUST_3598,Apparel,1602.51,0,1,0.1036,1732.7,3,0
ORD_100995,CUST_3497,Apparel,5601.66,1,0,0.0721,1790.8,1,0
ORD_104643,CUST_2823,Beauty,482.96,0,1,0.1226,963.6,1,0
ORD_109867,CUST_2674,Electronics,578.54,4,0,0.19,972.3,6,0
ORD_113069,CUST_1386,Apparel,1135.02,0,0,0.1238,962.1,1,0
ORD_114869,CUST_3392,Footwear,691.38,5,1,0.2214,2897.5,1,0
ORD_110614,CUST_3042,Footwear,3321.94,0,0,0.1962,2574.9,1,0
ORD_102677,CUST_3884,Apparel,384.7,0,1,0.442,1752.9,6,0
ORD_104049,CUST_3675,Electronics,1787.04,0,0,0.1373,1844.9,12,1
ORD_114999,CUST_2284,Apparel,1291.27,2,0,0.3828,737.8,1,1
ORD_108778,CUST_3159,Electronics,533.59,0,1,0.2772,3434.2,3,0
ORD_103477,CUST_1788,Apparel,555.72,1,0,0.2393,859.5,2,0
ORD_104213,CUST_3354,Apparel,3183.54,1,1,0.3326,2308.3,2,0
ORD_105090,CUST_4797,Apparel,300.49,0,1,0.4793,1008.4,1,0
ORD_101691,CUST_1830,Electronics,1339.33,3,0,0.049,3207.0,6,0
ORD_113158,CUST_3967,Apparel,3230.18,1,1,0.09,3191.1,1,0
ORD_103007,CUST_3345,Apparel,960.72,0,1,0.3733,2308.1,1,0
ORD_102649,CUST_1294,Apparel,399.87,4,1,0.2017,2343.8,2,0
ORD_104966,CUST_4175,Apparel,448.44,1,0,0.217,607.8,3,0
ORD_100942,CUST_4957,Beauty,2387.66,2,1,0.0777,328.3,1,0
ORD_101435,CUST_3136,Footwear,4347.06,0,1,0.2172,981.3,1,0
ORD_100121,CUST_1337,Apparel,701.68,0,0,0.0785,641.0,1,0
ORD_105293,CUST_3102,Beauty,2156.89,0,1,0.3155,3423.9,1,1
ORD_100683,CUST_2348,Apparel,317.47,0,0,0.2529,2543.9,1,0
ORD_110261,CUST_4535,Home & Kitchen,1133.76,0,1,0.1391,1500.6,2,0
ORD_107232,CUST_1870,Apparel,697.48,2,1,0.1197,2080.9,1,1
ORD_110313,CUST_4078,Home & Kitchen,2168.03,1,0,0.4358,2387.3,1,0
ORD_113040,CUST_2886,Home & Kitchen,5089.71,0,1,0.2011,3259.8,2,1
ORD_105710,CUST_1495,Electronics,796.45,0,0,0.4322,2053.5,1,1
ORD_112929,CUST_4196,Apparel,668.93,0,1,0.3525,3311.7,1,1
ORD_108716,CUST_3575,Footwear,1732.64,2,1,0.164,2835.7,1,0
ORD_114759,CUST_3468,Beauty,1034.07,5,0,0.0701,3031.1,1,0
ORD_103792,CUST_2337,Apparel,2759.85,0,0,0.3321,3013.1,1,1
ORD_114763,CUST_3458,Footwear,562.41,0,1,0.2294,3140.3,3,0
ORD_106420,CUST_2255,Electronics,545.82,0,1,0.2464,1330.6,1,0
ORD_113097,CUST_3138,Beauty,658.14,0,0,0.1289,1999.4,1,0
ORD_114081,CUST_1886,Footwear,383.92,0,1,0.2213,3305.2,1,1
ORD_112449,CUST_2568,Apparel,1339.23,3,1,0.1816,2804.8,1,0
ORD_105016,CUST_4965,Electronics,745.11,0,0,0.1642,2272.3,1,0
ORD_107670,CUST_1972,Apparel,1205.0,0,1,0.1853,3343.8,1,1
ORD_112499,CUST_4275,Apparel,1514.95,0,0,0.0865,2192.9,1,0
ORD_103439,CUST_1182,Footwear,1013.29,1,0,0.4055,1167.4,1,0
ORD_109038,CUST_3733,Apparel,952.98,0,0,0.1933,1406.4,1,0
ORD_105317,CUST_2479,Beauty,591.0,0,1,0.406,1214.0,2,1
ORD_110525,CUST_3939,Home & Kitchen,3181.71,0,1,0.0312,735.1,1,0
ORD_107279,CUST_1967,Home & Kitchen,3197.85,0,1,0.3269,267.4,1,0
ORD_103386,CUST_4774,Apparel,2637.64,0,1,0.1471,2065.5,1,1
ORD_108545,CUST_4138,Footwear,603.98,0,1,0.3257,1897.5,1,1
ORD_100200,CUST_4312,Electronics,1847.23,0,0,0.2609,1228.3,1,1
ORD_112763,CUST_3276,Apparel,2623.98,2,1,0.4048,2603.9,12,0
ORD_110629,CUST_2101,Electronics,1161.99,0,1,0.4755,2499.9,1,1
ORD_104967,CUST_4606,Footwear,656.34,1,1,0.1641,2249.0,1,0
ORD_111917,CUST_4253,Footwear,3965.74,5,1,0.3376,1992.0,1,0
ORD_102955,CUST_2838,Footwear,960.71,0,1,0.1214,1770.5,1,0
ORD_103967,CUST_2938,Apparel,670.06,0,0,0.0871,197.0,1,0
ORD_101806,CUST_4280,Home & Kitchen,2653.77,0,1,0.31,680.9,1,1
ORD_107847,CUST_4498,Apparel,823.28,0,1,0.1852,534.3,3,0
ORD_108005,CUST_1587,Home & Kitchen,948.37,0,1,0.4586,2695.5,1,0
ORD_105326,CUST_3204,Apparel,806.96,1,0,0.1893,608.3,1,0
ORD_107813,CUST_1194,Apparel,1990.11,0,1,0.0836,1265.8,1,0
ORD_101429,CUST_4481,Home & Kitchen,1262.97,0,1,0.2742,3470.9,1,1
ORD_111382,CUST_4895,Electronics,584.07,2,0,0.2372,195.0,1,1
ORD_111932,CUST_3815,Apparel,1634.54,0,0,0.1488,868.2,1,1
ORD_108526,CUST_1889,Beauty,1324.22,0,1,0.1985,2542.5,1,1
ORD_107226,CUST_4220,Electronics,2405.98,0,0,0.161,3018.3,1,0
ORD_110995,CUST_3311,Home & Kitchen,425.59,0,1,0.1165,1095.8,3,0
ORD_102469,CUST_3013,Footwear,3893.07,2,1,0.0628,2574.4,1,0
ORD_102795,CUST_1918,Apparel,759.18,0,0,0.3211,1475.5,6,1
ORD_106473,CUST_4306,Home & Kitchen,931.46,0,1,0.5745,1451.9,1,0
ORD_114174,CUST_3005,Electronics,896.03,2,0,0.0289,2874.4,1,0
ORD_103054,CUST_3904,Home & Kitchen,781.82,1,0,0.2319,1094.0,1,0
ORD_107570,CUST_1186,Home & Kitchen,496.1,0,1,0.0937,2701.0,2,0
ORD_107440,CUST_2719,Apparel,426.53,3,1,0.1098,376.6,3,1
ORD_114439,CUST_2440,Apparel,449.4,0,1,0.2113,1752.1,1,0
ORD_108667,CUST_1998,Footwear,755.85,1,1,0.2246,3382.0,1,0
ORD_106047,CUST_1841,Beauty,1094.23,5,0,0.2648,2710.8,1,0
ORD_100964,CUST_4387,Apparel,325.6,1,0,0.1978,2949.2,6,1
ORD_111229,CUST_3561,Home & Kitchen,1657.86,3,0,0.3223,2386.0,2,1
ORD_103157,CUST_2494,Beauty,382.21,3,0,0.2038,1677.2,1,0
ORD_101335,CUST_1193,Apparel,1346.04,0,0,0.0845,827.7,1,0
ORD_108252,CUST_2466,Apparel,864.99,1,0,0.305,939.1,1,0
ORD_102745,CUST_2579,Apparel,302.94,0,1,0.1263,3098.2,1,0
ORD_112585,CUST_1975,Beauty,766.19,1,1,0.2084,1306.9,2,1
ORD_110871,CUST_1771,Apparel,2034.51,0,0,0.349,2148.8,1,0
ORD_105700,CUST_1305,Electronics,1324.42,0,1,0.2771,1166.6,1,0
ORD_101913,CUST_1481,Apparel,1451.59,0,1,0.2262,1078.0,1,1
ORD_101889,CUST_2250,Home & Kitchen,4982.09,0,0,0.1278,758.5,6,0
ORD_102224,CUST_2346,Apparel,401.43,0,1,0.1654,3246.9,2,0
ORD_102750,CUST_2925,Apparel,813.94,1,1,0.0801,3016.9,2,0
ORD_103885,CUST_2861,Footwear,2772.62,1,0,0.0628,3122.8,1,0
ORD_106723,CUST_3587,Footwear,1154.68,0,0,0.0745,1118.0,1,1
ORD_111590,CUST_4368,Electronics,2819.54,2,1,0.2068,604.4,1,0
ORD_102708,CUST_3966,Apparel,1564.51,1,1,0.13,911.2,1,1
ORD_111272,CUST_1099,Beauty,1474.1,0,1,0.0143,638.7,1,0
ORD_100149,CUST_2698,Apparel,2552.34,1,1,0.0525,2950.7,1,0
ORD_113198,CUST_1567,Beauty,1482.1,2,1,0.1034,1711.8,6,1
ORD_111935,CUST_2047,Footwear,990.06,0,1,0.0381,3455.3,1,0
ORD_102338,CUST_1762,Apparel,2918.59,0,1,0.14,2190.1,2,0
ORD_108976,CUST_2215,Home & Kitchen,1512.11,3,1,0.0761,713.8,1,0
ORD_107698,CUST_3017,Home & Kitchen,587.68,1,1,0.3631,1814.6,12,1
ORD_113020,CUST_1470,Beauty,2060.27,0,1,0.1432,3006.7,1,0
ORD_109801,CUST_3576,Apparel,1171.77,0,1,0.1009,948.8,2,0
ORD_105572,CUST_1153,Electronics,519.39,7,0,0.362,1051.5,6,0
ORD_112722,CUST_1594,Electronics,351.03,2,0,0.2084,3143.7,1,0
ORD_100209,CUST_3796,Footwear,397.7,0,0,0.0534,1529.2,1,0
ORD_111641,CUST_4985,Beauty,1050.05,7,0,0.2571,2514.3,1,0
ORD_114576,CUST_4573,Apparel,2505.19,2,1,0.0865,374.2,6,0
ORD_101636,CUST_2002,Electronics,877.67,0,0,0.198,1734.0,1,1
ORD_113204,CUST_4973,Home & Kitchen,1141.62,10,0,0.2134,1780.9,1,1
ORD_107833,CUST_4969,Home & Kitchen,1007.0,1,1,0.1835,377.9,2,0
ORD_112938,CUST_4317,Apparel,741.66,0,1,0.1372,1850.1,6,0
ORD_104024,CUST_2979,Apparel,1589.01,2,0,0.0926,308.6,12,0
ORD_113282,CUST_3782,Home & Kitchen,861.35,3,0,0.1176,3057.3,2,1
ORD_102627,CUST_3779,Electronics,506.89,4,0,0.0142,3283.0,1,0
ORD_113573,CUST_3700,Apparel,2401.71,7,0,0.3232,347.5,1,1
ORD_102365,CUST_1038,Electronics,320.42,0,1,0.1213,1404.3,1,0
ORD_103449,CUST_1743,Footwear,370.32,1,1,0.2781,2485.0,3,0
ORD_106276,CUST_1494,Beauty,1352.92,0,1,0.0276,1241.5,1,0
ORD_108634,CUST_3969,Apparel,1060.14,0,1,0.1938,910.1,1,0
ORD_104336,CUST_1933,Apparel,3430.9,4,1,0.2978,1442.0,1,1
ORD_106820,CUST_4792,Apparel,1168.89,1,0,0.009,2605.4,1,0
ORD_103715,CUST_3256,Electronics,1914.64,2,0,0.1553,3045.1,1,1
ORD_106095,CUST_3343,Home & Kitchen,437.88,0,0,0.1685,2261.1,6,0
ORD_104021,CUST_1587,Apparel,1000.02,0,1,0.2565,206.5,2,1
ORD_111417,CUST_1596,Apparel,559.77,1,1,0.268,679.2,1,1
ORD_114123,CUST_4843,Footwear,1739.75,0,1,0.2995,3297.6,1,0
ORD_111156,CUST_4662,Footwear,928.79,1,0,0.4421,3373.3,1,0
ORD_109793,CUST_1534,Apparel,706.01,1,0,0.1813,2233.1,1,0
ORD_111256,CUST_2035,Apparel,831.96,1,1,0.2561,2260.7,1,0
ORD_111039,CUST_2840,Apparel,607.91,0,0,0.0351,2872.3,1,1
ORD_100373,CUST_1452,Apparel,630.38,1,0,0.0755,787.2,1,0
ORD_111508,CUST_3097,Home & Kitchen,1063.37,0,0,0.3899,2085.9,1,0
ORD_106231,CUST_2837,Apparel,1081.33,0,0,0.2207,1196.3,3,0
ORD_106350,CUST_3607,Apparel,808.14,1,0,0.2922,2591.0,1,1
ORD_109437,CUST_3920,Footwear,2233.29,1,1,0.4527,2800.1,6,0
ORD_105506,CUST_3121,Footwear,573.32,0,0,0.2444,1500.2,3,0
ORD_108974,CUST_3933,Footwear,1185.18,2,1,0.1505,3389.8,1,1
ORD_108501,CUST_1143,Apparel,1853.33,10,1,0.205,1454.7,1,1
ORD_114580,CUST_3381,Apparel,1057.22,0,0,0.0604,1452.0,1,0
ORD_113055,CUST_3634,Footwear,1763.9,2,0,0.1651,1502.2,1,0
ORD_105581,CUST_1104,Apparel,517.55,0,1,0.0694,1235.8,2,0
ORD_112129,CUST_3426,Apparel,1140.23,3,0,0.2978,463.3,1,0
ORD_106067,CUST_3962,Apparel,408.23,4,1,0.0595,1756.4,2,0
ORD_111938,CUST_3549,Electronics,1056.95,1,1,0.1038,1737.1,1,0
ORD_104699,CUST_4557,Electronics,887.79,0,1,0.2206,214.8,1,0
ORD_104037,CUST_2177,Footwear,1988.67,0,1,0.0824,762.6,1,0
ORD_113400,CUST_2866,Apparel,1126.81,0,0,0.0605,404.0,1,0
ORD_113193,CUST_3965,Electronics,494.42,0,0,0.0764,2097.8,12,0
ORD_113314,CUST_4091,Home & Kitchen,6157.49,0,1,0.1989,1480.5,1,0
ORD_107330,CUST_3899,Footwear,1692.56,0,0,0.3768,1950.5,2,0
ORD_109943,CUST_2961,Electronics,2349.19,0,0,0.1986,1784.2,1,0
ORD_111933,CUST_4513,Apparel,744.3,5,1,0.4106,3412.1,1,0
ORD_111983,CUST_4690,Apparel,348.54,0,1,0.3363,893.9,1,1
ORD_100225,CUST_4060,Home & Kitchen,4477.08,0,1,0.1297,973.0,2,1
ORD_108395,CUST_1558,Home & Kitchen,1319.51,0,0,0.3766,3463.3,1,0
ORD_102828,CUST_2993,Footwear,1937.87,0,0,0.1057,288.4,1,0
ORD_107468,CUST_2231,Electronics,1980.98,1,1,0.2338,314.3,1,0
ORD_113124,CUST_3770,Apparel,448.4,2,1,0.2402,804.5,1,0
ORD_103958,CUST_3361,Electronics,1589.68,0,0,0.0762,320.6,3,0
ORD_106735,CUST_3217,Apparel,1933.27,3,0,0.4546,1606.4,1,0
ORD_103990,CUST_4425,Electronics,1123.6,0,1,0.3117,2556.3,1,0
ORD_111765,CUST_1331,Apparel,2504.48,0,1,0.2091,3452.2,1,1
ORD_100024,CUST_2515,Electronics,1895.75,2,1,0.2999,2374.7,1,1
ORD_111761,CUST_1507,Home & Kitchen,1930.96,1,1,0.3489,1526.1,1,0
ORD_111328,CUST_4445,Electronics,2318.76,1,1,0.3604,2952.9,1,0
ORD_110299,CUST_1332,Apparel,3369.54,10,1,0.1461,399.2,1,1
ORD_105147,CUST_1928,Apparel,2276.87,0,0,0.1143,316.9,1,0
ORD_114144,CUST_1441,Footwear,1837.1,0,0,0.3183,589.4,1,0
ORD_105706,CUST_2434,Footwear,1424.71,0,1,0.0893,3059.4,2,1
ORD_106982,CUST_1678,Home & Kitchen,441.58,0,1,0.058,2511.3,3,0
ORD_113176,CUST_4618,Beauty,3797.34,0,1,0.4578,2298.5,2,0
ORD_105319,CUST_4285,Home & Kitchen,698.0,0,1,0.1832,2545.1,1,0
ORD_112865,CUST_3605,Apparel,2057.18,5,0,0.3137,2193.0,1,0
ORD_110223,CUST_1560,Footwear,1396.79,1,0,0.162,3084.0,1,0
ORD_105451,CUST_4770,Apparel,1154.91,0,1,0.1467,2279.6,1,0
ORD_111097,CUST_3542,Electronics,368.96,3,0,0.1595,471.2,1,0
ORD_110065,CUST_4891,Home & Kitchen,927.7,1,1,0.0995,3481.5,1,0
ORD_114250,CUST_3047,Footwear,1584.64,2,1,0.0629,1615.0,2,1
ORD_110960,CUST_3094,Home & Kitchen,368.69,5,1,0.1606,716.1,1,0
ORD_114543,CUST_2805,Electronics,1021.8,2,0,0.1673,462.9,1,1
ORD_104652,CUST_1359,Electronics,386.36,2,0,0.1915,1462.4,1,0
ORD_105649,CUST_3012,Apparel,430.55,1,1,0.1562,2090.9,1,0
ORD_108431,CUST_1581,Apparel,2460.59,0,1,0.2224,3258.5,1,1
ORD_110069,CUST_3413,Apparel,3747.29,0,0,0.342,881.3,1,0
ORD_107006,CUST_4089,Home & Kitchen,1331.19,0,0,0.1899,3229.1,1,0
ORD_111952,CUST_1319,Footwear,344.23,0,0,0.1452,2137.1,12,0
ORD_110387,CUST_1982,Home & Kitchen,661.9,0,1,0.0878,1570.2,1,0
ORD_101986,CUST_1249,Apparel,1003.67,0,1,0.1451,377.5,2,0
ORD_107537,CUST_4408,Footwear,346.97,4,0,0.2417,687.9,1,0
ORD_104654,CUST_3607,Home & Kitchen,3271.69,0,1,0.0451,2773.0,1,0
ORD_111012,CUST_4436,Electronics,2266.61,0,0,0.2763,3441.5,1,0
ORD_101305,CUST_3397,Electronics,1576.26,0,1,0.2176,2311.8,3,0
ORD_106642,CUST_4839,Apparel,1573.46,2,0,0.062,1281.3,1,0
ORD_103492,CUST_3514,Home & Kitchen,407.14,0,1,0.0384,476.9,3,0
ORD_107449,CUST_2462,Footwear,743.19,0,0,0.2831,2950.1,1,0
ORD_110682,CUST_3667,Apparel,801.89,0,0,0.2175,1042.7,1,0
ORD_102723,CUST_2280,Apparel,1541.01,0,0,0.0556,2622.1,6,0
ORD_113541,CUST_4916,Home & Kitchen,1403.97,0,0,0.1646,1873.8,1,0
ORD_113413,CUST_2561,Apparel,2639.32,0,0,0.2066,820.9,2,1
ORD_106518,CUST_4471,Apparel,2779.57,0,0,0.1424,3457.8,1,0
ORD_101883,CUST_4583,Apparel,2782.43,0,0,0.2138,1020.5,2,0
ORD_102384,CUST_4511,Electronics,1923.35,0,0,0.084,1943.0,3,0
ORD_110924,CUST_4486,Apparel,2273.57,3,1,0.079,2792.1,1,1
ORD_106995,CUST_3248,Home & Kitchen,2427.44,3,0,0.5636,1352.5,3,1
ORD_106521,CUST_3946,Electronics,1770.42,0,0,0.1416,512.0,1,0
ORD_110660,CUST_2993,Footwear,1101.54,0,0,0.3735,2779.7,1,0
ORD_105792,CUST_2099,Apparel,1151.4,0,0,0.0407,446.9,1,0
ORD_106367,CUST_2030,Apparel,577.02,5,1,0.1682,2474.1,2,1
ORD_114849,CUST_3932,Electronics,1255.95,4,1,0.2022,1343.1,1,1
ORD_100587,CUST_3914,Apparel,449.76,0,1,0.1101,1487.1,12,0
ORD_105655,CUST_3480,Home & Kitchen,546.85,1,1,0.0271,2651.3,1,0
ORD_114966,CUST_3775,Electronics,749.03,0,1,0.1734,259.6,1,0
ORD_105324,CUST_4996,Beauty,1573.08,0,1,0.3729,3320.3,3,0
ORD_102026,CUST_1363,Apparel,1601.24,3,1,0.1418,2625.1,1,0
ORD_110784,CUST_2875,Electronics,2845.12,5,1,0.1098,2891.9,1,1
ORD_103939,CUST_2422,Apparel,364.64,3,0,0.3659,2074.1,2,0
ORD_106469,CUST_3666,Apparel,3438.45,2,0,0.4946,3380.8,1,1
ORD_113880,CUST_4125,Home & Kitchen,475.5,2,0,0.0918,3120.3,1,0
ORD_101066,CUST_1249,Footwear,486.97,0,0,0.0838,2314.5,1,0
ORD_106135,CUST_1389,Apparel,2392.06,3,0,0.1369,2337.6,3,0
ORD_100321,CUST_4582,Apparel,632.25,0,0,0.2832,760.9,6,0
ORD_113823,CUST_2344,Apparel,555.08,0,0,0.226,1510.2,6,0
ORD_109989,CUST_1193,Footwear,2686.66,0,1,0.086,3377.2,6,0
ORD_101896,CUST_1405,Footwear,1456.34,2,1,0.3404,892.7,1,1
ORD_111569,CUST_3370,Apparel,529.03,1,1,0.1089,1626.7,1,1
ORD_100069,CUST_3061,Electronics,636.48,2,1,0.0393,623.1,1,0
ORD_107408,CUST_4932,Home & Kitchen,1947.6,0,0,0.2877,3467.8,2,1
ORD_113725,CUST_1620,Footwear,775.78,7,1,0.1766,705.0,1,0
ORD_100400,CUST_3557,Footwear,2015.12,0,0,0.0325,376.6,1,0
ORD_108035,CUST_3172,Home & Kitchen,574.75,0,0,0.2158,3330.0,1,0
ORD_114104,CUST_4856,Beauty,1437.85,1,0,0.0947,3059.5,12,0
ORD_102721,CUST_1861,Footwear,2997.5,1,1,0.1685,3362.6,1,0
ORD_114659,CUST_4877,Apparel,592.44,0,0,0.2736,2947.1,1,1
ORD_113222,CUST_2465,Home & Kitchen,1165.35,3,1,0.2537,1408.4,1,1
ORD_114120,CUST_2244,Electronics,304.55,0,0,0.0531,3147.9,1,0
ORD_113017,CUST_4284,Footwear,319.52,1,1,0.1094,941.4,1,0
ORD_100360,CUST_1262,Apparel,411.78,0,0,0.3065,2287.2,3,0
ORD_112790,CUST_2176,Footwear,1831.05,10,0,0.2111,1071.0,3,1
ORD_114344,CUST_4742,Footwear,847.85,5,1,0.1815,1279.5,1,1
ORD_110418,CUST_3102,Apparel,733.8,2,0,0.1321,2609.8,3,1
ORD_102280,CUST_2247,Electronics,1417.98,0,0,0.0979,2318.8,6,0
ORD_114867,CUST_2854,Home & Kitchen,5078.45,1,1,0.1247,2395.8,1,0
ORD_101749,CUST_1822,Home & Kitchen,2713.96,2,1,0.1101,2994.7,2,0
ORD_100661,CUST_1550,Home & Kitchen,1159.33,0,1,0.2184,3349.6,1,0
ORD_107538,CUST_3466,Home & Kitchen,423.66,0,1,0.084,526.2,1,0
ORD_108938,CUST_4895,Apparel,1062.76,0,1,0.0731,2428.4,1,0
ORD_106934,CUST_4446,Electronics,1496.34,0,1,0.2273,3232.6,12,0
ORD_113157,CUST_3249,Footwear,781.16,4,0,0.4148,1725.2,1,0
ORD_104975,CUST_2381,Footwear,1779.93,3,1,0.568,415.0,1,0
ORD_112949,CUST_4241,Beauty,901.6,0,1,0.2919,1698.5,1,0
ORD_110091,CUST_4004,Home & Kitchen,2165.06,3,1,0.3904,2460.8,1,1
ORD_110898,CUST_3658,Electronics,1670.35,0,1,0.0643,2194.8,1,1
ORD_108452,CUST_1904,Electronics,960.6,0,0,0.0377,2138.3,2,0
ORD_106470,CUST_3143,Apparel,1185.69,3,1,0.1684,2189.4,3,1
ORD_113629,CUST_3782,Apparel,603.22,0,0,0.1886,1089.6,6,0
ORD_103300,CUST_3949,Footwear,2150.54,0,1,0.1207,2318.9,2,0
ORD_113495,CUST_3960,Apparel,1840.54,5,0,0.2865,353.7,2,0
ORD_102161,CUST_3109,Home & Kitchen,2978.1,3,1,0.0801,531.0,1,0
ORD_111283,CUST_3437,Apparel,865.65,0,1,0.2515,1596.5,1,0
ORD_109852,CUST_1329,Electronics,1527.22,4,0,0.2054,2052.4,1,0
ORD_107314,CUST_2218,Apparel,505.74,5,0,0.1009,980.5,1,1
ORD_103722,CUST_4091,Apparel,1067.64,3,1,0.3653,2132.5,2,0
ORD_105745,CUST_2134,Electronics,1056.34,0,1,0.3065,2345.7,1,1
ORD_109718,CUST_3828,Footwear,2372.63,0,0,0.1153,2545.8,2,0
ORD_101428,CUST_1077,Apparel,2279.97,1,0,0.2282,395.6,1,0
ORD_102871,CUST_4681,Apparel,1264.88,0,1,0.1408,177.3,1,0
ORD_105877,CUST_4636,Footwear,846.82,3,1,0.235,546.4,1,1
ORD_113259,CUST_4388,Apparel,687.27,3,1,0.1268,1870.3,1,0
ORD_110062,CUST_2540,Footwear,1041.03,1,1,0.3822,2441.0,1,0
ORD_102340,CUST_1947,Apparel,2821.7,0,1,0.0575,3042.2,1,0
ORD_101608,CUST_2625,Electronics,786.43,1,0,0.4931,484.7,6,0
ORD_111299,CUST_3673,Electronics,586.62,0,0,0.3148,965.3,1,0
ORD_106314,CUST_3294,Apparel,430.21,1,1,0.1866,750.6,3,0
ORD_106319,CUST_3165,Footwear,2311.91,0,1,0.2608,1446.6,1,1
ORD_101003,CUST_4190,Home & Kitchen,6307.07,10,1,0.5662,2390.0,1,1
ORD_104724,CUST_3309,Footwear,1301.14,1,0,0.2612,374.3,12,0
ORD_114222,CUST_3107,Footwear,2939.61,4,1,0.2351,636.8,1,1
ORD_104059,CUST_1880,Electronics,1455.04,0,1,0.3326,200.6,1,0
ORD_110260,CUST_4523,Beauty,3943.35,0,1,0.172,1177.3,1,1
ORD_105264,CUST_3905,Apparel,1766.39,7,1,0.1429,2816.4,1,1
ORD_114380,CUST_3422,Footwear,5639.12,2,1,0.2281,1163.7,1,1
ORD_103912,CUST_1905,Footwear,2981.08,0,0,0.2821,1629.2,1,1
ORD_106782,CUST_1433,Beauty,1679.99,0,0,0.3537,3456.0,6,0
ORD_112897,CUST_1056,Electronics,1040.72,0,0,0.0803,2697.4,1,0
ORD_112508,CUST_2385,Apparel,486.66,2,1,0.2083,1100.5,1,0
ORD_111689,CUST_4245,Apparel,449.7,1,0,0.0472,2034.5,3,0
ORD_105425,CUST_2541,Home & Kitchen,1890.44,4,0,0.1985,3217.5,6,0
ORD_108310,CUST_3381,Electronics,940.3,3,1,0.3248,2864.2,1,1
ORD_108589,CUST_4536,Electronics,1015.12,1,0,0.1499,1235.0,1,0
ORD_107352,CUST_3493,Electronics,1497.43,3,0,0.1833,2501.4,1,1
ORD_108480,CUST_4594,Apparel,1457.36,0,1,0.0748,1532.9,1,0
ORD_105067,CUST_3823,Apparel,577.73,0,1,0.0361,832.0,1,1
ORD_106252,CUST_3594,Footwear,497.73,0,1,0.2929,567.9,6,0
ORD_111224,CUST_2096,Beauty,3775.04,0,1,0.352,2356.6,1,1
ORD_114265,CUST_2025,Apparel,432.46,1,1,0.4217,2925.1,1,0
ORD_101423,CUST_1724,Home & Kitchen,1464.2,3,1,0.3618,658.5,1,0
ORD_107844,CUST_1470,Footwear,1771.82,0,1,0.3366,754.6,1,0
ORD_105834,CUST_3330,Electronics,3909.04,10,0,0.2386,379.3,12,0
ORD_109877,CUST_3524,Apparel,5579.62,2,1,0.128,2101.2,1,0
ORD_101993,CUST_3930,Electronics,994.28,0,1,0.2669,565.9,1,0
ORD_100172,CUST_3731,Apparel,1800.66,3,1,0.2721,2927.3,2,0
ORD_102421,CUST_4380,Apparel,2619.81,0,1,0.0903,3148.4,2,0
ORD_106251,CUST_3156,Electronics,365.96,2,1,0.0991,364.6,3,0
ORD_102320,CUST_2040,Footwear,1515.97,0,1,0.4235,3297.5,1,1
ORD_101597,CUST_4208,Apparel,1962.16,0,1,0.2227,1677.5,1,1
ORD_100646,CUST_2243,Apparel,465.54,0,0,0.0606,369.2,3,0
ORD_104261,CUST_1532,Footwear,2656.69,1,1,0.2518,3375.2,3,0
ORD_101470,CUST_4086,Footwear,464.81,0,0,0.0443,501.7,2,0
ORD_112330,CUST_4150,Electronics,946.71,0,1,0.2013,1906.9,1,1
ORD_101772,CUST_1745,Footwear,2218.48,0,0,0.2375,3219.0,1,0
ORD_107058,CUST_1071,Apparel,427.2,0,1,0.2692,1475.4,3,0
ORD_112827,CUST_4843,Electronics,1741.73,5,1,0.1863,2780.3,1,0
ORD_107323,CUST_4764,Electronics,1036.85,2,1,0.0242,192.3,1,1
ORD_108670,CUST_3797,Electronics,693.97,4,0,0.3394,3016.7,1,0
ORD_113922,CUST_2245,Beauty,4960.65,0,1,0.191,2331.3,1,1
ORD_106284,CUST_1449,Beauty,1744.42,1,1,0.09,598.6,1,0
ORD_102699,CUST_4234,Footwear,2736.32,2,1,0.165,1287.4,1,1
ORD_101146,CUST_4254,Home & Kitchen,340.75,1,1,0.2271,2881.9,1,0
ORD_114881,CUST_2882,Footwear,1448.08,0,1,0.4001,1075.8,1,0
ORD_103795,CUST_3974,Footwear,3042.21,0,1,0.272,1688.5,1,1
ORD_104400,CUST_1727,Apparel,988.31,2,0,0.3592,1760.8,1,0
ORD_105931,CUST_2692,Footwear,337.79,0,1,0.2415,1651.7,1,0
ORD_110975,CUST_1357,Home & Kitchen,1750.55,10,0,0.1859,3315.9,1,1
ORD_112236,CUST_3386,Apparel,1458.31,5,1,0.1328,2977.4,3,1
ORD_109181,CUST_3433,Apparel,3556.38,4,0,0.2114,806.5,1,0
ORD_111702,CUST_1870,Electronics,1626.36,0,1,0.1458,2455.7,1,0
ORD_104548,CUST_4741,Apparel,770.11,0,0,0.2783,447.3,6,0
ORD_108585,CUST_4440,Electronics,1655.0,0,1,0.147,1059.8,6,1
ORD_108529,CUST_3170,Apparel,944.5,2,0,0.1981,2875.5,2,0
ORD_109971,CUST_1434,Beauty,636.54,1,0,0.3808,1710.5,1,0
ORD_100826,CUST_2156,Apparel,382.45,5,1,0.3681,2601.4,1,1
ORD_108680,CUST_3934,Apparel,1921.1,2,1,0.0455,2946.0,1,0
ORD_110617,CUST_1118,Electronics,1045.02,1,1,0.3168,2797.1,3,1
ORD_105865,CUST_4855,Home & Kitchen,757.56,0,1,0.2162,837.5,2,1
ORD_110771,CUST_2574,Footwear,5637.27,0,1,0.2097,583.5,6,0
ORD_112011,CUST_4981,Footwear,342.15,2,1,0.0283,1761.6,1,0
ORD_103484,CUST_3247,Home & Kitchen,1705.41,0,1,0.2121,2116.0,1,0
ORD_107935,CUST_2371,Footwear,2330.23,1,0,0.5162,550.2,1,1
ORD_104963,CUST_1546,Electronics,862.74,0,1,0.3881,449.2,1,1
ORD_114795,CUST_4663,Electronics,5571.27,0,0,0.1138,745.7,1,0
ORD_107851,CUST_2891,Footwear,519.35,0,1,0.0348,3339.9,1,1
ORD_111146,CUST_3362,Electronics,437.87,0,1,0.0758,964.5,1,0
ORD_113675,CUST_1730,Apparel,1914.85,0,1,0.2722,215.7,1,0
ORD_100866,CUST_1216,Footwear,2986.77,0,1,0.0151,1403.8,1,0
ORD_113510,CUST_1714,Apparel,2100.56,1,1,0.1101,793.9,1,1
ORD_108109,CUST_1615,Apparel,5093.66,0,0,0.1181,3030.9,2,0
ORD_105107,CUST_3624,Home & Kitchen,1877.39,3,1,0.1355,1132.5,1,0
ORD_109821,CUST_1363,Beauty,1096.98,0,1,0.3129,2401.1,1,0
ORD_107340,CUST_4672,Apparel,1598.43,0,1,0.3713,215.9,2,1
ORD_107619,CUST_1452,Apparel,2347.56,0,1,0.0903,786.3,2,0
ORD_107138,CUST_2756,Footwear,543.55,0,0,0.2325,1965.0,1,0
ORD_111062,CUST_3889,Footwear,428.87,1,0,0.0882,470.6,2,0
ORD_113973,CUST_2248,Electronics,3048.27,2,1,0.1749,1107.8,1,1
ORD_110773,CUST_2580,Electronics,2696.21,0,1,0.1918,3328.8,1,0
ORD_101852,CUST_1609,Apparel,1043.09,3,0,0.13,1940.2,1,0
ORD_101969,CUST_2291,Footwear,426.04,1,1,0.3299,2633.5,6,1
ORD_112526,CUST_4252,Home & Kitchen,396.89,0,1,0.2251,3183.7,1,0
ORD_113215,CUST_1581,Beauty,348.98,0,0,0.2213,1399.2,1,0
ORD_112762,CUST_4148,Apparel,2544.02,1,1,0.1818,471.6,1,1
ORD_100427,CUST_1400,Electronics,1579.56,1,1,0.1627,3094.6,1,0
ORD_104551,CUST_1726,Apparel,7405.11,0,1,0.0926,184.9,1,1
ORD_113993,CUST_2561,Electronics,1343.13,0,1,0.2754,553.5,1,0
ORD_114505,CUST_2972,Electronics,316.69,2,1,0.0794,752.2,1,0
ORD_106500,CUST_4571,Apparel,1412.65,0,0,0.0901,812.6,1,0
ORD_108113,CUST_1846,Footwear,2349.96,3,1,0.3108,762.1,1,1
ORD_100547,CUST_4425,Electronics,3585.88,0,1,0.2642,962.8,1,0
ORD_109762,CUST_2215,Footwear,735.34,0,1,0.2401,1028.5,1,0
ORD_111388,CUST_3333,Apparel,1146.38,3,0,0.1998,2125.0,3,1
ORD_108125,CUST_1935,Footwear,1063.18,0,0,0.3264,1653.9,1,1
ORD_102916,CUST_3889,Home & Kitchen,2878.69,2,1,0.0521,1826.9,6,0
ORD_107794,CUST_3851,Electronics,768.23,0,0,0.0739,1514.6,1,0
ORD_101108,CUST_3017,Footwear,1610.62,4,1,0.1794,379.2,2,0
ORD_106901,CUST_1359,Apparel,1113.83,0,1,0.3251,3094.9,6,1
ORD_110970,CUST_3202,Apparel,2096.7,1,0,0.2887,809.5,1,0
ORD_111459,CUST_1166,Apparel,591.93,3,0,0.112,3295.9,6,0
ORD_105419,CUST_3349,Apparel,600.35,1,1,0.1371,2337.0,1,0
ORD_114903,CUST_4930,Home & Kitchen,2979.64,0,1,0.1705,3169.1,1,0
ORD_100266,CUST_4743,Footwear,848.48,0,0,0.1074,3382.4,1,0
ORD_110822,CUST_4681,Electronics,2067.31,0,1,0.1279,3436.8,3,0
ORD_105856,CUST_4093,Footwear,370.31,0,0,0.3482,3069.6,3,0
ORD_103380,CUST_1421,Apparel,4932.92,4,1,0.0656,3340.6,2,0
ORD_114905,CUST_4244,Home & Kitchen,1690.68,0,1,0.1087,3440.4,3,1
ORD_104158,CUST_2758,Electronics,510.82,3,0,0.0732,185.5,1,0
ORD_104185,CUST_4643,Beauty,299.29,0,0,0.3352,2050.6,1,0
ORD_114619,CUST_4504,Electronics,430.54,1,0,0.1338,641.0,1,0
ORD_108251,CUST_1327,Footwear,2217.07,0,0,0.1711,1157.9,3,0
ORD_114719,CUST_1415,Apparel,3505.66,2,1,0.1508,2874.6,1,0
ORD_106456,CUST_1205,Electronics,2550.9,0,1,0.1291,2495.0,1,0
ORD_111970,CUST_3147,Electronics,2813.17,0,1,0.1383,1224.3,1,0
ORD_114030,CUST_2296,Footwear,583.68,1,1,0.2663,1801.8,12,1
ORD_106160,CUST_4323,Footwear,1180.37,0,1,0.0765,1185.6,1,0
ORD_104165,CUST_3178,Electronics,353.0,0,0,0.3382,1164.0,1,0
ORD_114447,CUST_4565,Apparel,832.36,1,1,0.2267,2464.8,1,1
ORD_111777,CUST_4243,Apparel,1664.95,10,0,0.5193,2807.4,1,1
ORD_110996,CUST_4129,Apparel,1116.14,1,0,0.1517,2367.7,6,0
ORD_101262,CUST_4465,Footwear,2217.14,2,0,0.3562,419.3,1,1
ORD_100129,CUST_1379,Home & Kitchen,711.11,0,1,0.0265,1025.9,1,0
ORD_104958,CUST_4199,Electronics,357.33,0,0,0.1935,262.1,1,0
ORD_106293,CUST_4485,Footwear,2031.72,0,0,0.1222,2663.5,1,0
ORD_101450,CUST_1992,Electronics,1230.22,1,0,0.3407,1824.9,1,0
ORD_108394,CUST_4426,Beauty,506.59,0,0,0.1868,2055.9,1,0
ORD_110106,CUST_4215,Apparel,1826.98,0,1,0.3246,1188.3,1,0
ORD_107758,CUST_3345,Home & Kitchen,594.82,0,1,0.1518,617.7,3,0
ORD_102391,CUST_4845,Home & Kitchen,1169.85,5,1,0.05,875.7,1,0
ORD_102380,CUST_4778,Footwear,1161.56,0,1,0.4347,1787.0,1,0
ORD_102976,CUST_3541,Footwear,1632.54,0,0,0.309,3056.1,1,0
ORD_114262,CUST_1315,Apparel,883.32,5,1,0.2496,2147.9,2,1
ORD_101474,CUST_3035,Apparel,517.2,0,1,0.0822,181.9,1,0
ORD_104594,CUST_1770,Beauty,5721.39,0,1,0.2899,3385.6,1,1
ORD_107671,CUST_3810,Electronics,1694.16,1,1,0.3051,2205.6,1,1
ORD_100765,CUST_4807,Footwear,2540.89,0,0,0.4351,2715.5,1,0
ORD_103675,CUST_2134,Electronics,1497.62,2,0,0.2197,2685.8,2,0
ORD_104250,CUST_1854,Footwear,668.07,0,0,0.0669,3400.4,3,0
ORD_101364,CUST_4939,Beauty,7730.84,1,1,0.245,2993.0,1,1
ORD_110821,CUST_1162,Apparel,326.15,0,0,0.2291,2985.0,1,0
ORD_108235,CUST_1410,Apparel,2099.16,0,1,0.3022,1514.2,1,0
ORD_103197,CUST_2271,Apparel,550.35,0,0,0.2585,2273.5,1,0
ORD_102977,CUST_4610,Beauty,2796.84,3,0,0.1522,1055.6,3,1
ORD_110495,CUST_1208,Apparel,313.77,0,0,0.115,1771.3,12,1
ORD_104559,CUST_4744,Home & Kitchen,903.69,0,0,0.0377,1591.8,3,0
ORD_102522,CUST_2709,Footwear,1118.09,2,1,0.2979,3332.7,1,0
ORD_104306,CUST_1269,Footwear,426.49,1,0,0.3022,743.4,6,0
ORD_101838,CUST_4224,Footwear,1092.29,0,1,0.2355,952.7,2,0
ORD_112860,CUST_2102,Apparel,349.69,0,1,0.2676,3463.4,3,1
ORD_102254,CUST_1699,Apparel,670.93,4,1,0.0702,621.6,6,1
ORD_114023,CUST_4309,Beauty,1006.99,1,0,0.1196,2347.1,1,0
ORD_102014,CUST_4042,Footwear,698.63,2,1,0.2523,2327.3,1,0
ORD_103940,CUST_3001,Beauty,2012.88,1,0,0.4488,2846.0,1,1
ORD_111368,CUST_3623,Apparel,1260.82,1,1,0.3365,1805.4,1,1
ORD_114224,CUST_1256,Home & Kitchen,508.3,0,1,0.2194,613.8,1,0
ORD_104074,CUST_4507,Electronics,814.27,0,1,0.2808,2575.6,1,0
ORD_100593,CUST_1369,Apparel,371.01,7,1,0.0636,921.2,1,0
ORD_100331,CUST_2794,Apparel,3652.7,3,0,0.4331,3426.9,1,1
ORD_109459,CUST_4168,Electronics,331.87,2,1,0.3253,1233.0,3,1
ORD_101304,CUST_4901,Electronics,1903.95,0,1,0.2253,3234.3,1,1
ORD_112191,CUST_1871,Electronics,1520.01,1,0,0.4781,786.2,12,0
ORD_100927,CUST_2699,Footwear,1119.93,1,0,0.1248,1015.0,2,1
ORD_106513,CUST_1219,Apparel,921.76,0,0,0.1767,3327.8,1,1
ORD_111842,CUST_2096,Home & Kitchen,464.75,0,1,0.0462,1462.7,1,0
ORD_109653,CUST_1642,Electronics,2725.64,5,1,0.0473,2644.8,2,0
ORD_111994,CUST_4862,Electronics,1216.85,0,0,0.1833,1498.3,6,0
ORD_109655,CUST_4120,Beauty,3199.0,2,1,0.3109,3022.9,1,1
ORD_100897,CUST_2958,Apparel,3248.17,0,1,0.0434,1597.0,1,1
ORD_105395,CUST_3408,Footwear,1128.47,1,1,0.23,1591.0,1,0
ORD_103982,CUST_3374,Home & Kitchen,5684.3,2,0,0.1426,923.9,1,0
ORD_106190,CUST_2777,Electronics,2406.79,0,1,0.1881,1374.8,12,0
ORD_101545,CUST_4281,Apparel,2667.97,1,1,0.106,2867.3,1,0
ORD_112295,CUST_3423,Home & Kitchen,1039.46,0,0,0.1313,1212.9,1,0
ORD_108362,CUST_1929,Apparel,1703.47,1,1,0.3253,2230.4,1,1
ORD_100065,CUST_2297,Apparel,1434.01,2,1,0.2945,2809.4,1,1
ORD_112536,CUST_1912,Home & Kitchen,688.18,3,1,0.1083,3102.9,3,1
ORD_106580,CUST_1155,Apparel,599.46,0,1,0.1715,3019.1,6,0
ORD_111775,CUST_1879,Footwear,445.6,0,0,0.174,1173.3,1,0
ORD_110966,CUST_3794,Home & Kitchen,1660.06,0,0,0.2993,3195.8,1,0
ORD_104183,CUST_1645,Apparel,1376.21,0,1,0.19,3396.8,1,1
ORD_106731,CUST_2585,Footwear,1022.75,5,0,0.2606,2639.3,1,0
ORD_108599,CUST_3218,Footwear,2515.68,1,0,0.1234,3497.2,1,0
ORD_114179,CUST_4408,Electronics,1066.35,0,1,0.2305,2327.8,1,0
ORD_105977,CUST_1402,Beauty,2147.35,0,1,0.1198,2615.0,2,0
ORD_108377,CUST_4591,Home & Kitchen,6180.38,2,0,0.1537,321.6,3,0
ORD_103019,CUST_2385,Footwear,1221.43,4,0,0.3592,200.8,1,1
ORD_113882,CUST_4406,Electronics,653.38,0,1,0.3144,3448.7,1,0
ORD_101629,CUST_1709,Electronics,1210.07,0,0,0.2317,1741.3,3,0
ORD_101219,CUST_1027,Electronics,1582.84,2,1,0.2882,2470.3,1,0
ORD_102806,CUST_3793,Apparel,587.92,4,0,0.1362,1736.6,1,0
ORD_103217,CUST_4725,Apparel,3067.39,2,1,0.3816,589.4,1,0
ORD_113285,CUST_3668,Footwear,839.72,0,0,0.2855,2788.2,1,0
ORD_113213,CUST_2842,Electronics,1476.59,1,0,0.2869,385.7,1,0
ORD_114837,CUST_2461,Home & Kitchen,725.5,0,0,0.2853,2775.3,1,0
ORD_100351,CUST_3919,Home & Kitchen,482.98,2,1,0.2801,170.7,1,0
ORD_104599,CUST_4585,Electronics,923.88,1,0,0.3041,1579.5,1,0
ORD_101036,CUST_3818,Home & Kitchen,1721.67,0,1,0.2223,3393.2,3,0
ORD_114214,CUST_1966,Beauty,1311.12,0,1,0.0937,1219.2,1,0
ORD_101945,CUST_4004,Electronics,3237.98,3,1,0.1526,1719.6,1,0
ORD_102348,CUST_3926,Beauty,1005.98,0,0,0.2293,1875.1,1,0
ORD_102155,CUST_2596,Beauty,2076.0,0,0,0.3507,834.9,12,0
ORD_111302,CUST_1319,Home & Kitchen,4123.53,3,1,0.1512,2577.1,1,0
ORD_100513,CUST_2409,Footwear,504.95,0,1,0.2457,1424.9,6,0
ORD_104147,CUST_4180,Apparel,380.0,3,1,0.297,2746.7,1,0
ORD_109154,CUST_2279,Electronics,1565.79,3,1,0.3125,3483.6,3,1
ORD_111482,CUST_3581,Electronics,3374.33,0,1,0.0587,688.2,3,0
ORD_105374,CUST_1490,Beauty,639.41,1,1,0.451,3423.9,1,1
ORD_110234,CUST_3262,Electronics,1040.57,0,1,0.152,1032.2,1,0
ORD_107023,CUST_2612,Apparel,1470.19,4,0,0.0522,1554.9,1,0
ORD_114271,CUST_1419,Electronics,1349.47,1,1,0.2324,2356.2,1,1
ORD_100694,CUST_1851,Footwear,542.1,0,0,0.2183,244.5,1,0
ORD_104212,CUST_1040,Electronics,1045.05,0,0,0.2426,263.9,1,0
ORD_113252,CUST_3816,Electronics,468.21,0,0,0.2281,2627.5,1,0
ORD_114839,CUST_2159,Home & Kitchen,1484.62,0,1,0.0459,2058.9,1,0
ORD_113829,CUST_4952,Electronics,1661.88,3,1,0.0746,1773.7,1,0
ORD_109738,CUST_4325,Footwear,1334.79,3,1,0.3129,2136.8,1,1
ORD_108334,CUST_1243,Footwear,329.5,0,1,0.6028,639.7,1,1
ORD_105668,CUST_1824,Footwear,666.16,1,1,0.0175,2021.4,1,0
ORD_104420,CUST_3279,Electronics,2454.21,2,0,0.3117,3184.6,1,0
ORD_104467,CUST_1866,Electronics,1507.4,0,0,0.1293,1279.5,12,0
ORD_102128,CUST_2333,Electronics,1238.34,0,1,0.1449,798.3,1,0
ORD_107752,CUST_1952,Electronics,435.8,0,1,0.1851,1129.2,1,0
ORD_107361,CUST_1947,Footwear,339.25,1,1,0.3029,2526.3,1,0
ORD_104082,CUST_1306,Electronics,1305.91,0,1,0.4302,2596.5,1,1
ORD_107516,CUST_3618,Apparel,1546.07,2,0,0.2997,3327.8,1,0
ORD_111961,CUST_3907,Apparel,1772.85,1,0,0.1784,2028.4,1,0
ORD_114151,CUST_4055,Apparel,1867.69,5,0,0.1796,1402.6,1,0
ORD_114637,CUST_3540,Apparel,557.05,3,0,0.069,2738.7,3,0
ORD_110750,CUST_2139,Footwear,1340.45,5,0,0.1532,785.3,1,0
ORD_107316,CUST_4354,Home & Kitchen,675.53,4,1,0.219,1612.6,1,0
ORD_110115,CUST_1873,Electronics,3378.94,2,1,0.198,2655.7,1,0
ORD_103333,CUST_2083,Electronics,2505.23,1,1,0.1481,3463.2,1,0
ORD_103143,CUST_4883,Apparel,1117.66,2,1,0.296,2811.9,2,1
ORD_113296,CUST_3146,Apparel,547.15,0,1,0.3259,1424.7,1,0
ORD_109399,CUST_2703,Footwear,3031.26,7,1,0.1094,1423.4,1,1
ORD_113571,CUST_4229,Apparel,754.24,2,0,0.1248,3267.5,12,0
ORD_114475,CUST_2794,Apparel,1341.81,1,1,0.1094,182.9,1,0
ORD_103783,CUST_4888,Apparel,304.14,0,1,0.089,2353.7,1,0
ORD_108772,CUST_3156,Home & Kitchen,416.21,0,1,0.0675,2466.2,1,0
ORD_103741,CUST_1226,Footwear,2237.18,0,1,0.163,444.0,2,0
ORD_104370,CUST_4087,Home & Kitchen,2083.44,2,1,0.2922,1578.8,3,0
ORD_101821,CUST_3076,Apparel,1714.2,4,1,0.2509,2471.3,1,0
ORD_106784,CUST_1374,Apparel,1056.91,0,1,0.3501,2462.9,1,0
ORD_105350,CUST_1232,Apparel,821.41,3,0,0.1259,2987.6,3,0
ORD_104202,CUST_4348,Footwear,466.67,0,0,0.1539,1569.5,1,0
ORD_104668,CUST_4267,Apparel,790.84,0,1,0.0742,1131.2,2,0
ORD_108995,CUST_4618,Electronics,326.57,0,1,0.0562,2796.6,1,0
ORD_111266,CUST_2092,Footwear,1014.99,5,0,0.1667,2557.7,2,0
ORD_100406,CUST_2919,Electronics,1331.79,5,1,0.1755,2353.1,12,1
ORD_102394,CUST_4524,Electronics,3996.22,5,0,0.5098,2010.6,1,1
ORD_113995,CUST_1603,Electronics,3568.03,3,0,0.1918,744.4,12,0
ORD_112529,CUST_3659,Electronics,1098.99,0,1,0.0679,650.4,2,0
ORD_105735,CUST_1976,Apparel,1717.48,2,1,0.2344,2842.9,1,0
ORD_101031,CUST_3000,Electronics,594.95,0,0,0.061,1908.3,1,0
ORD_103614,CUST_3544,Electronics,1672.16,0,1,0.1018,323.7,1,0
ORD_104753,CUST_4807,Apparel,1559.17,0,1,0.0708,2794.1,1,0
ORD_114656,CUST_1928,Beauty,1282.56,0,0,0.3953,2175.5,3,0
ORD_101347,CUST_3883,Footwear,1216.28,1,0,0.0811,1926.2,1,0
ORD_106823,CUST_1627,Beauty,487.73,0,1,0.2105,153.3,1,0
ORD_108688,CUST_1438,Electronics,5187.69,1,0,0.1758,453.3,1,0
ORD_110125,CUST_4592,Apparel,855.89,2,0,0.3092,193.8,2,0
ORD_113437,CUST_4183,Apparel,1872.03,0,1,0.1278,162.5,1,0
ORD_111383,CUST_1682,Home & Kitchen,2035.5,1,1,0.0998,3347.0,6,1
ORD_106721,CUST_1993,Apparel,1163.32,4,1,0.1717,534.6,2,0
ORD_103591,CUST_2688,Apparel,2297.0,0,1,0.1737,610.7,1,1
ORD_113429,CUST_3846,Footwear,671.47,0,0,0.2573,1375.2,2,0
ORD_112123,CUST_1745,Apparel,1626.67,0,0,0.4806,2073.0,1,1
ORD_110701,CUST_4660,Electronics,510.71,0,1,0.4598,170.1,1,0
ORD_111222,CUST_1670,Footwear,352.07,0,0,0.4644,2975.1,1,0
ORD_113149,CUST_4649,Apparel,789.69,0,0,0.0716,477.9,1,0
ORD_111773,CUST_4837,Electronics,392.49,1,1,0.3184,1272.1,1,1
ORD_100674,CUST_4251,Home & Kitchen,991.57,1,1,0.1118,2197.6,1,0
ORD_102969,CUST_2825,Home & Kitchen,513.26,4,0,0.2745,574.8,3,0
ORD_104926,CUST_3241,Home & Kitchen,3209.92,0,1,0.231,1489.1,1,0
ORD_113456,CUST_3317,Electronics,351.6,0,0,0.0687,597.9,1,0
ORD_108541,CUST_4365,Home & Kitchen,795.4,1,1,0.2127,1271.5,1,1
ORD_114569,CUST_3030,Home & Kitchen,1379.23,4,0,0.2659,901.6,1,0
ORD_106730,CUST_3827,Home & Kitchen,683.63,0,1,0.1979,1187.2,3,0
ORD_114875,CUST_3588,Footwear,2028.34,0,0,0.092,3184.0,6,0
ORD_114705,CUST_1407,Beauty,1499.39,0,1,0.1358,843.6,1,1
ORD_101961,CUST_2508,Apparel,2771.68,0,1,0.1074,2296.2,1,0
ORD_110612,CUST_3034,Beauty,3268.09,0,0,0.1894,2168.9,6,0
ORD_101977,CUST_4359,Electronics,531.34,0,0,0.4602,1692.5,1,1
ORD_107018,CUST_1848,Apparel,2514.52,2,1,0.2714,648.5,2,0
ORD_112219,CUST_1334,Electronics,976.0,1,1,0.2287,2870.2,1,0
ORD_109526,CUST_1719,Apparel,599.35,0,0,0.113,3043.8,1,0
ORD_113649,CUST_1060,Beauty,5826.17,0,1,0.3496,2771.1,1,0
ORD_102538,CUST_4144,Electronics,1548.66,1,0,0.0577,1950.0,2,1
ORD_102877,CUST_1018,Footwear,2213.74,0,0,0.0363,571.9,1,0
ORD_101904,CUST_4538,Apparel,897.06,0,0,0.1104,1698.2,3,1
ORD_101807,CUST_3573,Electronics,3651.1,7,1,0.0648,2773.0,1,0
ORD_114866,CUST_3484,Home & Kitchen,327.72,0,0,0.3225,901.8,1,1
ORD_105593,CUST_1708,Apparel,631.83,0,1,0.0978,874.8,1,0
ORD_101801,CUST_1127,Apparel,910.2,5,0,0.1756,3306.4,1,0
ORD_101110,CUST_1248,Apparel,504.7,0,1,0.0414,931.3,3,0
ORD_100486,CUST_2139,Footwear,2177.03,1,1,0.2912,2536.8,1,0
ORD_105800,CUST_4010,Footwear,1424.61,0,0,0.1092,170.3,1,0
ORD_106085,CUST_2070,Beauty,2179.46,1,0,0.2678,1513.4,1,0
ORD_106184,CUST_4278,Apparel,673.71,0,1,0.1054,1296.5,1,0
ORD_100252,CUST_1709,Home & Kitchen,1614.19,0,1,0.2602,1301.3,1,0
ORD_108732,CUST_3112,Apparel,2511.63,0,0,0.1971,3068.4,1,1
ORD_105980,CUST_3414,Apparel,455.24,0,0,0.238,1958.5,1,0
ORD_112611,CUST_3160,Home & Kitchen,1435.34,0,0,0.0772,476.2,1,1
ORD_111485,CUST_4483,Apparel,1318.27,0,1,0.2486,1256.5,1,0
ORD_100191,CUST_2038,Apparel,462.77,0,0,0.1555,407.2,3,0
ORD_100965,CUST_4249,Apparel,1005.64,1,1,0.0879,2612.4,1,0
ORD_111596,CUST_4095,Footwear,823.4,2,0,0.2311,2194.3,1,0
ORD_111122,CUST_4278,Footwear,539.88,0,0,0.347,2408.7,1,0
ORD_106793,CUST_3213,Beauty,2187.95,1,1,0.2144,1590.9,6,0
ORD_111791,CUST_3878,Footwear,707.92,0,1,0.1699,1348.9,1,0
ORD_111135,CUST_3444,Apparel,2814.28,1,0,0.2254,1297.2,3,0
ORD_111261,CUST_2129,Footwear,3285.36,0,1,0.285,1685.6,2,1
ORD_101195,CUST_3261,Apparel,1000.7,0,1,0.3546,2653.9,2,1
ORD_112068,CUST_3114,Home & Kitchen,1078.15,0,1,0.2149,2356.4,1,0
ORD_103222,CUST_3796,Footwear,766.27,0,1,0.141,1431.2,1,0
ORD_110918,CUST_1580,Apparel,1394.36,0,1,0.0557,1755.1,1,0
ORD_105945,CUST_1424,Electronics,959.91,0,1,0.1434,1256.4,1,0
ORD_108237,CUST_3853,Footwear,372.7,0,0,0.1619,2169.6,1,0
ORD_108341,CUST_4590,Beauty,2618.74,1,1,0.4544,2857.2,1,0
ORD_101260,CUST_3072,Footwear,697.0,0,1,0.2809,2099.1,3,0
ORD_104057,CUST_4867,Electronics,1548.71,0,1,0.2801,614.0,2,0
ORD_102756,CUST_3381,Beauty,1995.89,0,0,0.315,783.4,1,0
ORD_112623,CUST_2441,Apparel,2088.87,5,1,0.1408,2610.7,1,1
ORD_101856,CUST_3868,Footwear,328.32,0,0,0.1457,1790.6,2,0
ORD_114521,CUST_3338,Apparel,1357.76,1,0,0.0349,2271.5,1,0
ORD_107843,CUST_2810,Beauty,1044.46,0,1,0.4538,3453.7,2,0
ORD_109039,CUST_4223,Apparel,735.15,10,1,0.065,719.8,1,1
ORD_113329,CUST_4531,Apparel,2602.43,1,1,0.2547,692.5,2,0
ORD_106795,CUST_4227,Home & Kitchen,804.75,0,0,0.0843,1492.1,1,0
ORD_102512,CUST_2949,Electronics,3186.81,0,1,0.0531,984.3,1,0
ORD_106806,CUST_4875,Apparel,364.41,0,0,0.3863,1020.9,2,1
ORD_114203,CUST_3035,Electronics,617.19,0,0,0.1985,3110.3,1,0
ORD_114949,CUST_4242,Apparel,873.25,0,0,0.5668,2876.8,1,0
ORD_104697,CUST_2463,Home & Kitchen,591.98,0,1,0.0599,278.0,1,0
ORD_113749,CUST_3031,Apparel,2844.69,1,1,0.1053,1170.4,1,1
ORD_104550,CUST_3478,Electronics,2253.16,10,1,0.1453,3012.4,3,1
ORD_111545,CUST_4766,Beauty,486.35,0,1,0.0921,1514.1,6,0
ORD_112297,CUST_4490,Home & Kitchen,2091.36,1,0,0.257,1393.9,1,1
ORD_108739,CUST_4946,Electronics,2343.66,0,0,0.1293,2148.9,1,0
ORD_113714,CUST_2232,Home & Kitchen,4994.17,1,1,0.2414,2629.9,2,0
ORD_108971,CUST_4170,Apparel,1627.26,2,1,0.3988,2764.2,6,0
ORD_110083,CUST_4811,Home & Kitchen,1427.56,1,0,0.092,1352.2,1,0
ORD_108525,CUST_4878,Beauty,3898.26,4,0,0.2852,2090.1,1,0
ORD_112065,CUST_2541,Footwear,1223.42,1,1,0.1003,3431.1,3,1
ORD_104461,CUST_1361,Home & Kitchen,866.27,0,1,0.2209,724.3,1,0
ORD_103731,CUST_2124,Footwear,1535.08,3,1,0.2221,386.2,1,1
ORD_106444,CUST_3604,Electronics,618.26,2,1,0.1287,278.0,1,0
ORD_114331,CUST_4810,Home & Kitchen,871.11,0,0,0.1899,1394.8,1,0
ORD_113225,CUST_2443,Electronics,300.06,0,1,0.2527,3264.2,1,0
ORD_113399,CUST_3524,Electronics,781.23,1,0,0.2785,2721.5,6,0
ORD_114461,CUST_1840,Beauty,1986.6,0,0,0.219,696.9,2,0
ORD_105681,CUST_4156,Apparel,3976.13,0,0,0.1142,2898.7,1,0
ORD_107024,CUST_2016,Footwear,915.72,1,1,0.0977,3337.3,1,0
ORD_107928,CUST_2433,Home & Kitchen,2457.47,2,1,0.4412,2481.5,6,1
ORD_110702,CUST_1179,Apparel,562.04,1,1,0.2169,2193.3,1,1
ORD_100272,CUST_2853,Beauty,885.25,0,1,0.2464,1816.1,2,0
ORD_109590,CUST_2364,Apparel,1412.78,2,0,0.1864,2135.7,1,0
ORD_106030,CUST_1816,Beauty,2100.56,3,1,0.1783,404.9,1,1
ORD_113344,CUST_4787,Footwear,731.86,4,0,0.205,1114.3,1,0
ORD_111240,CUST_3994,Footwear,2428.28,2,0,0.268,1769.5,1,0
ORD_109395,CUST_1491,Apparel,3974.06,0,0,0.2803,1063.7,1,0
ORD_110680,CUST_2502,Apparel,1380.72,0,1,0.0682,1499.6,1,1
ORD_114889,CUST_4842,Apparel,1390.16,0,1,0.1443,3098.8,1,0
ORD_112609,CUST_1966,Apparel,389.47,0,0,0.2957,255.5,1,0
ORD_100636,CUST_3908,Footwear,507.78,0,1,0.2708,1748.3,1,0
ORD_104739,CUST_3693,Electronics,1181.96,1,1,0.0594,1108.0,1,0
ORD_108977,CUST_1324,Footwear,1012.73,1,0,0.1374,2072.9,1,0
ORD_113959,CUST_2503,Apparel,958.49,1,0,0.1388,1653.3,3,0
ORD_107264,CUST_3299,Apparel,2554.13,1,1,0.1363,205.1,6,1
ORD_103872,CUST_3403,Apparel,2182.38,0,1,0.2056,638.4,1,0
ORD_104961,CUST_1256,Electronics,2675.52,0,0,0.0673,2222.9,3,0
ORD_100378,CUST_4304,Apparel,3130.6,0,1,0.4306,602.8,1,1
ORD_101294,CUST_3709,Apparel,708.26,2,1,0.2715,2639.9,1,1
ORD_105963,CUST_1021,Footwear,2730.55,0,1,0.1234,2144.2,1,1
ORD_107588,CUST_1170,Apparel,618.35,7,1,0.2663,2759.9,3,1
ORD_105045,CUST_4555,Beauty,707.74,1,0,0.1088,1571.9,1,0
ORD_106646,CUST_4347,Beauty,1417.2,1,0,0.0852,3474.6,2,0
ORD_109891,CUST_3726,Home & Kitchen,4599.41,0,0,0.1626,1331.7,1,1
ORD_110459,CUST_2489,Home & Kitchen,1572.8,0,1,0.1891,455.6,1,0
ORD_100381,CUST_3863,Electronics,456.2,0,0,0.229,354.8,2,0
ORD_109754,CUST_3831,Electronics,1467.77,0,1,0.1862,3373.1,1,0
ORD_111681,CUST_2370,Apparel,802.21,0,0,0.0414,1703.1,1,0
ORD_114340,CUST_4034,Beauty,1385.01,0,0,0.5424,2039.6,1,1
ORD_101870,CUST_2845,Footwear,3566.28,0,1,0.0648,870.2,2,1
ORD_100705,CUST_2291,Home & Kitchen,3280.26,0,1,0.3273,413.7,2,0
ORD_102410,CUST_2809,Home & Kitchen,1459.67,0,0,0.0747,838.9,1,0
ORD_113041,CUST_1310,Footwear,1232.32,1,0,0.1823,868.9,1,0
ORD_100819,CUST_4764,Electronics,1215.31,2,1,0.3187,2095.1,1,0
ORD_110157,CUST_3354,Apparel,1244.54,5,0,0.1635,2535.0,1,1
ORD_112184,CUST_2001,Apparel,834.82,0,1,0.0429,1356.6,2,0
ORD_111710,CUST_3908,Footwear,718.08,4,1,0.066,1765.6,1,0
ORD_110057,CUST_1328,Footwear,2601.28,0,1,0.0367,1044.9,1,0
ORD_112437,CUST_3177,Electronics,466.35,0,1,0.178,946.6,1,0
ORD_111031,CUST_2096,Footwear,3559.22,0,1,0.2199,3047.5,1,0
ORD_111074,CUST_2601,Apparel,698.48,0,0,0.0847,1894.5,12,0
ORD_108162,CUST_2986,Electronics,1852.62,0,1,0.1749,2530.8,1,0
ORD_112594,CUST_2357,Electronics,607.03,0,1,0.0382,3193.7,1,0
ORD_114997,CUST_4424,Footwear,341.57,2,0,0.1461,1698.9,3,0
ORD_104226,CUST_2674,Electronics,782.15,1,0,0.31,1111.6,1,1
ORD_113633,CUST_4159,Home & Kitchen,1945.13,0,0,0.2677,884.1,1,0
ORD_107600,CUST_2001,Footwear,654.48,1,1,0.1162,1194.1,1,0
ORD_110669,CUST_1151,Home & Kitchen,1676.86,0,0,0.0837,2635.7,1,0
ORD_104122,CUST_4200,Apparel,2123.13,0,1,0.2787,3183.8,1,1
ORD_104495,CUST_3665,Beauty,3107.87,0,0,0.3785,2213.8,6,1
ORD_102103,CUST_3234,Footwear,1388.7,0,0,0.1625,395.6,1,0
ORD_104387,CUST_2299,Footwear,822.66,1,1,0.0623,2623.1,3,1
ORD_111280,CUST_3509,Footwear,1856.2,0,1,0.1783,884.9,1,0
ORD_113300,CUST_3846,Apparel,3742.47,1,1,0.2168,2711.0,1,0
ORD_108759,CUST_2326,Electronics,720.27,3,1,0.0083,1964.8,1,0
ORD_114021,CUST_4756,Home & Kitchen,445.39,5,1,0.5307,736.5,1,1
ORD_109987,CUST_1176,Apparel,1635.61,0,1,0.147,3330.4,1,0
ORD_113005,CUST_3886,Footwear,1423.85,0,0,0.0531,690.2,1,0
ORD_106689,CUST_4766,Home & Kitchen,967.81,2,1,0.4049,2363.9,1,1
ORD_107127,CUST_1886,Electronics,2591.95,5,1,0.4812,2847.3,1,1
ORD_104451,CUST_4793,Footwear,1598.85,0,0,0.0424,1100.9,6,1
ORD_108705,CUST_1126,Footwear,465.84,3,0,0.2319,1850.6,1,0
ORD_109716,CUST_1555,Footwear,2231.59,0,1,0.2337,396.1,2,1
ORD_105246,CUST_1397,Footwear,4986.86,0,0,0.2239,2212.5,2,0
ORD_109865,CUST_3567,Beauty,542.88,0,1,0.3707,2139.4,1,0
ORD_110698,CUST_3024,Home & Kitchen,2919.75,0,1,0.2573,1477.4,1,0
ORD_112030,CUST_4977,Apparel,1104.9,0,1,0.0311,2876.6,1,1
ORD_106918,CUST_3148,Beauty,465.23,0,0,0.1858,3370.3,1,0
ORD_101931,CUST_1130,Electronics,3903.21,1,0,0.3192,2767.9,6,0
ORD_107057,CUST_3294,Apparel,1547.45,2,0,0.1523,563.7,1,1
ORD_102953,CUST_2014,Electronics,1155.77,0,1,0.2347,1223.7,2,0
ORD_112169,CUST_1485,Apparel,2393.4,1,1,0.1253,1230.8,3,0
ORD_104116,CUST_2649,Footwear,490.15,4,1,0.0624,2491.5,6,0
ORD_106858,CUST_3413,Electronics,2013.83,1,1,0.0323,1565.4,1,0
ORD_111000,CUST_2272,Electronics,329.32,1,1,0.2267,2024.1,6,0
ORD_111501,CUST_2711,Footwear,1293.21,0,0,0.0852,2083.7,1,0
ORD_107036,CUST_2695,Footwear,3638.84,1,0,0.0724,2162.2,12,0
ORD_103303,CUST_4188,Electronics,885.37,0,0,0.0198,2659.0,1,0
ORD_100684,CUST_1515,Apparel,607.49,0,0,0.1238,455.1,1,1
ORD_112200,CUST_2897,Footwear,686.64,4,1,0.1379,3457.4,1,0
ORD_100060,CUST_4890,Electronics,300.19,0,0,0.2706,2237.4,1,0
ORD_109556,CUST_3584,Home & Kitchen,575.11,2,1,0.2858,3050.1,1,0
ORD_112064,CUST_3273,Footwear,784.03,0,1,0.1206,1870.6,2,1
ORD_102863,CUST_3828,Electronics,1705.42,0,1,0.1264,1444.0,1,0
ORD_107223,CUST_3186,Apparel,1555.19,0,1,0.3525,3312.1,3,0
ORD_109378,CUST_2505,Footwear,345.72,0,0,0.138,1035.6,1,0
ORD_107994,CUST_2306,Apparel,333.29,0,0,0.2008,1787.5,1,0
ORD_109261,CUST_2128,Footwear,1933.78,0,0,0.0903,2086.9,1,1
ORD_108866,CUST_3334,Electronics,844.5,4,0,0.1267,2051.1,6,0
ORD_100473,CUST_3146,Home & Kitchen,1016.11,0,1,0.2953,2675.4,1,0
ORD_114101,CUST_1202,Apparel,1692.72,0,0,0.0826,578.9,6,0
ORD_101321,CUST_1467,Beauty,1510.92,2,1,0.5216,483.2,1,0
ORD_104159,CUST_2594,Home & Kitchen,981.49,0,0,0.3333,2352.5,1,0
ORD_113693,CUST_4603,Home & Kitchen,961.75,0,1,0.0828,659.9,1,0
ORD_107113,CUST_4757,Footwear,731.67,1,1,0.3358,2058.3,1,0
ORD_108159,CUST_3658,Footwear,2621.51,1,0,0.0315,1875.9,1,0
ORD_101412,CUST_4643,Footwear,566.79,3,1,0.0426,2212.9,3,0
ORD_111234,CUST_4130,Beauty,347.56,1,0,0.0591,925.2,2,0
ORD_102327,CUST_1021,Home & Kitchen,362.47,0,1,0.1945,1343.6,1,0
ORD_112904,CUST_1737,Apparel,660.23,0,0,0.0244,2186.7,6,1
ORD_102066,CUST_1747,Apparel,1707.35,2,1,0.4131,1922.4,1,1
ORD_104850,CUST_4375,Electronics,981.51,0,1,0.1528,2277.2,1,0
ORD_109116,CUST_4341,Apparel,533.78,3,0,0.2828,1287.3,1,1
ORD_107809,CUST_4195,Apparel,1654.19,0,0,0.0045,536.7,1,0
ORD_108481,CUST_1579,Apparel,1284.43,7,1,0.3737,731.1,1,1
ORD_112981,CUST_2226,Apparel,745.11,0,0,0.1438,2500.9,1,0
ORD_109276,CUST_4511,Beauty,753.26,0,0,0.3127,2637.0,3,0
ORD_114555,CUST_3324,Home & Kitchen,4464.01,0,0,0.0526,166.1,1,0
ORD_110114,CUST_3868,Footwear,452.09,0,0,0.3725,3262.1,1,0
ORD_104642,CUST_2889,Footwear,1103.18,1,0,0.0677,1189.8,1,0
ORD_106818,CUST_4033,Home & Kitchen,704.63,0,1,0.2007,3212.1,1,0
ORD_103360,CUST_4565,Beauty,778.56,3,1,0.0374,1613.6,2,0
ORD_112394,CUST_3892,Footwear,1096.41,5,0,0.1266,1939.8,2,1
ORD_100752,CUST_3504,Apparel,3064.7,0,0,0.1741,1333.8,1,0
ORD_113398,CUST_2854,Apparel,636.97,3,1,0.2475,2851.5,1,0
ORD_103806,CUST_3528,Apparel,1383.93,0,1,0.1718,1108.2,1,0
ORD_111458,CUST_3460,Apparel,1009.27,0,1,0.2238,540.1,1,0
ORD_100387,CUST_4191,Apparel,487.18,0,1,0.2885,1061.4,1,1
ORD_114783,CUST_2592,Home & Kitchen,846.91,2,1,0.3297,2768.7,1,0
ORD_100294,CUST_4296,Apparel,373.78,2,1,0.0201,666.9,1,0
ORD_100120,CUST_4820,Apparel,2186.33,1,1,0.2579,1833.9,1,1
ORD_106096,CUST_3250,Home & Kitchen,654.94,0,0,0.1778,2558.1,1,0
ORD_100079,CUST_4003,Home & Kitchen,5174.59,0,0,0.2726,1192.4,1,0
ORD_106249,CUST_2029,Apparel,823.13,1,0,0.2812,947.9,12,0
ORD_112939,CUST_1738,Beauty,639.41,4,1,0.15,483.8,1,0
ORD_106024,CUST_1283,Electronics,2450.61,0,1,0.2179,780.9,2,1
ORD_114886,CUST_2796,Electronics,2736.11,0,1,0.5545,3019.0,3,0
ORD_114020,CUST_3585,Apparel,392.74,0,0,0.0475,1251.5,1,0
ORD_112196,CUST_2724,Apparel,2679.63,0,1,0.1619,2739.8,1,0
ORD_101748,CUST_3782,Apparel,551.12,0,1,0.2912,1844.6,12,0
ORD_102918,CUST_3989,Footwear,493.58,0,0,0.3686,1031.2,1,1
ORD_102917,CUST_1961,Electronics,1015.19,0,1,0.11,2692.6,1,0
ORD_112462,CUST_2014,Home & Kitchen,307.41,2,1,0.2921,231.5,1,1
ORD_100981,CUST_3779,Home & Kitchen,1200.11,0,1,0.1136,747.5,3,0
ORD_111763,CUST_2521,Electronics,1376.92,0,1,0.0358,2823.0,1,0
ORD_107895,CUST_1383,Apparel,371.99,7,1,0.2032,740.4,1,0
ORD_111258,CUST_4460,Electronics,885.31,0,1,0.1873,1546.2,1,0
ORD_102400,CUST_1933,Apparel,818.74,0,0,0.0406,1894.0,1,0
ORD_103402,CUST_2206,Beauty,877.89,0,0,0.0728,652.3,1,0
ORD_107719,CUST_4809,Home & Kitchen,1368.31,0,0,0.3287,1997.2,2,1
ORD_100527,CUST_1920,Apparel,1874.03,0,1,0.1866,983.7,1,0
ORD_108935,CUST_1198,Apparel,992.69,2,0,0.3994,660.9,3,0
ORD_104935,CUST_4234,Apparel,1952.31,2,1,0.078,375.7,1,0
ORD_100389,CUST_4991,Apparel,375.57,3,1,0.0649,3040.8,3,1
ORD_112742,CUST_3122,Footwear,2397.52,0,0,0.3177,3250.1,6,0
ORD_113938,CUST_3406,Footwear,5427.16,0,1,0.4874,3403.5,2,0
ORD_102234,CUST_1215,Apparel,462.32,1,1,0.1707,1889.9,1,0
ORD_102645,CUST_3382,Apparel,1069.75,3,0,0.3452,3170.8,1,1
ORD_101733,CUST_4874,Electronics,725.76,3,0,0.0129,3375.6,1,0
ORD_114399,CUST_2212,Footwear,2097.33,2,0,0.1979,1185.1,2,1
ORD_106489,CUST_2159,Home & Kitchen,2149.74,0,1,0.1885,2924.4,3,0
ORD_111889,CUST_4205,Electronics,1663.91,0,1,0.09,3186.6,1,0
ORD_108595,CUST_3984,Electronics,575.99,1,0,0.2748,3493.8,1,0
ORD_107634,CUST_2447,Apparel,385.58,0,0,0.1733,2305.5,1,0
ORD_103284,CUST_3300,Footwear,944.73,3,1,0.3985,617.6,1,1
ORD_103082,CUST_2100,Apparel,2333.87,1,1,0.1492,2155.1,1,0
ORD_111582,CUST_1128,Footwear,637.17,3,1,0.1409,900.8,1,0
ORD_111593,CUST_2196,Beauty,1011.1,0,0,0.2051,2426.5,1,0
ORD_111539,CUST_1600,Footwear,391.16,4,0,0.1299,3453.5,1,1
ORD_110457,CUST_3884,Electronics,3618.76,0,0,0.1836,2006.9,2,0
ORD_103474,CUST_1241,Footwear,597.22,0,0,0.0795,1283.1,1,0
ORD_106779,CUST_1653,Apparel,2889.19,0,0,0.2273,3457.0,1,0
ORD_108003,CUST_2447,Apparel,388.64,0,0,0.2221,1763.2,1,0
ORD_102833,CUST_4719,Electronics,799.77,0,0,0.3001,1684.2,2,0
ORD_114063,CUST_3724,Apparel,2806.6,4,1,0.0765,1890.4,2,1
ORD_113096,CUST_1307,Home & Kitchen,3259.03,1,0,0.0903,3215.2,1,0
ORD_108245,CUST_1741,Footwear,2062.47,0,1,0.1513,355.8,1,0
ORD_109240,CUST_3298,Beauty,424.2,1,1,0.0719,2390.2,1,1
ORD_102454,CUST_4902,Electronics,1286.65,4,1,0.09,476.8,1,0
ORD_112740,CUST_3574,Home & Kitchen,1471.31,0,1,0.234,3451.9,1,0
ORD_113908,CUST_4814,Electronics,3968.91,0,0,0.0876,163.5,1,0
ORD_104015,CUST_4215,Beauty,362.45,3,0,0.279,1915.8,3,0
ORD_111945,CUST_4949,Home & Kitchen,3007.92,0,1,0.2061,2802.1,6,0
ORD_106726,CUST_2338,Footwear,1209.32,1,1,0.1954,2926.8,1,1
ORD_107176,CUST_2288,Footwear,663.0,0,1,0.4168,3437.1,1,1
ORD_110143,CUST_1569,Apparel,475.5,5,1,0.0603,189.1,1,1
ORD_112603,CUST_4870,Beauty,1348.83,0,0,0.0812,1439.0,1,0
ORD_111342,CUST_3690,Apparel,2520.75,2,1,0.1727,3071.7,1,1
ORD_111377,CUST_1057,Beauty,3983.49,0,1,0.2924,1017.3,1,1
ORD_106167,CUST_1062,Apparel,1063.98,1,1,0.4076,555.8,1,1
ORD_111421,CUST_2581,Electronics,891.69,0,0,0.3056,1439.3,6,1
ORD_106889,CUST_3532,Home & Kitchen,842.68,0,1,0.2112,1298.6,1,0
ORD_105729,CUST_3079,Home & Kitchen,350.43,2,0,0.2374,2961.6,1,0
ORD_100320,CUST_2930,Beauty,1989.6,2,0,0.3237,865.8,2,0
ORD_109014,CUST_4663,Home & Kitchen,723.65,1,1,0.1548,304.4,1,0
ORD_110092,CUST_1420,Electronics,1712.11,3,0,0.5235,2969.0,1,1
ORD_103411,CUST_3697,Electronics,453.11,0,1,0.2203,2389.6,2,0
ORD_110818,CUST_3063,Beauty,3527.83,1,1,0.1364,2153.7,1,0
ORD_102463,CUST_2087,Footwear,1450.72,5,0,0.1322,2418.4,1,0
ORD_102593,CUST_1306,Footwear,996.67,1,1,0.3257,940.5,2,0
ORD_108609,CUST_2869,Electronics,2565.39,0,1,0.2504,2148.8,1,0
ORD_100654,CUST_1452,Home & Kitchen,1915.51,10,1,0.2988,366.3,1,1
ORD_108856,CUST_1044,Footwear,3028.21,0,1,0.2573,2948.6,1,0
ORD_101183,CUST_4117,Home & Kitchen,1846.88,0,1,0.1731,2786.9,1,0
ORD_106476,CUST_2279,Home & Kitchen,322.14,0,1,0.3176,1976.3,1,1
ORD_110105,CUST_3682,Apparel,1512.8,0,1,0.1798,852.1,1,0
ORD_109861,CUST_3942,Footwear,3459.27,1,1,0.0599,1434.8,1,0
ORD_107114,CUST_1327,Electronics,1981.83,5,1,0.3094,154.4,3,1
ORD_111769,CUST_2624,Footwear,928.43,1,1,0.514,396.8,1,1
ORD_106710,CUST_3121,Footwear,1226.17,2,1,0.2379,2489.9,1,0
ORD_110064,CUST_4401,Electronics,3240.87,0,1,0.0397,2644.6,1,0
ORD_107952,CUST_4402,Footwear,1744.38,1,0,0.1582,3346.3,3,0
ORD_109676,CUST_4337,Apparel,423.29,0,0,0.1384,692.6,1,0
ORD_112349,CUST_2220,Apparel,724.09,1,1,0.1622,2237.2,1,0
ORD_101853,CUST_3315,Beauty,2616.11,1,1,0.1775,688.2,1,1
ORD_110018,CUST_1056,Apparel,382.27,1,1,0.0909,235.0,1,0
ORD_100755,CUST_3786,Home & Kitchen,378.86,0,0,0.0745,2396.1,1,0
ORD_108671,CUST_2037,Apparel,1898.7,2,0,0.1064,281.9,1,1
ORD_104960,CUST_4198,Footwear,2440.61,2,1,0.199,2942.1,1,1
ORD_108052,CUST_2477,Home & Kitchen,603.91,1,1,0.1295,2855.0,1,0
ORD_103693,CUST_4562,Apparel,772.16,2,1,0.1128,1161.0,1,1
ORD_103588,CUST_1935,Electronics,679.85,0,1,0.1492,1211.8,1,0
ORD_112174,CUST_4183,Apparel,981.01,0,0,0.0753,2164.5,2,0
ORD_110012,CUST_1791,Apparel,956.53,3,0,0.1689,908.0,1,0
ORD_111361,CUST_1470,Apparel,356.09,0,1,0.2071,2035.8,3,0
ORD_112086,CUST_1976,Apparel,419.8,1,0,0.0551,1880.7,1,0
ORD_106162,CUST_2572,Apparel,696.46,4,1,0.1439,1840.2,12,0
ORD_109806,CUST_1888,Home & Kitchen,333.27,0,0,0.2884,404.5,3,0
ORD_103192,CUST_4175,Apparel,614.91,3,0,0.3716,864.7,1,0
ORD_101871,CUST_2386,Beauty,324.01,1,0,0.108,1908.8,1,0
ORD_106595,CUST_4551,Footwear,1306.31,2,0,0.1704,1581.6,1,1
ORD_112617,CUST_4718,Apparel,1184.6,1,0,0.1317,2981.0,1,0
ORD_105467,CUST_2413,Electronics,465.11,0,1,0.4206,3145.5,3,0
ORD_114361,CUST_1879,Electronics,3475.68,2,1,0.3159,929.0,1,1
ORD_101535,CUST_3070,Footwear,643.5,0,0,0.2718,2462.7,1,0
ORD_103293,CUST_1821,Beauty,2334.36,0,1,0.2854,753.5,12,0
ORD_105474,CUST_4425,Apparel,700.34,3,0,0.1597,2633.3,1,0
ORD_110820,CUST_4429,Apparel,996.71,3,1,0.1143,3160.7,1,1
ORD_102292,CUST_3903,Apparel,650.44,3,0,0.0191,2050.6,1,0
ORD_114414,CUST_4543,Footwear,830.97,0,0,0.1758,2752.9,1,0
ORD_102869,CUST_4018,Home & Kitchen,3324.81,7,0,0.1876,2624.8,1,0
ORD_108958,CUST_1208,Home & Kitchen,2288.79,0,0,0.1292,2097.0,1,0
ORD_109733,CUST_3134,Apparel,1241.66,1,0,0.2379,3014.8,1,0
ORD_110744,CUST_2917,Electronics,3539.58,0,0,0.3887,3404.2,3,1
ORD_107374,CUST_4435,Apparel,1328.14,0,0,0.277,1245.5,1,1
ORD_107825,CUST_4382,Beauty,4086.52,2,0,0.1999,1886.8,1,1
ORD_102569,CUST_1873,Home & Kitchen,1232.51,1,0,0.212,2502.5,1,1
ORD_105450,CUST_2855,Electronics,456.27,7,1,0.0812,1725.1,1,0
ORD_106514,CUST_2925,Footwear,1049.01,0,1,0.0412,1089.0,1,0
ORD_108075,CUST_3746,Footwear,1310.21,0,0,0.2135,3134.8,2,0
ORD_105214,CUST_1939,Apparel,372.65,2,1,0.3071,573.5,1,1
ORD_114873,CUST_4983,Footwear,1741.06,0,0,0.2919,2551.3,2,1
ORD_111964,CUST_2982,Footwear,1216.42,0,1,0.2027,1898.6,3,1
ORD_110763,CUST_3579,Apparel,1183.97,0,0,0.1086,2960.7,1,0
ORD_107327,CUST_3209,Apparel,1744.61,2,1,0.4486,1419.6,1,1
ORD_111370,CUST_1046,Footwear,302.65,0,1,0.2379,334.4,2,0
ORD_113748,CUST_2515,Apparel,1671.54,1,0,0.184,372.3,6,1
ORD_112726,CUST_2103,Footwear,1077.62,0,1,0.1427,2972.7,1,0
ORD_111516,CUST_1987,Electronics,469.12,5,1,0.3091,262.5,1,0
ORD_105779,CUST_1680,Apparel,336.08,0,0,0.1155,160.8,2,0
ORD_109031,CUST_3262,Footwear,796.9,0,1,0.4105,1250.4,12,1
ORD_108197,CUST_1170,Beauty,686.67,0,1,0.23,3058.7,1,0
ORD_107865,CUST_3488,Electronics,778.35,5,1,0.2334,2396.8,1,0
ORD_112106,CUST_1757,Electronics,1172.34,0,0,0.2357,2849.4,1,0
ORD_101774,CUST_2409,Apparel,508.08,1,1,0.1162,591.4,1,0
ORD_112646,CUST_2695,Apparel,824.11,3,0,0.1589,2897.4,3,0
ORD_111051,CUST_3920,Footwear,354.43,3,1,0.1829,779.6,1,1
ORD_107889,CUST_3182,Apparel,337.67,0,0,0.3196,2923.0,3,0
ORD_112648,CUST_1266,Apparel,559.15,0,1,0.2089,3337.2,2,0
ORD_113704,CUST_3810,Apparel,2396.07,0,0,0.2584,2131.1,1,0
ORD_108993,CUST_2515,Apparel,2677.57,0,1,0.0602,2299.0,1,0
ORD_104483,CUST_2159,Electronics,1611.28,0,1,0.192,2587.7,1,0
ORD_111626,CUST_2906,Electronics,2390.73,1,0,0.0241,495.8,1,0
ORD_102053,CUST_2297,Electronics,352.48,3,1,0.3839,1353.7,1,1
ORD_104986,CUST_4644,Footwear,623.96,0,1,0.3257,3369.5,3,1
ORD_101729,CUST_4675,Footwear,4788.22,0,1,0.2107,705.4,2,0
ORD_110953,CUST_1122,Apparel,535.55,1,0,0.4927,2749.5,6,0
ORD_106439,CUST_4120,Apparel,658.25,0,1,0.1973,475.4,2,0
ORD_107448,CUST_1896,Electronics,2041.88,0,1,0.1734,2233.4,1,0
ORD_110873,CUST_4074,Home & Kitchen,564.31,3,1,0.1986,2636.6,1,0
ORD_103616,CUST_2256,Apparel,1291.05,3,1,0.2765,1795.7,1,0
ORD_103130,CUST_4713,Home & Kitchen,1376.93,3,1,0.2066,557.2,3,1
ORD_112270,CUST_2888,Footwear,1886.58,0,1,0.1382,2052.8,1,0
ORD_106626,CUST_1365,Footwear,833.06,0,1,0.0646,564.7,2,0
ORD_104023,CUST_2317,Footwear,461.35,5,0,0.2099,1231.4,1,0
ORD_112121,CUST_2930,Apparel,461.42,0,0,0.3969,1787.2,6,0
ORD_112736,CUST_3956,Electronics,670.1,0,0,0.149,656.8,1,1
ORD_104650,CUST_4134,Beauty,503.63,2,0,0.3477,2775.9,1,1
ORD_105812,CUST_2907,Home & Kitchen,3314.17,0,1,0.1802,2867.2,1,0
ORD_106309,CUST_2257,Apparel,936.63,0,0,0.2024,3356.4,1,1
ORD_102236,CUST_3383,Footwear,1718.38,0,1,0.1493,2024.3,1,0
ORD_108095,CUST_2823,Home & Kitchen,767.29,0,0,0.4247,688.5,2,0
ORD_110420,CUST_2459,Apparel,758.39,0,1,0.1386,1050.8,1,0
ORD_106365,CUST_1304,Apparel,4697.19,0,1,0.2685,2079.3,1,0
ORD_106479,CUST_3395,Electronics,3455.54,3,0,0.1166,628.5,2,0
ORD_101159,CUST_2887,Electronics,1686.73,0,0,0.1106,3407.1,1,0
ORD_105978,CUST_1595,Footwear,596.6,0,0,0.3141,2208.9,2,0
ORD_100128,CUST_3235,Electronics,1138.47,2,1,0.1549,3070.6,1,0
ORD_112041,CUST_1817,Apparel,1220.57,3,0,0.1508,1314.4,1,0
ORD_109685,CUST_4205,Apparel,656.6,1,0,0.2032,1804.3,1,0
ORD_108268,CUST_4634,Apparel,410.38,0,0,0.1109,2291.8,1,0
ORD_106663,CUST_3828,Apparel,3146.72,0,0,0.1855,783.9,3,0
ORD_101024,CUST_4170,Apparel,3695.24,0,0,0.3523,2403.7,1,0
ORD_113537,CUST_1767,Apparel,5114.55,1,1,0.291,2790.6,1,0
ORD_105218,CUST_1821,Footwear,839.19,0,0,0.1,2844.4,2,0
ORD_113475,CUST_4102,Electronics,1108.01,0,1,0.1728,3403.4,1,1
ORD_110384,CUST_1079,Home & Kitchen,1604.53,0,1,0.3312,1841.4,1,0
ORD_108836,CUST_2942,Home & Kitchen,1068.33,0,0,0.1357,515.7,12,0
ORD_102784,CUST_1125,Beauty,956.46,0,0,0.3405,2559.4,6,1
ORD_106880,CUST_1762,Electronics,2406.89,0,0,0.0888,3461.8,1,0
ORD_102226,CUST_4111,Beauty,2976.25,0,1,0.2346,656.1,1,1
ORD_106953,CUST_2366,Home & Kitchen,1560.91,2,0,0.1762,1687.3,1,1
ORD_102453,CUST_4003,Apparel,3808.14,0,0,0.206,3264.1,1,0
ORD_104194,CUST_4799,Apparel,1361.99,0,1,0.1573,2177.5,1,0
ORD_102351,CUST_3994,Electronics,692.76,0,1,0.0542,3400.7,1,0
ORD_111645,CUST_2172,Apparel,1795.72,3,1,0.1147,1025.9,1,0
ORD_111341,CUST_2052,Apparel,2056.75,5,1,0.613,2735.8,1,1
ORD_100989,CUST_2617,Apparel,615.26,3,1,0.3297,2980.4,1,1
ORD_113493,CUST_2488,Electronics,869.26,0,1,0.1557,2093.3,6,0
ORD_111010,CUST_4875,Footwear,2446.44,2,1,0.2069,2155.5,1,0
ORD_105280,CUST_2705,Apparel,963.41,0,1,0.1679,664.9,2,0
ORD_109965,CUST_3734,Apparel,1648.21,5,1,0.1051,1901.8,3,1
ORD_102229,CUST_4930,Apparel,650.62,1,0,0.3248,3009.4,1,0
ORD_101372,CUST_1009,Home & Kitchen,509.0,0,0,0.318,1158.3,1,0
ORD_106164,CUST_3139,Apparel,565.81,1,1,0.2114,1372.2,1,1
ORD_105105,CUST_4722,Apparel,3313.7,0,1,0.1302,2750.1,1,0
ORD_112170,CUST_4715,Apparel,651.77,4,1,0.1356,680.3,1,0
ORD_106664,CUST_2904,Apparel,392.34,3,0,0.2862,2816.5,6,1
ORD_112896,CUST_4412,Beauty,465.59,0,0,0.273,2721.9,1,1
ORD_103928,CUST_4921,Footwear,1357.68,2,1,0.3293,2259.8,1,1
ORD_108829,CUST_1490,Footwear,929.91,2,1,0.2104,451.5,2,1
ORD_100726,CUST_1775,Footwear,1173.12,3,0,0.139,2097.9,1,0
ORD_111469,CUST_4718,Home & Kitchen,2375.89,1,0,0.1929,3313.1,2,0
ORD_105524,CUST_4226,Electronics,312.19,0,1,0.0376,1620.3,1,0
ORD_105337,CUST_2127,Electronics,707.15,5,0,0.1877,381.8,1,0
ORD_103469,CUST_1571,Apparel,430.79,3,1,0.3262,1618.5,1,0
ORD_110940,CUST_3265,Footwear,1165.19,5,0,0.107,2904.7,1,0
ORD_113928,CUST_4645,Footwear,2106.97,0,1,0.2114,520.5,3,1
ORD_105296,CUST_4896,Beauty,587.99,0,1,0.1297,2456.6,1,0
ORD_101511,CUST_4228,Home & Kitchen,1554.43,0,1,0.0769,3091.7,6,0
ORD_114458,CUST_3181,Apparel,1219.21,2,1,0.0026,454.9,1,0
ORD_105224,CUST_1234,Apparel,488.4,0,1,0.0453,2949.3,1,0
ORD_109359,CUST_2566,Apparel,1581.45,1,0,0.1004,2611.8,1,0
ORD_109231,CUST_3659,Apparel,672.66,0,0,0.1233,2527.1,1,0
ORD_108659,CUST_4020,Apparel,1062.11,3,0,0.2328,673.5,1,0
ORD_101762,CUST_2571,Apparel,656.54,2,0,0.2181,307.0,1,0
ORD_100709,CUST_2191,Apparel,5577.35,5,0,0.2886,1791.7,1,1
ORD_113182,CUST_4113,Apparel,520.37,1,0,0.0729,924.0,3,1
ORD_114537,CUST_1188,Beauty,1680.53,2,1,0.0738,1262.4,3,0
ORD_114534,CUST_1600,Apparel,622.37,0,1,0.0107,552.3,3,0
ORD_107187,CUST_2690,Apparel,2463.72,7,1,0.5749,3046.3,3,1
ORD_103590,CUST_3230,Beauty,499.69,0,1,0.1896,1985.9,2,0
ORD_111123,CUST_1911,Home & Kitchen,1894.4,0,1,0.0643,3024.4,1,0
ORD_101416,CUST_4850,Footwear,2057.91,0,1,0.2716,1012.3,1,0
ORD_104145,CUST_2152,Home & Kitchen,360.09,3,1,0.173,2894.3,1,0
ORD_111717,CUST_2560,Electronics,1831.78,1,0,0.0961,2047.1,1,0
ORD_107093,CUST_3985,Home & Kitchen,392.36,0,0,0.2408,332.9,1,0
ORD_100318,CUST_1197,Apparel,2543.2,1,0,0.1843,2055.3,1,0
ORD_101180,CUST_3280,Electronics,536.52,0,1,0.1461,3411.6,1,0
ORD_111949,CUST_1136,Electronics,1258.17,0,1,0.2122,2340.8,1,1
ORD_102986,CUST_3717,Electronics,4768.96,0,0,0.3099,1605.0,2,0
ORD_104731,CUST_3169,Beauty,790.91,0,1,0.1896,2233.0,1,0
ORD_104462,CUST_4520,Electronics,1272.48,10,1,0.179,3425.9,3,0
ORD_101923,CUST_2240,Home & Kitchen,1112.05,0,1,0.1808,3000.5,1,0
ORD_105187,CUST_2123,Home & Kitchen,330.65,2,0,0.0918,1542.9,2,0
ORD_105751,CUST_3800,Apparel,1811.23,0,1,0.3793,1365.4,2,1
ORD_102473,CUST_4566,Apparel,1201.35,0,1,0.2434,3027.7,1,0
ORD_110352,CUST_4645,Footwear,474.15,0,1,0.4051,1897.1,3,1
ORD_103600,CUST_3003,Home & Kitchen,1979.76,3,0,0.129,3328.7,12,0
ORD_104839,CUST_2207,Beauty,2990.0,0,1,0.1374,2078.3,1,1
ORD_114946,CUST_3804,Apparel,1015.73,2,0,0.2196,1358.9,1,0
ORD_114000,CUST_2658,Home & Kitchen,961.16,0,1,0.0678,755.3,1,0
ORD_109644,CUST_3016,Electronics,2607.09,1,1,0.0949,948.8,1,1
ORD_114358,CUST_4477,Footwear,1520.54,0,0,0.2781,736.2,12,0
ORD_102984,CUST_1105,Home & Kitchen,2326.1,0,1,0.0608,1599.7,1,1
ORD_105739,CUST_3773,Beauty,494.05,3,1,0.0839,283.4,1,1
ORD_108409,CUST_4741,Home & Kitchen,836.08,3,1,0.1134,2521.0,1,0
ORD_107337,CUST_3415,Home & Kitchen,2357.14,0,0,0.1159,165.2,3,0
ORD_110162,CUST_3725,Home & Kitchen,429.3,10,1,0.1247,2877.6,1,1
ORD_102295,CUST_2007,Apparel,378.75,1,0,0.3113,807.4,2,1
ORD_113821,CUST_1361,Beauty,5314.8,0,1,0.4654,2140.7,1,1
ORD_109920,CUST_4988,Home & Kitchen,453.77,2,0,0.0396,1188.4,1,0
ORD_105440,CUST_2691,Beauty,1674.13,5,1,0.5598,2748.5,1,1
ORD_102059,CUST_1813,Apparel,1182.51,1,0,0.1502,3481.2,1,0
ORD_114062,CUST_1808,Apparel,902.52,4,0,0.3735,1018.3,3,1
ORD_114383,CUST_1503,Footwear,1529.62,3,1,0.2481,3404.6,1,1
ORD_105970,CUST_2518,Footwear,2036.07,1,0,0.2647,3036.0,3,1
ORD_113859,CUST_4088,Apparel,2129.71,0,0,0.4156,2223.4,1,1
ORD_101334,CUST_2464,Apparel,319.61,0,1,0.1911,1501.9,1,0
ORD_105345,CUST_4402,Electronics,1084.9,0,1,0.0651,1099.4,3,0
ORD_103057,CUST_4747,Apparel,740.87,2,0,0.3494,2218.0,1,0
ORD_109822,CUST_3166,Apparel,313.44,0,1,0.1721,2880.3,3,0
ORD_102950,CUST_1020,Apparel,2173.61,3,0,0.3565,2616.9,2,1
ORD_104785,CUST_1835,Home & Kitchen,1806.81,0,1,0.1633,3223.8,1,0
ORD_101308,CUST_3870,Footwear,665.92,0,0,0.0182,1373.4,1,0
ORD_111524,CUST_2997,Home & Kitchen,2538.0,0,1,0.0955,158.9,3,1
ORD_108665,CUST_2170,Electronics,1738.03,0,0,0.3962,3269.4,1,0
ORD_103335,CUST_3514,Apparel,1269.6,10,0,0.176,1436.7,1,0
ORD_108613,CUST_4515,Apparel,2687.46,0,0,0.4576,1642.2,1,1
ORD_109342,CUST_4768,Apparel,438.15,0,1,0.46,338.6,1,1
ORD_108340,CUST_4561,Beauty,573.18,5,1,0.4248,983.1,2,1
ORD_107473,CUST_1528,Home & Kitchen,658.1,0,1,0.1295,3190.5,3,1
ORD_104340,CUST_3983,Apparel,497.38,0,1,0.0586,3114.3,1,1
ORD_108041,CUST_3893,Electronics,2018.97,0,1,0.1343,2372.2,1,1
ORD_105638,CUST_3468,Apparel,1654.29,3,1,0.2251,2590.5,12,0
ORD_106759,CUST_3904,Footwear,443.19,1,1,0.0969,2804.2,2,0
ORD_106410,CUST_1658,Apparel,778.18,1,1,0.2021,1192.6,2,1
ORD_100685,CUST_4087,Footwear,4582.09,2,0,0.2156,995.5,6,0
ORD_108823,CUST_3048,Electronics,4095.28,0,0,0.2936,1311.7,1,0
ORD_109198,CUST_3681,Apparel,2015.02,0,0,0.0045,2509.6,1,0
ORD_106312,CUST_3253,Apparel,1362.41,0,1,0.2123,3415.9,12,1
ORD_108523,CUST_2353,Home & Kitchen,709.52,0,1,0.0712,3290.8,1,0
ORD_104910,CUST_3767,Beauty,3294.15,1,0,0.0699,1136.8,2,1
ORD_107655,CUST_3896,Electronics,1002.23,7,0,0.1354,2761.1,3,0
ORD_110910,CUST_2074,Electronics,1180.52,3,0,0.0934,3319.1,1,0
ORD_113301,CUST_2616,Apparel,2295.71,7,1,0.4152,2955.3,1,1
ORD_105731,CUST_3209,Home & Kitchen,2282.77,0,1,0.004,1041.4,3,0
ORD_110454,CUST_3659,Footwear,307.93,3,1,0.4094,3285.7,3,1
ORD_103048,CUST_3711,Footwear,680.27,3,0,0.302,402.8,3,0
ORD_110727,CUST_4339,Apparel,1301.84,0,0,0.2333,3020.7,1,1
ORD_101561,CUST_1126,Electronics,1543.95,1,1,0.2126,2719.5,1,0
ORD_109313,CUST_3410,Footwear,1369.57,0,0,0.091,2157.1,1,1
ORD_114443,CUST_3943,Apparel,1787.54,1,1,0.4211,3141.2,1,0
ORD_114893,CUST_4285,Beauty,1821.09,0,1,0.0513,1900.3,12,0
ORD_110283,CUST_4115,Apparel,1838.83,0,0,0.2422,3428.7,1,0
ORD_102052,CUST_4212,Apparel,1208.36,1,0,0.1223,606.0,2,0
ORD_109956,CUST_1476,Footwear,326.11,0,1,0.2235,3491.9,1,0
ORD_102776,CUST_2035,Home & Kitchen,649.46,1,1,0.3389,2673.6,3,1
ORD_104192,CUST_3504,Beauty,891.5,3,1,0.2208,1313.4,1,0
ORD_109951,CUST_3104,Home & Kitchen,1038.08,1,0,0.4597,2973.4,1,0
ORD_107749,CUST_2881,Apparel,2204.0,0,1,0.1411,464.5,1,1
ORD_113943,CUST_3794,Apparel,2865.97,2,0,0.0868,521.2,6,0
ORD_108735,CUST_1626,Home & Kitchen,858.61,0,0,0.0897,798.1,1,0
ORD_106692,CUST_2258,Home & Kitchen,3048.67,1,0,0.1921,1388.7,3,0
ORD_109855,CUST_1391,Beauty,6330.38,0,0,0.0655,283.1,1,0
ORD_100304,CUST_2439,Electronics,3107.72,0,0,0.2804,1043.6,3,0
ORD_114005,CUST_2613,Apparel,1017.11,4,1,0.1393,694.7,6,0
ORD_110623,CUST_1313,Apparel,309.13,0,1,0.0151,2153.9,6,0
ORD_109909,CUST_1377,Electronics,3563.26,0,1,0.3256,2385.4,1,1
ORD_103612,CUST_4702,Electronics,2084.72,2,1,0.2813,2720.9,1,0
ORD_103607,CUST_3935,Apparel,3004.06,1,1,0.1553,3190.2,1,1
ORD_102525,CUST_4041,Apparel,596.23,1,0,0.0574,437.8,1,0
ORD_114059,CUST_3946,Electronics,750.83,0,0,0.4634,2588.9,2,0
ORD_104060,CUST_1446,Electronics,873.2,0,0,0.1714,3134.4,6,0
ORD_109230,CUST_4946,Home & Kitchen,946.98,2,1,0.0693,918.1,1,1
ORD_112005,CUST_2162,Beauty,494.2,0,0,0.1115,1402.6,1,1
ORD_114626,CUST_3784,Footwear,1280.47,2,1,0.2292,3326.0,1,0
ORD_113403,CUST_4175,Home & Kitchen,1780.46,1,1,0.1304,3430.9,1,0
ORD_113443,CUST_4227,Apparel,497.18,1,1,0.061,1642.3,1,0
ORD_114699,CUST_3893,Apparel,965.86,0,1,0.1047,2156.3,1,0
ORD_102003,CUST_3419,Apparel,9306.85,0,0,0.3819,545.0,1,0
ORD_108358,CUST_3560,Footwear,1248.27,0,0,0.3915,1524.4,1,0
ORD_104439,CUST_1193,Home & Kitchen,3177.58,0,1,0.0618,3231.1,1,0
ORD_112016,CUST_1394,Electronics,2522.77,1,1,0.037,229.4,1,1
ORD_109741,CUST_3177,Electronics,930.53,1,1,0.2887,3396.2,1,0
ORD_101293,CUST_2460,Electronics,1214.51,0,1,0.1928,492.6,1,0
ORD_104797,CUST_1995,Apparel,1797.16,0,0,0.0286,2894.4,1,0
ORD_110449,CUST_1282,Beauty,1225.08,1,1,0.156,1727.8,1,0
ORD_114216,CUST_1559,Electronics,927.29,0,0,0.0934,3272.8,3,0
ORD_100881,CUST_4602,Home & Kitchen,859.52,1,1,0.3433,860.4,6,1
ORD_112267,CUST_2892,Footwear,598.45,0,0,0.1538,1067.7,1,0
ORD_113806,CUST_1071,Home & Kitchen,2133.31,5,0,0.2309,2058.3,1,0
ORD_107710,CUST_1605,Footwear,580.66,0,1,0.159,1085.2,1,0
ORD_110368,CUST_1445,Home & Kitchen,1849.34,3,1,0.0654,3389.4,3,0
ORD_110248,CUST_2834,Apparel,2896.95,3,1,0.3075,1806.3,6,0
ORD_111193,CUST_3404,Apparel,664.38,4,0,0.1702,3308.5,1,0
ORD_108909,CUST_2118,Apparel,2710.73,0,1,0.3138,1918.8,3,0
ORD_113131,CUST_1783,Home & Kitchen,1434.54,0,1,0.1637,2026.7,12,0
ORD_105722,CUST_2991,Beauty,991.15,0,1,0.5006,1349.2,1,0
ORD_102832,CUST_4609,Apparel,982.56,2,0,0.162,1000.3,1,0
ORD_107462,CUST_2358,Electronics,2710.42,0,1,0.139,3324.1,1,1
ORD_107984,CUST_3350,Footwear,3746.38,0,1,0.1626,3231.8,1,0
ORD_109869,CUST_4380,Footwear,1244.56,7,1,0.1305,1884.4,1,0
ORD_104101,CUST_3285,Electronics,958.78,0,0,0.2797,1296.3,2,0
ORD_103781,CUST_1059,Home & Kitchen,1412.12,2,1,0.1876,1465.0,1,0
ORD_105627,CUST_4218,Electronics,2955.43,0,0,0.0363,1491.3,1,0
ORD_111635,CUST_4375,Apparel,1489.64,0,0,0.1624,2811.7,1,0
ORD_102107,CUST_1938,Home & Kitchen,994.7,0,1,0.2485,3064.4,1,1
ORD_100985,CUST_2581,Footwear,4597.49,0,0,0.2109,3460.7,3,0
ORD_101371,CUST_3039,Footwear,677.96,5,1,0.0458,1302.3,3,0
ORD_114207,CUST_4961,Footwear,2968.46,7,0,0.0247,3004.5,1,0
ORD_109449,CUST_4168,Apparel,429.34,3,0,0.1468,2728.4,1,0
ORD_107715,CUST_2357,Home & Kitchen,1707.05,0,0,0.0832,1583.5,12,1
ORD_102062,CUST_3032,Apparel,706.34,0,1,0.1264,1573.1,1,0
ORD_101663,CUST_4962,Footwear,705.1,1,1,0.1138,830.1,6,1
ORD_107145,CUST_3653,Apparel,631.68,2,0,0.2071,3166.5,1,0
ORD_101119,CUST_4634,Footwear,1003.36,2,1,0.2785,650.8,1,1
ORD_100177,CUST_4810,Footwear,2089.12,3,1,0.1634,1602.4,1,0
ORD_103822,CUST_1197,Apparel,888.76,1,0,0.2775,3020.3,1,0
ORD_105330,CUST_4276,Apparel,761.7,2,1,0.2899,1510.2,1,1
ORD_106836,CUST_3202,Footwear,1326.28,0,1,0.0357,1100.3,1,0
ORD_104500,CUST_2800,Footwear,400.57,1,0,0.0781,3433.2,1,0
ORD_106016,CUST_3938,Electronics,1233.28,1,0,0.1241,1526.5,1,0
ORD_104368,CUST_2278,Footwear,344.03,0,1,0.2208,2749.0,1,0
ORD_108989,CUST_4432,Beauty,3980.87,0,0,0.1574,3064.3,1,0
ORD_112450,CUST_4347,Apparel,1486.1,5,0,0.3736,1342.6,1,0
ORD_103302,CUST_2676,Electronics,986.16,0,1,0.2531,2188.9,1,1
ORD_108326,CUST_1946,Beauty,2323.08,0,0,0.3672,765.5,1,0
ORD_114806,CUST_4507,Electronics,1646.09,0,1,0.0986,448.9,1,0
ORD_101274,CUST_4440,Apparel,1072.66,3,1,0.241,1416.8,12,0
ORD_100152,CUST_1378,Apparel,2121.59,2,1,0.1524,1703.1,1,0
ORD_101387,CUST_3824,Footwear,1855.98,3,0,0.2008,197.9,1,1
ORD_105704,CUST_3584,Electronics,1005.95,0,1,0.1127,2188.3,1,0
ORD_114397,CUST_3508,Apparel,1272.23,1,0,0.3448,1207.3,1,0
ORD_103827,CUST_3010,Home & Kitchen,403.53,0,1,0.2384,3466.3,6,0
ORD_100039,CUST_1474,Beauty,652.34,0,0,0.2835,169.9,1,0
ORD_105626,CUST_2391,Electronics,2444.15,10,1,0.1285,228.3,1,0
ORD_111997,CUST_3930,Footwear,1145.2,0,0,0.0343,854.4,1,0
ORD_104808,CUST_3809,Footwear,1342.14,5,1,0.207,2495.0,1,0
ORD_101246,CUST_3075,Apparel,1180.56,0,1,0.2614,914.4,1,0
ORD_100742,CUST_1412,Electronics,943.69,3,0,0.1311,925.6,12,1
ORD_108345,CUST_4056,Footwear,3230.43,0,0,0.2384,1198.2,1,0
ORD_110931,CUST_1048,Footwear,1082.9,2,0,0.4292,391.1,1,0
ORD_109114,CUST_1610,Beauty,717.38,0,1,0.1173,3219.4,1,0
ORD_107477,CUST_1656,Electronics,2194.62,2,1,0.2335,775.4,3,1
ORD_102168,CUST_4191,Home & Kitchen,2640.1,0,0,0.1029,2869.2,2,0
ORD_104115,CUST_1282,Apparel,1332.22,5,1,0.1713,1374.0,1,1
ORD_108220,CUST_4148,Apparel,458.38,4,0,0.5666,1310.3,1,0
ORD_111078,CUST_4670,Apparel,5831.88,0,1,0.2587,2299.4,3,1
ORD_106005,CUST_3642,Footwear,1536.03,2,1,0.0988,699.1,1,1
ORD_108397,CUST_4258,Apparel,550.91,0,0,0.14,1391.8,6,0
ORD_108575,CUST_3160,Apparel,954.4,3,0,0.0694,3331.5,6,0
ORD_109066,CUST_4797,Apparel,524.56,3,0,0.2965,2135.5,1,1
ORD_108918,CUST_1989,Apparel,407.44,0,0,0.0945,1590.5,1,0
ORD_101929,CUST_2062,Footwear,1167.79,5,1,0.2553,2679.6,1,0
ORD_100393,CUST_2443,Footwear,894.53,0,1,0.1963,2177.8,1,0
ORD_102266,CUST_3410,Apparel,829.37,0,1,0.1808,570.4,2,1
ORD_109104,CUST_3256,Apparel,1586.24,0,1,0.1185,684.2,1,0
ORD_103180,CUST_1656,Home & Kitchen,3250.76,2,1,0.2958,1180.5,1,0
ORD_102533,CUST_2986,Apparel,307.76,1,0,0.122,3362.1,2,0
ORD_100790,CUST_4304,Apparel,2888.0,5,0,0.048,859.1,2,1
ORD_113801,CUST_4223,Apparel,729.75,2,0,0.1047,2156.8,12,0
ORD_102113,CUST_2325,Footwear,589.08,0,1,0.1514,3306.8,1,0
ORD_102111,CUST_2463,Apparel,511.81,1,0,0.175,2708.9,1,0
ORD_102144,CUST_4588,Electronics,1238.99,0,1,0.1448,2955.7,1,0
ORD_108177,CUST_3994,Apparel,1062.17,2,1,0.0455,2586.5,1,0
ORD_114201,CUST_3906,Apparel,3508.63,0,0,0.1544,1459.6,3,1
ORD_108493,CUST_3181,Electronics,5169.55,0,0,0.0287,1370.0,1,0
ORD_113557,CUST_1981,Apparel,1996.88,2,1,0.2144,1610.9,1,1
ORD_100958,CUST_2145,Home & Kitchen,4999.39,0,1,0.1521,1731.5,1,0
ORD_111319,CUST_4936,Apparel,763.52,0,0,0.1405,2734.6,6,0
ORD_110411,CUST_1744,Apparel,1691.71,0,1,0.2492,3292.8,1,1
ORD_103395,CUST_2549,Apparel,993.35,1,1,0.37,2748.0,1,0
ORD_107711,CUST_1374,Home & Kitchen,3392.85,0,1,0.0538,3049.6,1,0
ORD_106147,CUST_4258,Apparel,1604.46,7,1,0.1034,1500.6,1,0
ORD_100472,CUST_3565,Footwear,2121.96,2,1,0.2554,2598.5,1,0
ORD_105298,CUST_3059,Apparel,3130.25,2,1,0.1125,2463.3,3,1
ORD_105231,CUST_2673,Home & Kitchen,5605.83,3,0,0.2963,3234.9,1,0
ORD_107613,CUST_3619,Home & Kitchen,908.74,0,1,0.2355,866.9,2,0
ORD_113540,CUST_1105,Beauty,1143.13,0,1,0.1953,1148.7,1,0
ORD_101973,CUST_1488,Apparel,534.03,5,0,0.3488,559.0,1,1
ORD_107821,CUST_4092,Home & Kitchen,785.03,2,1,0.1363,1161.5,6,0
ORD_106603,CUST_1203,Electronics,671.88,1,0,0.3155,526.1,1,0
ORD_101831,CUST_3089,Apparel,1350.8,0,1,0.2954,889.0,1,1
ORD_112010,CUST_1561,Home & Kitchen,829.12,0,1,0.1831,3112.9,1,1
ORD_111574,CUST_2483,Apparel,644.07,0,1,0.1954,1898.9,1,1
ORD_102018,CUST_2121,Apparel,1621.05,0,0,0.1451,1005.1,1,0
ORD_111523,CUST_3117,Apparel,1390.1,0,1,0.2977,2317.4,12,0
ORD_114508,CUST_2716,Footwear,2041.1,0,1,0.2422,2738.9,1,1
ORD_111178,CUST_3040,Apparel,1753.89,0,0,0.1817,2451.1,1,0
ORD_103245,CUST_2339,Apparel,422.14,0,1,0.2023,2015.4,6,1
ORD_104000,CUST_1965,Footwear,2127.22,0,0,0.1906,3056.9,6,0
ORD_108336,CUST_1421,Apparel,785.04,1,0,0.4905,2805.5,1,1
ORD_104609,CUST_3466,Apparel,1391.62,2,0,0.112,2789.2,1,0
ORD_100656,CUST_3959,Home & Kitchen,4477.99,2,0,0.086,504.1,1,0
ORD_108156,CUST_3101,Home & Kitchen,2548.96,1,1,0.1476,653.3,2,0
ORD_109626,CUST_4035,Home & Kitchen,1702.94,0,1,0.2977,1197.1,1,0
ORD_103848,CUST_2885,Apparel,3213.15,0,1,0.2787,1766.9,12,1
ORD_113840,CUST_4265,Apparel,572.93,2,0,0.1785,2679.2,1,0
ORD_109752,CUST_4683,Beauty,1515.41,1,1,0.1383,2938.8,2,0
ORD_110014,CUST_2844,Beauty,7122.52,0,1,0.2185,3497.2,3,0
ORD_104251,CUST_1639,Apparel,1769.59,0,0,0.1253,3499.4,1,1
ORD_102602,CUST_1311,Footwear,1264.08,0,0,0.0413,196.5,1,0
ORD_107657,CUST_1978,Home & Kitchen,746.46,3,1,0.1789,663.6,2,0
ORD_100793,CUST_1264,Apparel,1521.71,1,0,0.147,2556.4,1,0
ORD_105885,CUST_1516,Electronics,1566.35,7,0,0.2087,2210.9,1,0
ORD_100003,CUST_2294,Footwear,501.57,0,1,0.037,1720.7,1,1
ORD_110991,CUST_3900,Beauty,3537.61,2,0,0.1079,2617.5,1,0
ORD_105429,CUST_1492,Beauty,924.18,0,1,0.1222,1976.2,1,0
ORD_112721,CUST_2558,Electronics,3279.93,0,0,0.0896,3093.0,1,0
ORD_102337,CUST_4747,Apparel,1358.62,0,1,0.0305,2471.6,1,0
ORD_110484,CUST_2961,Home & Kitchen,1213.71,0,0,0.0928,892.0,1,0
ORD_107716,CUST_4426,Beauty,1458.39,0,0,0.0779,2475.5,3,0
ORD_102848,CUST_2677,Electronics,594.89,1,1,0.1853,1438.0,1,0
ORD_108248,CUST_2600,Apparel,7611.5,0,0,0.1146,2287.8,12,1
ORD_100536,CUST_1019,Footwear,1130.04,0,1,0.1254,1286.3,2,0
ORD_100504,CUST_4863,Apparel,511.06,2,1,0.1183,2890.3,1,0
ORD_102552,CUST_1110,Footwear,2204.39,0,0,0.158,3325.1,1,0
ORD_113014,CUST_1768,Home & Kitchen,1499.94,0,0,0.0548,469.5,1,0
ORD_102434,CUST_2559,Electronics,810.39,0,1,0.1213,741.3,1,0
ORD_107999,CUST_2497,Electronics,1173.91,4,0,0.1829,3179.2,1,0
ORD_100567,CUST_4854,Electronics,3123.59,2,0,0.2072,1398.7,1,1
ORD_101681,CUST_4246,Electronics,1215.57,0,1,0.0951,400.7,1,1
ORD_101747,CUST_1909,Home & Kitchen,634.78,0,1,0.39,1746.6,1,0
ORD_105628,CUST_1111,Footwear,932.2,0,1,0.1227,1764.6,1,1
ORD_107271,CUST_1896,Apparel,1072.6,1,0,0.3791,2495.3,1,0
ORD_107231,CUST_2874,Apparel,610.63,0,0,0.135,2295.7,3,0
ORD_104819,CUST_2909,Footwear,812.06,0,0,0.088,2004.8,2,0
ORD_100426,CUST_2218,Home & Kitchen,903.52,0,1,0.5755,150.7,1,0
ORD_103468,CUST_4201,Footwear,649.72,1,0,0.1224,692.8,6,0
ORD_106481,CUST_4195,Apparel,1036.91,0,0,0.2787,3482.8,1,1
ORD_108852,CUST_2425,Home & Kitchen,807.77,0,1,0.1987,3343.0,1,0
ORD_111330,CUST_1926,Apparel,1813.56,0,1,0.4623,2017.7,1,0
ORD_110446,CUST_3835,Footwear,421.59,1,0,0.2646,2487.8,6,0
ORD_105703,CUST_1868,Apparel,826.96,1,1,0.2633,250.9,1,0
ORD_103163,CUST_2465,Footwear,1217.42,0,0,0.2048,2353.4,1,0
ORD_105578,CUST_1314,Apparel,1157.27,0,1,0.1945,3183.0,1,0
ORD_108534,CUST_3395,Footwear,1639.63,0,1,0.225,1315.0,3,0
ORD_113777,CUST_1616,Apparel,1281.38,0,1,0.1322,2956.8,1,0
ORD_102483,CUST_4496,Electronics,1667.23,4,0,0.1786,1278.1,3,0
ORD_114800,CUST_3522,Electronics,925.51,2,0,0.0919,2367.3,1,0
ORD_100818,CUST_3156,Beauty,1802.65,0,0,0.2492,2155.5,1,0
ORD_107683,CUST_4304,Apparel,535.64,0,1,0.1164,540.6,1,1
ORD_110716,CUST_3443,Apparel,753.16,1,0,0.0771,3163.4,1,0
ORD_114292,CUST_3186,Apparel,607.81,1,1,0.0902,2029.6,1,0
ORD_102105,CUST_2828,Beauty,566.22,0,0,0.3714,1604.3,1,0
ORD_107077,CUST_1307,Home & Kitchen,908.98,1,0,0.0416,2042.5,1,0
ORD_106065,CUST_4994,Electronics,2987.66,1,1,0.1021,3344.8,1,0
ORD_113217,CUST_4358,Apparel,422.97,0,1,0.2343,2261.4,1,1
ORD_105421,CUST_4294,Footwear,858.36,4,0,0.281,1668.2,2,1
ORD_111522,CUST_4257,Apparel,721.09,1,1,0.2132,3185.0,2,0
ORD_112459,CUST_3906,Apparel,744.29,0,0,0.1677,1957.6,1,0
ORD_108862,CUST_3920,Apparel,924.03,0,1,0.0262,1499.5,1,1
ORD_100944,CUST_3703,Footwear,844.81,0,0,0.2253,777.3,3,0
ORD_113087,CUST_4324,Apparel,4409.13,2,0,0.0892,1697.0,1,0
ORD_103798,CUST_3066,Electronics,1537.51,3,1,0.1648,1697.7,1,1
ORD_112922,CUST_1320,Home & Kitchen,413.53,5,1,0.2568,2164.5,1,0
ORD_109986,CUST_1435,Electronics,1377.5,2,1,0.0659,1616.4,12,0
ORD_100522,CUST_2705,Apparel,1517.49,5,0,0.0941,365.1,1,1
ORD_113760,CUST_1125,Apparel,586.65,0,1,0.1333,1785.8,6,1
ORD_113187,CUST_4854,Apparel,603.87,0,1,0.2125,2736.7,1,1
ORD_110274,CUST_3550,Apparel,3560.85,4,0,0.1838,3314.7,1,0
ORD_112211,CUST_1792,Home & Kitchen,513.75,0,0,0.2051,2465.9,1,0
ORD_108070,CUST_1662,Apparel,2527.24,2,1,0.2277,1821.3,1,1
ORD_114075,CUST_2357,Apparel,2844.64,2,1,0.1156,793.3,1,1
ORD_103537,CUST_3185,Apparel,775.89,0,1,0.3389,1258.3,1,0
ORD_111105,CUST_2515,Electronics,1883.78,1,1,0.1904,483.1,1,0
ORD_106257,CUST_3308,Apparel,1280.71,0,0,0.0765,271.3,1,1
ORD_111395,CUST_1396,Footwear,1547.36,0,1,0.157,1020.4,1,0
ORD_107920,CUST_4178,Electronics,748.8,1,0,0.2178,388.1,1,0
ORD_114650,CUST_4708,Apparel,438.02,0,1,0.2056,199.2,1,0
ORD_109083,CUST_2542,Beauty,3846.5,0,1,0.1633,3151.4,2,0
ORD_101575,CUST_3826,Apparel,3076.79,2,0,0.301,3334.5,2,1
ORD_110277,CUST_1587,Home & Kitchen,2256.59,2,0,0.2097,2971.7,1,0
ORD_108087,CUST_1911,Apparel,3634.56,0,0,0.1547,509.9,6,0
ORD_104941,CUST_4559,Electronics,698.2,1,1,0.1808,2531.4,12,0
ORD_109177,CUST_3061,Beauty,413.98,0,0,0.2215,630.9,1,0
ORD_110786,CUST_4406,Footwear,1247.35,0,1,0.1445,1409.3,3,0
ORD_105938,CUST_2435,Apparel,508.14,1,0,0.4036,2297.9,1,0
ORD_103855,CUST_3610,Apparel,2171.62,0,1,0.1201,1357.5,1,0
ORD_107051,CUST_1719,Beauty,1256.78,0,1,0.0885,2013.1,1,0
ORD_112850,CUST_2363,Beauty,1012.19,2,0,0.4695,2327.7,1,0
ORD_113842,CUST_2426,Apparel,2620.9,0,0,0.092,228.7,1,0
ORD_103109,CUST_3335,Apparel,896.53,0,0,0.0869,2310.3,1,0
ORD_112909,CUST_3501,Footwear,1037.17,4,0,0.1827,3278.1,1,0
ORD_103577,CUST_3207,Beauty,825.64,3,1,0.0915,2614.2,1,0
ORD_101342,CUST_4371,Apparel,868.76,0,0,0.1543,1334.1,3,0
ORD_113624,CUST_3296,Home & Kitchen,544.23,2,1,0.1608,1879.3,3,0
ORD_103459,CUST_3444,Home & Kitchen,1397.51,1,1,0.2548,894.6,1,0
ORD_104799,CUST_3556,Footwear,556.72,0,0,0.1782,725.6,3,0
ORD_101639,CUST_3203,Footwear,446.98,0,1,0.2713,1440.1,1,1
ORD_100939,CUST_4584,Apparel,1040.87,0,1,0.2776,3458.8,1,1
ORD_110757,CUST_1838,Apparel,2656.91,3,1,0.1221,3285.9,1,0
ORD_111042,CUST_4291,Beauty,505.14,0,0,0.058,3113.1,1,0
ORD_104977,CUST_4426,Apparel,373.06,1,1,0.212,1150.9,1,1
ORD_112006,CUST_4300,Apparel,2109.22,0,1,0.1352,2712.0,1,0
ORD_100181,CUST_4840,Apparel,1489.02,0,1,0.2143,1170.2,1,0
ORD_113606,CUST_1849,Apparel,1624.66,3,1,0.2005,614.8,12,1
ORD_106008,CUST_3313,Electronics,1129.78,1,1,0.1299,2117.3,1,0
ORD_113386,CUST_4917,Electronics,1187.0,0,1,0.2656,1668.9,3,1
ORD_111631,CUST_1505,Electronics,960.47,0,1,0.1378,616.8,12,0
ORD_102997,CUST_4179,Home & Kitchen,2326.15,4,0,0.1128,362.9,1,1
ORD_113174,CUST_2224,Apparel,3521.71,1,0,0.1073,388.7,1,0
ORD_114630,CUST_4191,Beauty,1898.96,0,0,0.0175,1916.2,1,0
ORD_109394,CUST_2551,Electronics,1219.13,1,1,0.2315,976.2,1,0
ORD_109105,CUST_4810,Footwear,532.7,1,1,0.0614,2831.7,1,0
ORD_103930,CUST_1874,Apparel,722.94,1,0,0.0998,2498.8,1,1
ORD_101524,CUST_2834,Electronics,5096.68,0,1,0.1878,2847.9,1,0
ORD_103079,CUST_1649,Home & Kitchen,1644.62,0,0,0.0721,2689.0,1,1
ORD_111797,CUST_4351,Apparel,594.92,0,0,0.1201,2544.8,1,0
ORD_109407,CUST_3218,Home & Kitchen,819.05,0,0,0.1856,1313.4,1,0
ORD_100642,CUST_1996,Apparel,1462.91,0,0,0.3157,1387.1,1,1
ORD_109232,CUST_4413,Beauty,2965.15,0,0,0.0985,605.3,1,0
ORD_110878,CUST_4594,Apparel,1147.65,0,1,0.1256,1822.3,3,0
ORD_109074,CUST_2223,Apparel,893.23,0,1,0.1684,1183.8,1,0
ORD_102945,CUST_3545,Beauty,880.96,0,0,0.0554,562.6,2,0
ORD_101510,CUST_4332,Beauty,2507.05,4,0,0.2222,1759.6,1,0
ORD_107962,CUST_4888,Footwear,5475.15,1,1,0.0874,800.5,1,0
ORD_104502,CUST_2572,Apparel,8037.09,1,1,0.2302,1490.8,1,1
ORD_109647,CUST_1272,Home & Kitchen,1467.19,1,1,0.3256,748.0,1,1
ORD_103032,CUST_2806,Electronics,816.69,0,1,0.0781,454.3,1,0
ORD_107084,CUST_3809,Apparel,1647.17,3,0,0.0635,1843.6,2,0
ORD_103578,CUST_3398,Apparel,4807.62,3,1,0.0856,696.6,1,1
ORD_109612,CUST_3179,Footwear,1886.23,0,1,0.4222,1007.8,1,1
ORD_113248,CUST_2545,Footwear,328.72,0,0,0.0354,248.1,2,0
ORD_104911,CUST_2137,Electronics,2695.55,0,0,0.3397,2348.4,1,0
ORD_105765,CUST_4494,Home & Kitchen,1530.11,0,0,0.2837,1104.8,2,0
ORD_100730,CUST_2625,Footwear,760.69,0,0,0.1156,2557.0,3,0
ORD_106778,CUST_3477,Apparel,518.48,1,0,0.4215,908.2,1,1
ORD_106828,CUST_2770,Home & Kitchen,1071.98,0,0,0.0861,1065.3,6,0
ORD_101634,CUST_1284,Electronics,988.55,0,0,0.5273,2147.3,1,0
ORD_107423,CUST_2625,Apparel,547.8,10,1,0.2682,1209.6,1,1
ORD_102378,CUST_4530,Footwear,3653.12,2,1,0.1454,1796.7,2,1
ORD_110615,CUST_1502,Footwear,1008.04,1,0,0.2311,2864.4,3,0
ORD_104337,CUST_2460,Electronics,880.32,0,1,0.3206,908.0,1,0
ORD_102579,CUST_2324,Footwear,2246.5,1,1,0.1427,769.7,1,0
ORD_109078,CUST_1378,Footwear,1767.6,3,1,0.4059,2531.1,3,1
ORD_104031,CUST_3608,Electronics,1625.45,0,0,0.0761,3016.5,1,1
ORD_109992,CUST_4235,Apparel,426.92,0,0,0.1665,2415.3,1,0
ORD_114771,CUST_4181,Electronics,391.79,7,0,0.2035,393.3,1,1
ORD_113488,CUST_2159,Footwear,2366.39,7,1,0.289,3186.1,1,1
ORD_107674,CUST_2416,Electronics,2108.28,0,0,0.2871,3153.0,1,0
ORD_113682,CUST_3130,Electronics,1610.26,0,1,0.5516,2632.1,2,1
ORD_105817,CUST_2824,Footwear,1920.08,0,0,0.7168,2840.8,2,1
ORD_103441,CUST_4865,Footwear,704.8,3,1,0.0745,515.0,1,0
ORD_113048,CUST_4609,Home & Kitchen,527.25,0,0,0.0971,1902.5,1,1
ORD_110624,CUST_4250,Apparel,702.52,0,1,0.4408,2435.8,1,0
ORD_108190,CUST_2702,Home & Kitchen,802.6,0,0,0.1313,1986.6,1,0
ORD_107405,CUST_1442,Apparel,992.82,2,0,0.1257,1125.6,2,1
ORD_108509,CUST_2654,Beauty,4782.43,1,1,0.3522,3184.6,2,0
ORD_104728,CUST_1244,Apparel,1280.69,0,1,0.2458,2196.1,3,0
ORD_111081,CUST_1661,Electronics,2409.32,0,0,0.1611,3366.9,2,1
ORD_100384,CUST_1403,Beauty,787.51,0,0,0.5164,3396.4,1,0
ORD_102838,CUST_1986,Electronics,4107.42,4,1,0.0807,3400.3,1,1
ORD_108388,CUST_1376,Apparel,427.65,0,1,0.2942,1625.8,3,1
ORD_100336,CUST_3450,Electronics,507.24,1,0,0.3345,963.8,2,1
ORD_110155,CUST_4172,Footwear,2495.73,0,1,0.221,1018.7,1,1
ORD_113709,CUST_1923,Apparel,646.98,7,1,0.157,2943.6,1,0
ORD_102074,CUST_3973,Footwear,875.59,1,1,0.251,386.2,1,0
ORD_114096,CUST_3053,Apparel,1656.53,0,0,0.1747,2499.5,1,0
ORD_103949,CUST_4988,Footwear,1763.61,0,0,0.4756,2958.3,1,1
ORD_113183,CUST_1596,Footwear,354.84,1,0,0.1356,761.8,3,0
ORD_109576,CUST_3043,Electronics,312.27,2,1,0.4329,2375.0,1,0
ORD_104781,CUST_2556,Apparel,2698.57,2,1,0.1713,1718.9,1,1
ORD_113845,CUST_3647,Apparel,948.94,2,1,0.3164,1438.5,1,0
ORD_112707,CUST_3272,Apparel,964.94,0,0,0.2708,977.4,6,0
ORD_107855,CUST_1931,Apparel,1133.55,1,1,0.0933,434.5,2,0
ORD_101451,CUST_3712,Beauty,5740.29,2,0,0.3566,2088.7,1,1
ORD_107904,CUST_1287,Apparel,2044.99,1,0,0.3299,3079.4,1,1
ORD_108645,CUST_4608,Home & Kitchen,504.52,2,0,0.1603,880.1,1,0
ORD_112306,CUST_4394,Apparel,910.81,1,1,0.0338,2757.7,6,0
ORD_111077,CUST_2105,Apparel,958.43,1,0,0.2881,988.7,1,0
ORD_109090,CUST_1171,Home & Kitchen,1777.76,0,1,0.0799,1876.6,1,0
ORD_104880,CUST_2710,Home & Kitchen,988.91,2,1,0.1355,1580.2,1,0
ORD_114163,CUST_1206,Home & Kitchen,510.5,2,1,0.0768,1814.9,1,1
ORD_105647,CUST_4235,Apparel,1472.18,0,0,0.2699,1114.1,12,0
ORD_105143,CUST_4988,Electronics,1447.87,1,0,0.2922,1487.7,1,0
ORD_106923,CUST_2361,Apparel,573.39,1,1,0.2854,1657.1,1,0
ORD_112380,CUST_3265,Beauty,1643.21,0,1,0.1181,1343.0,1,1
ORD_107531,CUST_1018,Apparel,1599.9,5,0,0.0845,2031.3,1,1
ORD_100085,CUST_3253,Electronics,2512.89,0,1,0.2341,1627.7,2,0
ORD_112049,CUST_1520,Apparel,1104.1,1,0,0.0916,3490.7,3,0
ORD_110270,CUST_3901,Footwear,1799.84,0,1,0.0904,3422.9,1,0
ORD_105215,CUST_4220,Beauty,797.54,0,0,0.2117,1570.3,1,0
ORD_109404,CUST_4683,Apparel,1738.68,0,0,0.1106,1562.0,3,1
ORD_107229,CUST_2086,Footwear,816.16,0,0,0.1273,829.3,1,0
ORD_102497,CUST_2333,Apparel,2869.12,3,1,0.3188,2832.4,1,1
ORD_114116,CUST_4673,Beauty,1252.16,0,0,0.5406,1555.3,1,1
ORD_114560,CUST_4353,Home & Kitchen,5818.54,0,1,0.2251,2165.8,1,0
ORD_106714,CUST_2299,Apparel,754.92,0,1,0.3712,2647.9,2,0
ORD_103169,CUST_4374,Home & Kitchen,327.16,1,1,0.0961,3190.3,1,0
ORD_113952,CUST_3178,Home & Kitchen,410.08,1,1,0.4204,1181.3,1,1
ORD_114668,CUST_4545,Apparel,2224.52,0,1,0.1421,3415.4,3,0
ORD_104523,CUST_1000,Home & Kitchen,371.38,2,1,0.4017,2206.7,1,1
ORD_100444,CUST_2799,Apparel,536.31,0,1,0.1916,1082.5,1,1
ORD_105794,CUST_1174,Apparel,1737.36,0,0,0.4936,278.8,3,0
ORD_100820,CUST_2065,Apparel,2336.27,2,0,0.0949,1728.6,1,0
ORD_103595,CUST_3171,Apparel,449.8,0,1,0.0877,1662.6,1,0
ORD_111755,CUST_2781,Footwear,1145.48,1,1,0.6331,2106.1,1,1
ORD_109596,CUST_1585,Apparel,588.82,2,1,0.0585,425.7,1,0
ORD_114911,CUST_4268,Beauty,792.69,1,0,0.2384,2437.5,1,1
ORD_109528,CUST_3079,Footwear,3101.85,0,0,0.1489,1868.4,2,0
ORD_106208,CUST_2619,Electronics,3213.87,2,0,0.173,1634.2,1,0
ORD_101430,CUST_3621,Apparel,301.05,0,0,0.0209,2934.9,1,0
ORD_109497,CUST_4114,Electronics,883.01,0,1,0.1104,1833.9,12,1
ORD_114826,CUST_1203,Footwear,641.65,1,0,0.2531,359.5,1,1
ORD_114291,CUST_1847,Electronics,1095.57,1,1,0.6181,2627.8,1,1
ORD_113712,CUST_4903,Electronics,1145.85,1,1,0.1509,1154.9,12,0
ORD_109947,CUST_1024,Footwear,352.07,1,0,0.3248,3418.1,1,0
ORD_104281,CUST_4322,Beauty,624.73,0,1,0.0949,2368.0,1,0
ORD_106780,CUST_4505,Electronics,1666.23,0,0,0.3133,2130.7,3,0
ORD_114337,CUST_2103,Electronics,588.05,1,1,0.1354,1511.1,6,0
ORD_113881,CUST_2299,Footwear,1860.93,2,1,0.0999,1128.1,1,0
ORD_109004,CUST_3514,Apparel,2112.34,2,1,0.1676,1001.9,6,0
ORD_113498,CUST_3568,Apparel,638.88,3,1,0.2829,985.4,3,0
ORD_114512,CUST_3667,Apparel,356.02,0,1,0.0832,3201.2,1,0
ORD_114753,CUST_2177,Footwear,1496.21,0,1,0.3519,391.1,3,0
ORD_112980,CUST_3878,Apparel,302.86,2,0,0.0057,482.6,1,1
ORD_114387,CUST_3915,Apparel,2683.31,0,1,0.1475,3197.6,1,0
ORD_109210,CUST_2505,Apparel,856.73,2,0,0.0481,2369.1,1,0
ORD_105378,CUST_3611,Apparel,1407.65,1,1,0.2389,2310.3,6,0
ORD_105011,CUST_4522,Footwear,769.33,0,1,0.1607,1539.4,1,0
ORD_114698,CUST_4825,Apparel,718.87,0,1,0.0989,1279.2,1,0
ORD_101886,CUST_1186,Footwear,2672.71,0,1,0.1095,2201.7,1,1
ORD_102960,CUST_2827,Home & Kitchen,335.11,0,0,0.1111,2364.3,2,0
ORD_102495,CUST_4534,Apparel,923.51,0,1,0.3781,1181.0,1,0
ORD_108854,CUST_1344,Apparel,561.28,0,0,0.168,3087.6,1,0
ORD_106087,CUST_2598,Footwear,538.02,7,1,0.2095,2750.1,1,1
ORD_113247,CUST_1849,Home & Kitchen,3467.6,0,0,0.2301,2590.5,1,0
ORD_102245,CUST_1362,Electronics,6195.44,0,1,0.1365,1216.2,1,1
ORD_111181,CUST_2615,Footwear,1634.06,1,1,0.0494,2926.9,1,0
ORD_111100,CUST_3870,Home & Kitchen,516.83,0,0,0.0782,1887.8,1,0
ORD_102286,CUST_3064,Footwear,888.64,2,1,0.2034,1598.4,1,0
ORD_108120,CUST_1475,Apparel,1005.66,2,0,0.1919,2997.4,2,0
ORD_114616,CUST_4770,Apparel,2900.26,0,0,0.1432,3222.9,1,0
ORD_111727,CUST_1818,Apparel,912.9,0,0,0.1012,1241.7,1,0
ORD_107892,CUST_1489,Home & Kitchen,2015.96,4,0,0.2335,2472.0,1,1
ORD_104258,CUST_2829,Home & Kitchen,1895.39,3,1,0.1623,2352.2,2,1
ORD_102722,CUST_4432,Apparel,1163.4,3,0,0.3755,2064.4,1,0
ORD_113305,CUST_3567,Home & Kitchen,800.66,0,0,0.3217,1832.0,1,0
ORD_109563,CUST_1428,Footwear,1072.66,0,1,0.0452,2729.5,1,0
ORD_108185,CUST_4275,Apparel,381.3,0,0,0.1835,1717.5,1,0
ORD_108410,CUST_2301,Electronics,983.94,1,1,0.2118,904.1,1,0
ORD_110161,CUST_1654,Electronics,1631.12,0,1,0.3393,2153.6,1,0
ORD_105466,CUST_3201,Apparel,2138.08,0,0,0.3016,1167.6,2,0
ORD_105291,CUST_1664,Apparel,3952.79,1,0,0.1465,2035.7,1,1
ORD_109295,CUST_1825,Beauty,1252.6,1,1,0.2666,3347.4,1,1
ORD_105976,CUST_4179,Electronics,3301.84,0,1,0.2023,3406.2,1,1
ORD_100667,CUST_3070,Home & Kitchen,508.12,7,1,0.0699,2229.7,1,1
ORD_109536,CUST_3234,Electronics,1351.89,0,1,0.0402,3232.4,1,0
ORD_102438,CUST_3963,Apparel,304.39,4,0,0.1077,1091.3,2,0
ORD_114473,CUST_4130,Electronics,864.78,3,0,0.0665,2371.3,1,1
ORD_104264,CUST_4700,Apparel,472.34,1,1,0.1685,1747.2,3,1
ORD_104355,CUST_3269,Footwear,1628.13,2,1,0.2315,1555.6,1,1
ORD_110237,CUST_1471,Apparel,637.82,0,1,0.1439,2320.3,1,1
ORD_108679,CUST_3986,Electronics,727.17,2,1,0.0803,2066.3,12,1
ORD_111921,CUST_3681,Electronics,2821.35,0,0,0.17,2110.0,1,1
ORD_111886,CUST_2808,Apparel,1073.94,0,1,0.2558,2703.1,1,0
ORD_113596,CUST_1957,Electronics,2417.99,0,0,0.2723,584.2,3,1
ORD_112674,CUST_1783,Apparel,1721.0,0,0,0.2258,1119.7,1,0
ORD_101235,CUST_2774,Apparel,794.92,2,1,0.3308,967.3,2,0
ORD_110043,CUST_4019,Apparel,1115.68,4,1,0.2295,1515.0,1,0
ORD_105740,CUST_3552,Home & Kitchen,711.98,4,0,0.3619,1595.7,12,1
ORD_113520,CUST_1559,Electronics,372.1,0,0,0.0911,566.1,1,0
ORD_114014,CUST_1786,Apparel,1938.24,0,1,0.0749,2573.8,1,0
ORD_106158,CUST_3467,Beauty,712.73,4,1,0.0387,3236.0,1,0
ORD_110422,CUST_3156,Apparel,497.37,1,1,0.295,1388.3,1,1
ORD_102921,CUST_3132,Footwear,365.15,1,0,0.0318,1573.4,2,0
ORD_108967,CUST_4446,Beauty,557.76,0,1,0.2473,496.6,1,0
ORD_110307,CUST_1867,Footwear,1421.06,2,0,0.3962,3207.7,1,1
ORD_113834,CUST_2215,Apparel,779.31,2,1,0.1399,946.5,6,0
ORD_101745,CUST_1181,Footwear,2154.03,0,1,0.1075,3423.7,1,1
ORD_110801,CUST_2189,Electronics,3279.92,0,1,0.1913,1962.1,6,0
ORD_100167,CUST_3454,Electronics,659.48,0,0,0.1768,2677.8,1,0
ORD_103191,CUST_3674,Footwear,4049.88,0,1,0.0299,2202.8,6,0
ORD_107446,CUST_3904,Apparel,2662.21,1,0,0.2858,2578.0,1,0
ORD_103081,CUST_3637,Electronics,552.56,1,0,0.1565,2076.7,1,0
ORD_102631,CUST_1955,Apparel,1845.11,7,1,0.1592,2117.3,1,1
ORD_112225,CUST_1323,Apparel,3320.03,1,0,0.1357,2412.5,1,0
ORD_107277,CUST_3494,Electronics,1702.05,0,0,0.2417,3010.1,3,0
ORD_100372,CUST_4723,Apparel,1933.55,0,0,0.1535,1899.5,2,0
ORD_106435,CUST_4406,Footwear,491.75,0,0,0.2138,1968.1,1,0
ORD_108547,CUST_3567,Beauty,482.48,0,1,0.203,2254.7,1,0
ORD_106440,CUST_1684,Beauty,458.19,2,0,0.1292,835.1,1,0
ORD_108640,CUST_4558,Apparel,393.83,0,1,0.325,3192.1,1,1
ORD_110481,CUST_1013,Home & Kitchen,3194.09,0,0,0.151,2325.9,1,0
ORD_106618,CUST_3875,Home & Kitchen,941.45,0,1,0.3668,1504.8,1,1
ORD_114416,CUST_4741,Home & Kitchen,1380.88,3,0,0.1257,1911.2,6,0
ORD_107039,CUST_4262,Home & Kitchen,476.23,1,1,0.0087,2792.4,1,0
ORD_106972,CUST_4442,Apparel,890.0,3,0,0.3104,286.1,1,0
ORD_113104,CUST_3632,Apparel,4033.4,2,1,0.1511,2583.7,1,0
ORD_109673,CUST_2152,Electronics,2045.11,0,1,0.2523,263.1,2,1
ORD_110706,CUST_1170,Footwear,1336.6,7,1,0.0902,150.2,1,1
ORD_102707,CUST_1300,Apparel,954.53,3,1,0.3182,438.8,1,1
ORD_114304,CUST_1087,Electronics,404.7,0,1,0.1857,1061.7,2,0
ORD_100340,CUST_1146,Footwear,569.08,0,1,0.4184,2686.4,1,0
ORD_110904,CUST_1280,Apparel,1906.31,0,0,0.0917,979.5,1,1
ORD_113950,CUST_4340,Footwear,2125.99,1,1,0.1936,2513.3,1,0
ORD_106575,CUST_3108,Home & Kitchen,346.86,0,1,0.4238,786.2,1,1
ORD_104580,CUST_1201,Footwear,1361.99,2,0,0.1785,182.6,1,1
ORD_106274,CUST_4629,Beauty,1047.34,0,0,0.0776,2639.3,1,0
ORD_106583,CUST_4693,Home & Kitchen,426.54,0,1,0.1481,1754.7,1,0
ORD_109819,CUST_4723,Electronics,366.9,3,1,0.0629,640.8,6,1
ORD_101253,CUST_4545,Apparel,713.87,3,1,0.1786,3043.3,1,0
ORD_109942,CUST_4251,Apparel,707.8,2,1,0.1846,3169.5,1,1
ORD_100852,CUST_2540,Beauty,301.5,2,0,0.239,2915.9,2,0
ORD_113787,CUST_2409,Beauty,665.98,2,0,0.0433,321.5,6,0
ORD_114964,CUST_1006,Apparel,1128.08,1,0,0.2997,635.4,1,1
ORD_104239,CUST_3295,Beauty,440.29,0,1,0.217,2646.4,3,1
ORD_104390,CUST_4755,Home & Kitchen,1839.64,1,0,0.3086,1560.0,1,1
ORD_110528,CUST_2903,Electronics,2321.04,2,0,0.3206,2244.9,1,0
ORD_100639,CUST_1153,Electronics,1577.54,1,0,0.0934,428.9,1,0
ORD_111183,CUST_3642,Electronics,1318.92,0,0,0.0599,2257.7,6,0
ORD_108001,CUST_4393,Apparel,850.1,0,1,0.0705,1036.5,1,0
ORD_106416,CUST_4764,Electronics,510.31,0,1,0.1902,2071.6,1,0
ORD_105323,CUST_1194,Apparel,663.69,0,1,0.0286,1900.7,1,0
ORD_102805,CUST_2969,Apparel,1715.45,5,1,0.1176,1282.5,1,0
ORD_113647,CUST_2156,Footwear,890.15,0,0,0.0628,705.9,1,0
ORD_106053,CUST_2779,Apparel,316.4,2,1,0.2448,1384.4,1,0
ORD_105683,CUST_1211,Footwear,1517.79,0,0,0.1234,3479.2,3,0
ORD_106357,CUST_3687,Home & Kitchen,1423.8,0,0,0.165,2873.2,3,1
ORD_111148,CUST_1258,Electronics,1493.86,0,1,0.4365,936.4,1,0
ORD_102050,CUST_1758,Apparel,4139.02,0,0,0.1373,1839.2,1,0
ORD_105682,CUST_4388,Apparel,1404.66,4,0,0.335,3191.1,2,0
ORD_109455,CUST_4918,Apparel,836.83,0,0,0.3132,395.5,1,0
ORD_107706,CUST_4561,Beauty,828.88,1,1,0.1867,201.8,12,0
ORD_105691,CUST_4109,Footwear,1026.12,1,1,0.2457,2102.6,3,0
ORD_105230,CUST_3101,Home & Kitchen,1263.65,0,1,0.1766,2463.9,3,0
ORD_112144,CUST_3308,Beauty,1226.88,2,1,0.6471,334.5,1,1
ORD_101784,CUST_2757,Electronics,801.13,0,1,0.4844,1777.2,3,1
ORD_102519,CUST_4237,Home & Kitchen,810.16,0,0,0.0512,2116.6,1,0
ORD_109379,CUST_4874,Beauty,1364.65,1,1,0.0439,1835.7,3,1
ORD_109241,CUST_3925,Home & Kitchen,4087.9,0,1,0.2122,1742.2,6,0
ORD_104276,CUST_4278,Home & Kitchen,617.33,3,1,0.3048,3286.5,1,0
ORD_105993,CUST_4423,Apparel,593.92,0,0,0.3104,3359.4,1,0
ORD_103674,CUST_4300,Apparel,893.23,0,0,0.121,2396.9,1,0
ORD_108796,CUST_3181,Home & Kitchen,542.02,1,1,0.1256,1582.2,6,1
ORD_110977,CUST_2240,Electronics,1782.08,0,0,0.294,436.3,1,0
ORD_105997,CUST_2466,Electronics,1132.74,5,1,0.2186,327.5,2,0
ORD_105968,CUST_1218,Electronics,2499.13,0,1,0.0563,2200.2,2,0
ORD_110916,CUST_4007,Electronics,336.42,0,1,0.0455,2645.5,3,0
ORD_114963,CUST_1253,Electronics,1614.68,0,0,0.1659,3052.4,1,0
ORD_111555,CUST_2209,Electronics,1112.0,1,1,0.3752,2473.4,2,0
ORD_113525,CUST_1851,Electronics,4009.82,0,1,0.4034,316.0,1,1
ORD_109476,CUST_4702,Home & Kitchen,1070.51,1,0,0.1571,1458.0,6,0
ORD_102418,CUST_1984,Electronics,1126.94,0,0,0.0661,363.8,1,0
ORD_107304,CUST_4049,Beauty,2630.14,0,0,0.133,2985.2,1,0
ORD_110794,CUST_2312,Footwear,5070.13,0,1,0.1555,1250.8,2,0
ORD_107064,CUST_4682,Home & Kitchen,1688.33,2,1,0.032,543.0,2,1
ORD_100059,CUST_4556,Apparel,521.86,0,1,0.1348,3352.6,3,0
ORD_109492,CUST_3562,Footwear,369.23,1,1,0.4347,1840.4,1,1
ORD_103695,CUST_4081,Footwear,547.53,0,0,0.1583,1279.5,1,0
ORD_113941,CUST_3133,Footwear,663.04,0,1,0.0833,2160.2,1,0
ORD_113378,CUST_2138,Beauty,1859.84,3,0,0.3302,2072.3,3,0
ORD_113805,CUST_4922,Electronics,1038.39,2,0,0.0942,1814.1,1,1
ORD_113958,CUST_4873,Apparel,2916.47,1,1,0.1785,1095.3,1,0
ORD_104773,CUST_4180,Home & Kitchen,760.02,5,0,0.073,664.6,1,0
ORD_108878,CUST_1478,Electronics,1567.63,0,1,0.3086,1316.9,1,0
ORD_108630,CUST_2272,Footwear,1430.09,0,1,0.1462,2515.0,1,0
ORD_109648,CUST_3027,Footwear,1414.66,7,0,0.2455,2578.7,6,1
ORD_105398,CUST_2589,Home & Kitchen,385.4,4,1,0.0519,2256.5,1,0
ORD_113057,CUST_2186,Footwear,811.86,10,0,0.1439,903.0,1,1
ORD_107875,CUST_3685,Apparel,1999.05,0,0,0.0771,2306.4,2,0
ORD_111398,CUST_1312,Beauty,919.4,0,0,0.181,1971.1,1,0
ORD_110951,CUST_2789,Electronics,461.5,0,1,0.2375,1733.5,1,0
ORD_106237,CUST_1621,Electronics,1041.95,1,1,0.3864,2446.6,1,1
ORD_101406,CUST_3635,Apparel,4960.39,3,0,0.1057,322.5,1,0
ORD_111682,CUST_2008,Apparel,428.53,0,0,0.1634,3305.4,1,0
ORD_111758,CUST_3263,Footwear,477.83,0,0,0.01,682.2,2,0
ORD_103793,CUST_1997,Apparel,1531.29,0,0,0.1236,1574.6,1,0
ORD_107807,CUST_3028,Home & Kitchen,1285.33,2,0,0.1391,258.3,1,1
ORD_109512,CUST_2763,Apparel,841.09,0,0,0.1236,1968.8,1,0
ORD_107288,CUST_3959,Footwear,710.81,0,0,0.0796,2682.1,6,0
ORD_102498,CUST_2109,Home & Kitchen,5788.54,0,1,0.2838,3385.8,2,1
ORD_114159,CUST_3781,Footwear,1413.63,0,1,0.1021,3129.1,1,0
ORD_109111,CUST_1371,Beauty,503.76,0,0,0.1918,1579.2,1,0
ORD_112284,CUST_1509,Electronics,1632.01,1,1,0.3427,1171.4,1,0
ORD_107591,CUST_4558,Apparel,1143.38,2,0,0.2003,2392.5,1,0
ORD_106453,CUST_2874,Footwear,4983.57,1,0,0.117,1299.2,1,1
ORD_101799,CUST_3106,Home & Kitchen,2318.04,0,1,0.1873,2668.5,1,0
ORD_106090,CUST_2389,Home & Kitchen,1275.84,0,0,0.0568,1358.5,6,0
ORD_112266,CUST_1711,Footwear,1587.08,0,1,0.0251,339.1,1,0
ORD_108492,CUST_1382,Apparel,705.15,0,1,0.1915,3181.5,1,1
ORD_105672,CUST_3613,Beauty,3747.34,2,1,0.0879,1573.2,1,0
ORD_109697,CUST_4232,Home & Kitchen,703.68,0,1,0.2611,1083.7,1,0
ORD_103686,CUST_2923,Apparel,780.67,0,0,0.1192,3343.2,1,0
ORD_102657,CUST_4308,Home & Kitchen,1008.41,0,0,0.4164,1452.4,1,0
ORD_111422,CUST_1555,Beauty,1096.79,3,1,0.3961,507.2,1,0
ORD_112978,CUST_4394,Apparel,873.26,2,0,0.2887,1994.3,2,0
ORD_102021,CUST_2194,Home & Kitchen,479.37,1,1,0.3409,687.5,1,0
ORD_102265,CUST_3719,Electronics,4543.92,1,1,0.1749,377.7,2,0
ORD_104810,CUST_1164,Apparel,1202.08,3,1,0.0474,182.0,1,1
ORD_111352,CUST_1429,Beauty,479.09,4,0,0.1874,3294.3,3,0
ORD_104092,CUST_3211,Apparel,782.03,1,1,0.1295,173.7,1,1
ORD_106415,CUST_1138,Beauty,3524.09,0,1,0.3622,177.1,1,0
ORD_107362,CUST_1974,Footwear,1049.3,3,0,0.4501,2882.9,1,0
ORD_100512,CUST_3537,Home & Kitchen,1905.01,4,1,0.2001,2944.6,1,0
ORD_110499,CUST_3299,Footwear,318.19,2,1,0.2096,612.9,1,0
ORD_103757,CUST_4091,Footwear,1422.33,2,1,0.2355,514.6,1,0
ORD_114313,CUST_4644,Footwear,723.07,1,0,0.148,1110.5,1,0
ORD_108817,CUST_2907,Footwear,2298.48,3,1,0.287,2715.4,1,0
ORD_114031,CUST_2603,Home & Kitchen,847.42,0,0,0.2722,1352.8,1,0
ORD_101836,CUST_4088,Electronics,1102.66,2,0,0.2415,650.5,1,1
ORD_110797,CUST_4310,Electronics,2170.5,2,1,0.1137,3103.1,1,0
ORD_106822,CUST_3387,Electronics,2267.97,10,0,0.1512,336.8,1,1
ORD_114747,CUST_3397,Apparel,3338.49,1,0,0.3145,448.6,1,0
ORD_107088,CUST_4477,Footwear,1289.7,0,0,0.1883,2826.9,1,0
ORD_101034,CUST_2668,Electronics,1103.64,4,0,0.121,2541.1,1,0
ORD_107165,CUST_2848,Electronics,671.96,0,0,0.3911,193.6,1,0
ORD_103288,CUST_1094,Apparel,380.71,1,1,0.3143,3326.6,1,0
ORD_104315,CUST_3946,Apparel,1881.2,1,1,0.2623,464.7,6,1
ORD_107303,CUST_3677,Apparel,887.98,0,0,0.2096,879.8,1,0
ORD_112159,CUST_3983,Footwear,3585.87,2,1,0.185,1836.5,1,1
ORD_110007,CUST_2274,Beauty,1978.53,1,0,0.3354,3429.0,1,0
ORD_110395,CUST_3679,Home & Kitchen,885.61,0,1,0.2731,2200.5,1,0
ORD_109622,CUST_4276,Footwear,694.95,4,1,0.0676,3377.0,2,0
ORD_103852,CUST_3757,Beauty,352.0,0,0,0.1536,3097.5,1,0
ORD_106940,CUST_3500,Home & Kitchen,834.84,1,0,0.3583,2431.0,1,0
ORD_108477,CUST_3411,Footwear,321.13,0,0,0.1874,2843.3,1,0
ORD_105936,CUST_4641,Footwear,622.43,0,1,0.3086,2848.1,1,1
ORD_111237,CUST_3918,Footwear,1733.09,2,0,0.2817,3349.7,1,1
ORD_109239,CUST_2445,Apparel,898.26,2,1,0.2259,1405.6,1,0
ORD_110662,CUST_4802,Electronics,611.45,3,0,0.2588,3163.0,3,0
ORD_114666,CUST_3613,Apparel,3438.47,0,0,0.0877,765.4,1,0
ORD_106855,CUST_3654,Footwear,1536.44,0,1,0.0702,1374.5,1,0
ORD_103454,CUST_2948,Apparel,2331.63,1,0,0.0579,782.9,1,0
ORD_112213,CUST_2613,Apparel,785.8,1,0,0.0962,1931.5,1,0
ORD_109887,CUST_4732,Electronics,432.97,3,0,0.4633,2743.4,6,1
ORD_103218,CUST_4875,Apparel,885.39,7,1,0.1608,3496.2,3,1
ORD_102451,CUST_2701,Electronics,423.12,7,0,0.1063,3498.4,1,0
ORD_114768,CUST_4033,Apparel,2220.4,2,1,0.1053,838.3,1,1
ORD_100397,CUST_1253,Apparel,1851.04,1,0,0.0554,3004.2,1,0
ORD_104369,CUST_1694,Beauty,899.58,4,0,0.0883,547.7,2,0
ORD_100903,CUST_1504,Home & Kitchen,6379.27,0,1,0.0976,624.1,1,1
ORD_108298,CUST_4611,Footwear,837.72,0,1,0.2515,862.3,1,0
ORD_100494,CUST_4394,Footwear,1918.97,1,1,0.0433,1488.4,3,0
ORD_113936,CUST_3885,Home & Kitchen,1588.57,2,1,0.1041,1886.0,1,0
ORD_101079,CUST_4805,Apparel,352.44,1,1,0.0739,611.5,1,1
ORD_108844,CUST_4113,Home & Kitchen,1895.12,0,0,0.005,3315.0,1,0
ORD_103831,CUST_3125,Apparel,1539.84,1,1,0.1672,342.7,1,0
ORD_112190,CUST_4978,Electronics,602.38,2,0,0.165,3343.2,1,0
ORD_100972,CUST_2946,Apparel,2993.28,0,0,0.398,2990.8,1,0
ORD_101460,CUST_4110,Footwear,2090.11,0,0,0.1052,2394.2,6,0
ORD_108318,CUST_4485,Electronics,2164.83,0,0,0.104,925.2,1,0
ORD_107608,CUST_3929,Electronics,741.94,2,0,0.1495,1276.5,3,0
ORD_103812,CUST_1475,Beauty,1190.43,0,1,0.1315,3461.5,1,0
ORD_106718,CUST_2943,Beauty,968.46,5,0,0.1082,3112.9,1,0
ORD_103073,CUST_4726,Electronics,1275.51,1,1,0.1761,387.8,1,0
ORD_110188,CUST_3986,Apparel,819.06,0,1,0.0628,1823.0,1,0
ORD_109657,CUST_1665,Beauty,4106.62,0,1,0.1102,654.3,1,0
ORD_112172,CUST_3001,Footwear,570.26,1,1,0.2681,2254.2,1,0
ORD_111478,CUST_4012,Apparel,1382.26,1,1,0.0659,1384.4,2,0
ORD_107364,CUST_4096,Apparel,1160.34,0,1,0.227,2145.0,1,0
ORD_102614,CUST_1352,Apparel,2111.7,0,0,0.2131,2996.8,12,0
ORD_108201,CUST_4512,Apparel,2043.9,0,0,0.1507,681.9,12,0
ORD_112278,CUST_4551,Home & Kitchen,448.22,0,1,0.2353,531.0,2,0
ORD_108582,CUST_2645,Footwear,475.52,1,1,0.1913,1734.3,1,0
ORD_113581,CUST_2247,Beauty,1887.35,0,1,0.4373,769.1,1,0
ORD_102588,CUST_4804,Footwear,1304.53,3,0,0.3245,543.4,1,1
ORD_104066,CUST_2991,Home & Kitchen,1128.48,0,0,0.3514,1850.4,1,0
ORD_108417,CUST_2553,Beauty,547.56,0,1,0.0916,3459.6,1,0
ORD_114733,CUST_2281,Apparel,897.97,2,1,0.5481,2588.9,1,0
ORD_105037,CUST_3078,Apparel,478.29,2,0,0.2696,1570.5,1,0
ORD_103769,CUST_2078,Footwear,557.21,3,1,0.1577,182.9,12,1
ORD_101924,CUST_1060,Apparel,1174.58,2,0,0.1713,1455.4,1,0
ORD_105047,CUST_2589,Beauty,383.88,0,1,0.1196,1510.7,1,1
ORD_109134,CUST_4150,Beauty,428.26,0,1,0.3699,1485.4,1,0
ORD_111486,CUST_3720,Home & Kitchen,441.1,1,0,0.0507,2958.3,2,0
ORD_110719,CUST_3131,Footwear,691.85,0,1,0.202,1816.9,1,0
ORD_106788,CUST_1779,Apparel,495.06,3,1,0.1309,2511.0,1,1
ORD_113450,CUST_2155,Apparel,1675.55,0,1,0.1002,1756.6,1,0
ORD_105542,CUST_1600,Footwear,1392.32,0,1,0.4873,671.7,1,0
ORD_104323,CUST_4789,Apparel,330.97,3,0,0.1591,2091.6,1,0
ORD_113942,CUST_2257,Apparel,663.42,0,1,0.3649,2282.3,1,0
ORD_104529,CUST_1455,Electronics,440.22,1,0,0.5176,923.6,1,1
ORD_108714,CUST_3357,Electronics,1625.58,4,0,0.0076,1053.8,1,0
ORD_108752,CUST_1918,Apparel,519.3,0,0,0.1954,1358.9,1,0
ORD_107394,CUST_3550,Electronics,851.29,4,0,0.084,1851.0,1,0
ORD_108616,CUST_4163,Apparel,305.77,1,1,0.3857,1562.6,1,0
ORD_114240,CUST_4504,Home & Kitchen,313.48,3,1,0.1065,3326.1,1,1
ORD_101023,CUST_3152,Home & Kitchen,728.77,3,0,0.0454,3318.4,3,0
ORD_104610,CUST_3282,Apparel,2820.22,1,1,0.0387,1791.0,3,1
ORD_101249,CUST_2976,Apparel,633.63,0,0,0.4144,2360.2,1,0
ORD_101953,CUST_2341,Electronics,3435.62,0,1,0.2938,2095.6,1,0
ORD_107342,CUST_1669,Apparel,3927.62,4,0,0.2564,1527.0,1,1
ORD_100247,CUST_3675,Apparel,982.94,3,1,0.2811,2906.7,1,1
ORD_109829,CUST_2680,Electronics,2010.33,0,1,0.1523,272.0,1,0
ORD_106234,CUST_4935,Electronics,832.85,0,1,0.1627,1038.7,1,0
ORD_101135,CUST_3100,Apparel,1984.47,1,0,0.1811,1239.1,1,0
ORD_114373,CUST_4811,Apparel,2091.37,2,0,0.1784,3299.7,1,0
ORD_102634,CUST_2712,Beauty,1767.3,1,1,0.2347,3230.1,1,1
ORD_102849,CUST_4124,Apparel,2982.62,0,0,0.0371,1835.0,2,0
ORD_110705,CUST_2371,Footwear,2613.56,0,0,0.2062,1287.6,2,1
ORD_110266,CUST_4491,Footwear,332.13,1,1,0.3539,626.0,1,0
ORD_109967,CUST_3276,Home & Kitchen,1701.73,0,1,0.1426,1835.3,1,0
ORD_107424,CUST_3764,Apparel,447.23,0,1,0.1114,2211.8,3,0
ORD_108194,CUST_4173,Electronics,1652.59,0,0,0.4161,2441.8,1,0
ORD_109357,CUST_3657,Home & Kitchen,719.03,0,0,0.2595,3298.6,3,0
ORD_113679,CUST_2648,Footwear,2158.4,1,0,0.1037,755.2,6,0
ORD_100598,CUST_1656,Footwear,548.62,2,1,0.2102,934.0,1,0
ORD_106515,CUST_3972,Home & Kitchen,2238.94,4,0,0.0407,1370.4,1,0
ORD_112963,CUST_2687,Footwear,2122.05,0,1,0.0788,3067.9,1,1
ORD_103366,CUST_1608,Footwear,884.17,1,0,0.5731,361.0,2,1
ORD_105990,CUST_4849,Home & Kitchen,569.32,2,1,0.0991,1043.8,1,0
ORD_101742,CUST_1451,Beauty,3610.62,0,1,0.2453,3409.4,2,0
ORD_100235,CUST_2663,Apparel,932.74,0,1,0.2457,2217.3,1,0
ORD_105369,CUST_2091,Electronics,550.52,5,0,0.0317,1419.6,2,0
ORD_108461,CUST_4188,Apparel,1669.85,2,1,0.2429,3391.7,3,0
ORD_111343,CUST_1473,Home & Kitchen,531.34,1,1,0.1127,979.3,1,0
ORD_110983,CUST_4270,Beauty,1407.64,1,1,0.0581,2963.3,3,0
ORD_100213,CUST_2059,Footwear,458.63,0,1,0.0562,1085.9,1,1
ORD_114274,CUST_2584,Electronics,1458.06,3,0,0.1627,1897.4,6,0
ORD_104682,CUST_2450,Home & Kitchen,879.83,1,1,0.213,1014.8,1,0
ORD_114088,CUST_1742,Beauty,424.51,0,0,0.1301,2885.2,1,0
ORD_114996,CUST_1414,Footwear,1557.26,2,1,0.0114,867.0,1,1
ORD_105144,CUST_1234,Apparel,503.79,3,1,0.3091,2975.0,1,1
ORD_106484,CUST_4575,Electronics,1749.17,1,0,0.2976,3335.1,3,0
ORD_101954,CUST_4663,Apparel,881.22,4,0,0.0871,3368.6,1,0
ORD_112117,CUST_3758,Home & Kitchen,302.72,0,0,0.4356,3340.7,1,1
ORD_105965,CUST_2962,Electronics,858.75,0,1,0.0888,2102.8,1,1
ORD_107755,CUST_1430,Electronics,334.11,0,1,0.1067,2589.3,1,1
ORD_105778,CUST_1762,Apparel,406.93,0,1,0.1963,405.2,1,0
ORD_102882,CUST_2000,Apparel,2116.12,2,1,0.2051,874.0,1,1
ORD_114078,CUST_2362,Home & Kitchen,483.95,2,1,0.2137,1172.0,1,0
ORD_107955,CUST_1011,Electronics,1468.46,1,1,0.1656,2310.9,1,0
ORD_105270,CUST_3831,Home & Kitchen,1123.27,0,0,0.0746,335.2,1,0
ORD_113440,CUST_3997,Apparel,673.22,1,0,0.1764,223.7,2,0
ORD_100277,CUST_4581,Footwear,1072.81,1,0,0.1182,1539.4,12,0
ORD_108419,CUST_1692,Footwear,866.2,4,1,0.2111,508.4,3,0
ORD_108165,CUST_3105,Footwear,439.48,0,0,0.0525,1444.9,1,0
ORD_104915,CUST_2749,Footwear,1512.47,2,0,0.2638,3397.6,1,0
ORD_104151,CUST_1669,Apparel,537.41,0,0,0.1972,1101.2,1,0
ORD_103521,CUST_1435,Beauty,642.35,0,1,0.2086,1855.7,1,0
ORD_107765,CUST_3689,Electronics,772.8,5,0,0.1406,1040.8,3,0
ORD_114341,CUST_3867,Apparel,1009.16,3,1,0.0458,478.2,3,0
ORD_109770,CUST_2757,Apparel,816.13,5,0,0.556,3176.3,1,1
ORD_114217,CUST_1713,Electronics,1508.21,0,0,0.2225,602.7,1,0
ORD_110485,CUST_2080,Home & Kitchen,2127.29,4,0,0.1691,1065.0,1,0
ORD_105956,CUST_2826,Electronics,471.97,0,0,0.1635,950.9,1,0
ORD_102949,CUST_2004,Footwear,1049.6,5,0,0.1098,2598.3,2,1
ORD_103676,CUST_3183,Home & Kitchen,3832.31,0,1,0.5051,1950.1,1,1
ORD_113430,CUST_3132,Apparel,523.23,0,1,0.1368,1973.2,1,0
ORD_102592,CUST_3335,Footwear,745.79,0,0,0.0785,1083.7,1,0
ORD_110052,CUST_3063,Footwear,622.84,1,1,0.2313,2243.4,1,0
ORD_106258,CUST_4497,Electronics,1094.61,0,1,0.2805,2357.4,3,0
ORD_112795,CUST_4845,Apparel,527.02,1,1,0.0832,2696.0,3,0
ORD_113167,CUST_3812,Beauty,1411.24,2,1,0.2435,2020.7,3,0
ORD_102600,CUST_1548,Footwear,655.94,4,0,0.0727,3490.5,3,0
ORD_112947,CUST_3826,Apparel,3367.07,0,1,0.0572,3307.0,1,0
ORD_112696,CUST_2651,Footwear,592.33,2,1,0.1935,2071.4,1,1
ORD_111015,CUST_2365,Footwear,1180.92,0,1,0.3091,2559.2,1,0
ORD_101298,CUST_2526,Apparel,741.21,0,0,0.2401,760.4,1,0
ORD_112553,CUST_4234,Apparel,507.03,0,0,0.3057,3440.5,3,0
ORD_108488,CUST_3007,Footwear,340.29,0,1,0.4493,1776.9,2,0
ORD_105470,CUST_1882,Electronics,332.61,0,0,0.2911,329.6,1,0
ORD_112653,CUST_1701,Electronics,473.01,5,0,0.1569,1714.2,1,0
ORD_108594,CUST_4917,Beauty,1189.87,0,1,0.1128,1010.1,6,0
ORD_112371,CUST_1688,Beauty,906.89,2,0,0.1421,686.1,3,0
ORD_102416,CUST_2083,Home & Kitchen,1030.19,0,1,0.2613,2382.9,1,1
ORD_102126,CUST_4932,Electronics,1469.91,0,1,0.2185,967.1,6,0
ORD_102971,CUST_2916,Electronics,1087.69,2,0,0.5369,1771.0,3,1
ORD_106891,CUST_4970,Footwear,422.94,1,0,0.0997,586.0,1,1
ORD_102622,CUST_1956,Beauty,1287.21,0,1,0.2463,3391.3,1,1
ORD_108167,CUST_4182,Electronics,687.12,0,1,0.2725,1104.1,1,1
ORD_108500,CUST_2786,Electronics,2050.77,0,0,0.1944,1026.3,3,0
ORD_105123,CUST_3671,Apparel,2021.8,0,0,0.1139,2915.4,1,0
ORD_100233,CUST_2981,Footwear,792.75,0,0,0.0285,2127.2,1,0
ORD_110643,CUST_4164,Electronics,1244.64,0,1,0.1861,982.1,1,0
ORD_102988,CUST_1001,Apparel,527.57,0,1,0.323,2472.2,1,0
ORD_103150,CUST_3774,Home & Kitchen,732.96,0,0,0.2939,947.7,1,0
ORD_107137,CUST_1497,Footwear,1673.39,1,0,0.203,2361.5,1,1
ORD_113349,CUST_4377,Electronics,1349.96,0,0,0.131,1499.9,1,0
ORD_109121,CUST_1414,Beauty,2885.71,2,1,0.035,2797.8,1,1
ORD_111834,CUST_3513,Beauty,1702.75,0,1,0.1391,2799.0,1,1
ORD_108846,CUST_1480,Electronics,1570.66,2,1,0.2931,1629.6,1,0
ORD_103377,CUST_1819,Apparel,596.43,1,0,0.0874,3091.9,1,0
ORD_100271,CUST_2136,Apparel,2555.09,1,0,0.2302,2737.6,3,0
ORD_107173,CUST_2866,Electronics,898.7,0,1,0.2086,603.4,1,0
ORD_109415,CUST_3155,Apparel,1759.99,0,0,0.3957,418.1,3,0
ORD_105616,CUST_3838,Apparel,1262.67,2,1,0.2108,1401.0,1,0
ORD_103324,CUST_4036,Electronics,1109.99,0,1,0.3776,694.7,1,0
ORD_100997,CUST_3871,Apparel,967.61,0,0,0.5024,3131.3,1,1
ORD_108026,CUST_1568,Apparel,4860.72,1,0,0.1775,2992.3,1,0
ORD_105446,CUST_2890,Apparel,1397.29,0,0,0.3519,1086.3,2,0
ORD_107695,CUST_1029,Footwear,1194.7,0,1,0.0797,742.1,1,0
ORD_101173,CUST_1681,Footwear,478.5,0,1,0.2251,350.9,1,1
ORD_107042,CUST_1219,Electronics,520.52,1,0,0.128,2987.3,2,0
ORD_105582,CUST_2924,Electronics,773.73,4,0,0.0295,493.8,1,0
ORD_114518,CUST_2046,Apparel,836.12,0,1,0.2182,3097.0,1,0
ORD_109535,CUST_4565,Apparel,1028.66,1,0,0.4335,780.6,2,1
ORD_101572,CUST_4367,Apparel,1334.56,1,1,0.2913,970.4,2,0
ORD_113991,CUST_1865,Footwear,380.42,3,0,0.115,733.3,1,0
ORD_106535,CUST_4340,Home & Kitchen,6440.0,1,1,0.0648,2801.4,1,0
ORD_108558,CUST_4087,Apparel,727.77,0,1,0.2005,2620.0,1,0
ORD_103902,CUST_1617,Apparel,1899.29,0,0,0.228,1163.6,6,0
ORD_106359,CUST_4353,Footwear,565.61,0,0,0.1737,1367.8,1,0
ORD_111990,CUST_1387,Apparel,1392.85,0,0,0.1012,2117.9,1,0
ORD_114632,CUST_3620,Footwear,3173.41,0,1,0.3503,2254.5,1,1
ORD_114192,CUST_1629,Electronics,3275.29,0,0,0.1984,2934.1,12,0
ORD_113514,CUST_4738,Footwear,1296.41,4,0,0.0266,3002.6,1,0
ORD_113091,CUST_3896,Apparel,1789.85,0,1,0.0868,2336.9,1,0
ORD_112214,CUST_4691,Electronics,3191.84,0,0,0.0985,2006.1,1,0
ORD_112760,CUST_4685,Apparel,3317.52,10,1,0.1153,309.5,1,0
ORD_106277,CUST_2647,Electronics,365.36,4,1,0.3721,939.8,12,0
ORD_101050,CUST_3048,Footwear,839.93,1,1,0.1342,1301.2,1,0
ORD_112705,CUST_3141,Footwear,418.57,0,1,0.3435,885.5,1,0
ORD_100893,CUST_1455,Footwear,1323.42,0,0,0.3768,1783.3,6,0
ORD_101438,CUST_2863,Electronics,583.17,0,0,0.0567,2513.3,1,0
ORD_108552,CUST_2714,Apparel,1706.22,3,1,0.0663,355.4,1,0
ORD_107870,CUST_4121,Apparel,415.1,0,0,0.117,3437.0,2,0
ORD_104777,CUST_1340,Apparel,2165.06,2,1,0.2407,1866.3,1,0
ORD_114328,CUST_2183,Electronics,1565.15,0,1,0.247,2552.7,1,1
ORD_107133,CUST_4357,Footwear,589.73,0,0,0.1147,3114.4,1,0
ORD_100716,CUST_2630,Home & Kitchen,2139.44,0,0,0.2131,2457.8,1,0
ORD_104406,CUST_4502,Apparel,368.68,3,1,0.1924,1421.5,1,1
ORD_104904,CUST_3884,Home & Kitchen,559.98,5,0,0.0246,1353.6,1,0
ORD_100761,CUST_3143,Footwear,1563.39,0,1,0.2335,1041.5,1,1
ORD_105269,CUST_4227,Apparel,679.4,2,1,0.173,702.4,1,1
ORD_109466,CUST_1184,Home & Kitchen,2442.56,0,0,0.1765,270.7,1,1
ORD_113468,CUST_2308,Footwear,1004.09,0,1,0.1592,1249.0,12,0
ORD_104413,CUST_1526,Apparel,2125.96,7,1,0.1294,247.4,6,0
ORD_113506,CUST_3338,Apparel,2307.16,0,0,0.2057,3469.5,6,0
ORD_110694,CUST_2767,Electronics,1976.95,0,0,0.1361,475.3,1,0
ORD_107812,CUST_3844,Footwear,511.93,5,1,0.0802,274.6,6,0
ORD_110947,CUST_3283,Electronics,3046.47,0,0,0.2485,2822.4,3,0
ORD_111255,CUST_4830,Electronics,367.06,0,0,0.2586,2907.3,3,0
ORD_110787,CUST_2787,Home & Kitchen,517.53,0,0,0.0579,2386.9,1,0
ORD_105358,CUST_1025,Footwear,1501.83,0,1,0.1962,1186.4,1,0
ORD_100801,CUST_4577,Beauty,2144.06,1,0,0.1893,2474.2,1,0
ORD_108373,CUST_4249,Footwear,812.95,10,1,0.2897,2357.0,3,0
ORD_101583,CUST_3467,Footwear,779.7,3,1,0.204,1840.3,12,1
ORD_105049,CUST_1659,Home & Kitchen,346.88,0,0,0.3532,301.2,1,0
ORD_112782,CUST_2349,Footwear,810.86,2,1,0.0491,783.8,2,0
ORD_104392,CUST_3044,Footwear,2251.96,0,0,0.2495,1518.7,1,0
ORD_114381,CUST_4641,Electronics,429.99,1,1,0.1069,2947.4,1,0
ORD_113529,CUST_1204,Electronics,637.04,0,1,0.2991,3070.7,3,0
ORD_101496,CUST_3912,Apparel,1509.79,0,0,0.1271,779.8,12,1
ORD_108579,CUST_3313,Apparel,523.42,0,1,0.1132,2134.3,1,0
ORD_101476,CUST_2254,Apparel,2018.11,0,1,0.0799,2108.4,1,0
ORD_107946,CUST_2131,Footwear,1185.04,0,1,0.2122,1107.5,1,0
ORD_101555,CUST_4055,Footwear,557.85,0,0,0.0743,1659.7,1,0
ORD_102106,CUST_3108,Footwear,674.53,1,0,0.0194,2147.5,1,1
ORD_104855,CUST_1581,Apparel,834.15,1,1,0.1272,2744.2,1,0
ORD_108792,CUST_2560,Apparel,1403.57,3,1,0.142,2245.6,1,1
ORD_100488,CUST_3300,Apparel,1470.79,0,0,0.1647,2717.6,1,0
ORD_100509,CUST_4009,Beauty,324.27,2,1,0.3297,815.1,1,1
ORD_114463,CUST_3896,Apparel,1441.45,0,1,0.0778,270.7,1,1
ORD_107502,CUST_4780,Apparel,419.91,0,1,0.1267,3165.7,1,0
ORD_113646,CUST_4414,Electronics,2387.69,1,1,0.4024,1824.2,1,1
ORD_111121,CUST_2973,Beauty,836.92,2,0,0.1557,3402.5,3,0
ORD_110720,CUST_4686,Home & Kitchen,326.95,1,1,0.2324,2159.7,1,1
ORD_114606,CUST_1864,Home & Kitchen,1634.13,2,1,0.1538,1999.2,3,1
ORD_107871,CUST_2873,Home & Kitchen,3734.31,0,0,0.3917,2904.5,1,0
ORD_110253,CUST_3521,Footwear,994.71,0,0,0.3124,2598.2,1,1
ORD_114305,CUST_4159,Electronics,1306.51,1,1,0.0243,1905.1,1,0
ORD_113736,CUST_4688,Apparel,843.19,1,0,0.1097,3326.1,1,0
ORD_109847,CUST_3244,Electronics,2681.55,0,1,0.1211,2840.4,3,0
ORD_105902,CUST_2473,Apparel,348.74,5,1,0.0727,2222.5,1,1
ORD_107392,CUST_2008,Beauty,449.43,1,0,0.1405,306.9,1,0
ORD_105113,CUST_1427,Apparel,3049.55,1,1,0.1238,2390.3,12,1
ORD_102034,CUST_1920,Apparel,1281.64,1,0,0.2019,1288.1,1,0
ORD_105309,CUST_1456,Apparel,2395.69,0,0,0.1461,185.2,1,0
ORD_102437,CUST_3946,Apparel,1977.35,2,0,0.261,240.9,6,0
ORD_112320,CUST_2325,Footwear,4413.34,1,1,0.1637,2106.4,1,0
ORD_105716,CUST_4599,Apparel,407.4,2,1,0.2838,2354.3,12,1
ORD_101064,CUST_2574,Footwear,732.02,0,1,0.153,1536.3,1,0
ORD_107085,CUST_2619,Footwear,1694.55,0,0,0.4146,369.9,2,0
ORD_100305,CUST_3294,Apparel,423.34,0,1,0.2509,2676.2,1,0
ORD_110799,CUST_4046,Apparel,821.76,5,0,0.2758,1194.6,1,0
ORD_114507,CUST_2074,Footwear,754.88,0,0,0.2627,2926.0,1,0
ORD_101532,CUST_3597,Beauty,1264.42,1,1,0.0372,2818.2,3,0
ORD_111819,CUST_4860,Beauty,2166.05,1,1,0.1726,2662.7,1,0
ORD_102860,CUST_4752,Electronics,1131.32,0,0,0.2743,2050.7,1,0
ORD_103089,CUST_2826,Footwear,3205.75,3,0,0.183,3062.0,2,0
ORD_109541,CUST_4363,Footwear,586.97,1,0,0.1632,611.0,1,0
ORD_111924,CUST_1990,Footwear,434.26,0,0,0.2896,1752.0,3,0
ORD_108074,CUST_2423,Apparel,1053.42,0,1,0.2668,1754.2,1,0
ORD_107837,CUST_4217,Apparel,810.4,1,1,0.2389,969.0,12,1
ORD_101117,CUST_1758,Footwear,2369.3,2,0,0.0589,161.1,3,0
ORD_107643,CUST_3423,Electronics,3613.61,0,0,0.0927,3261.0,2,1
ORD_114419,CUST_2298,Electronics,661.72,3,1,0.0789,2523.7,1,0
ORD_108117,CUST_4358,Apparel,2970.56,1,0,0.4036,502.5,2,1
ORD_100322,CUST_3799,Electronics,1187.91,0,1,0.1798,1338.9,12,0
ORD_102064,CUST_1317,Home & Kitchen,463.7,0,1,0.2306,2751.5,1,0
ORD_103983,CUST_1597,Beauty,498.82,2,1,0.1717,509.0,1,1
ORD_107819,CUST_1460,Apparel,999.72,0,1,0.0917,1121.5,1,0
ORD_110686,CUST_4395,Apparel,1650.1,10,0,0.2395,2614.7,1,1
ORD_108537,CUST_1034,Electronics,882.17,0,1,0.2568,502.8,1,0
ORD_110724,CUST_2848,Beauty,810.41,2,1,0.0434,957.6,1,0
ORD_106669,CUST_3964,Footwear,1598.32,0,0,0.3001,380.5,1,0
ORD_114865,CUST_1746,Home & Kitchen,489.28,1,1,0.1283,2219.9,3,1
ORD_102206,CUST_2625,Apparel,2068.07,2,1,0.1424,3015.1,6,0
ORD_110582,CUST_4534,Footwear,558.49,0,0,0.3473,1040.9,1,0
ORD_108187,CUST_2644,Apparel,597.88,3,1,0.1326,3220.2,12,0
ORD_108382,CUST_1755,Footwear,884.86,1,0,0.2333,991.5,1,0
ORD_101101,CUST_3145,Apparel,1278.04,0,0,0.1175,813.5,6,0
ORD_102353,CUST_1569,Beauty,1736.93,3,1,0.2772,1201.7,1,0
ORD_111530,CUST_2122,Footwear,683.19,0,0,0.3999,627.2,1,1
ORD_108259,CUST_3406,Apparel,3051.67,2,0,0.3133,399.6,1,0
ORD_101850,CUST_1730,Beauty,490.08,0,0,0.0706,1610.5,3,0
ORD_110476,CUST_3332,Apparel,3315.39,0,0,0.3783,3185.2,3,0
ORD_111914,CUST_2144,Apparel,1697.19,5,1,0.1319,221.8,1,0
ORD_110033,CUST_4326,Electronics,457.45,0,1,0.347,1078.0,1,0
ORD_109523,CUST_2983,Electronics,936.85,0,0,0.2588,3251.1,3,0
ORD_112029,CUST_1020,Footwear,392.03,0,0,0.4658,741.3,1,1
ORD_100898,CUST_4072,Electronics,650.25,0,1,0.1433,2432.4,1,0
ORD_106509,CUST_1582,Beauty,1623.83,0,1,0.3278,643.6,1,0
ORD_104866,CUST_2946,Apparel,335.56,3,1,0.3358,1551.2,1,1
ORD_107191,CUST_3154,Footwear,431.28,0,1,0.1893,2046.4,1,0
ORD_114433,CUST_4274,Beauty,384.34,0,1,0.2412,653.4,3,0
ORD_108703,CUST_2634,Electronics,2275.56,0,1,0.3987,2801.9,1,0
ORD_110209,CUST_3793,Footwear,451.54,10,0,0.3107,1694.3,1,1
ORD_104607,CUST_2104,Home & Kitchen,3806.11,2,0,0.3039,1557.0,2,0
ORD_109597,CUST_4948,Footwear,369.7,4,0,0.0727,1997.8,1,1
ORD_108151,CUST_4658,Apparel,1287.6,0,0,0.1365,679.4,3,0
ORD_109807,CUST_4338,Apparel,2067.73,0,1,0.3535,2109.3,1,1
ORD_104245,CUST_2683,Beauty,719.75,2,0,0.1785,188.8,1,0
ORD_111354,CUST_2560,Beauty,698.47,0,0,0.1664,1841.4,1,0
ORD_105650,CUST_4607,Apparel,801.32,3,1,0.3982,1156.6,3,0
ORD_106740,CUST_2738,Beauty,302.93,2,1,0.1405,648.1,1,0
ORD_114263,CUST_3460,Home & Kitchen,4368.24,0,0,0.3549,1437.0,1,0
ORD_102296,CUST_2349,Footwear,2919.33,0,0,0.1122,1693.8,1,0
ORD_102029,CUST_4959,Footwear,1844.6,0,0,0.2173,623.3,1,0
ORD_106181,CUST_3135,Footwear,844.05,0,0,0.2672,3380.2,1,0
ORD_106165,CUST_4601,Apparel,2407.07,1,1,0.3199,3306.9,1,1
ORD_109410,CUST_4770,Footwear,2353.21,0,0,0.1477,3352.6,3,1
ORD_103205,CUST_4025,Electronics,383.98,0,1,0.1527,3195.8,1,0
ORD_101526,CUST_3116,Beauty,1066.12,0,1,0.2535,2506.2,1,0
ORD_106677,CUST_3548,Footwear,3750.62,0,0,0.0783,215.8,1,0
ORD_101247,CUST_1713,Electronics,811.57,2,0,0.3471,1077.7,1,0
ORD_103919,CUST_1204,Apparel,952.74,10,0,0.2884,703.6,6,1
ORD_109032,CUST_3181,Electronics,782.92,3,0,0.3176,638.2,1,1
ORD_106573,CUST_3725,Home & Kitchen,3157.19,0,0,0.2076,2869.2,1,0
ORD_100963,CUST_3745,Footwear,1022.82,0,0,0.1442,506.6,1,1
ORD_106041,CUST_3975,Apparel,417.23,0,1,0.097,253.0,1,0
ORD_100112,CUST_4533,Footwear,2138.71,2,0,0.1175,2598.7,1,1
ORD_112876,CUST_2869,Footwear,641.22,0,1,0.1896,2555.1,1,1
ORD_100043,CUST_3047,Beauty,1334.76,0,1,0.216,2965.0,1,0
ORD_106301,CUST_1633,Apparel,3137.69,1,0,0.0588,3327.2,1,0
ORD_112912,CUST_4019,Footwear,426.38,0,0,0.3088,3090.2,2,0
ORD_112275,CUST_4175,Electronics,1900.5,0,1,0.2113,565.3,1,0
ORD_108934,CUST_3355,Apparel,323.66,0,0,0.2158,2463.1,1,0
ORD_106556,CUST_4801,Beauty,1322.76,1,1,0.1751,753.4,1,0
ORD_107082,CUST_1765,Electronics,3684.6,0,1,0.2179,1807.5,2,1
ORD_100144,CUST_4134,Footwear,1380.27,1,1,0.0694,2538.5,1,0
ORD_109363,CUST_4830,Footwear,2159.51,1,1,0.3077,1961.6,1,1
ORD_101257,CUST_3192,Electronics,741.33,2,0,0.3765,1981.6,1,0
ORD_106035,CUST_4721,Apparel,825.73,1,1,0.4283,1019.7,1,1
ORD_103557,CUST_3883,Footwear,2625.28,2,0,0.148,1849.6,1,0
ORD_101307,CUST_4735,Electronics,827.45,7,1,0.0309,1063.1,1,1
ORD_107938,CUST_1558,Footwear,1475.39,0,0,0.1409,2798.6,6,0
ORD_111386,CUST_4233,Apparel,1135.06,1,1,0.2047,1225.8,1,1
ORD_110946,CUST_3302,Beauty,887.21,0,0,0.1055,2852.6,1,0
ORD_101698,CUST_4714,Electronics,1335.57,0,0,0.1344,3061.6,1,0
ORD_102326,CUST_3752,Footwear,1137.33,0,1,0.2347,385.4,1,0
ORD_101773,CUST_4070,Electronics,842.94,4,1,0.2931,398.9,1,0
ORD_112969,CUST_4849,Apparel,1448.9,1,0,0.0596,3284.8,3,0
ORD_109408,CUST_4344,Home & Kitchen,1409.44,0,1,0.0905,3034.7,1,0
ORD_101008,CUST_3193,Apparel,360.69,0,0,0.1132,3402.9,3,1
ORD_109703,CUST_4010,Home & Kitchen,335.1,1,1,0.188,1288.1,2,1
ORD_102488,CUST_2111,Footwear,1864.91,1,1,0.1984,3091.6,1,0
ORD_111529,CUST_2675,Beauty,1895.87,0,1,0.1025,2066.5,1,1
ORD_103251,CUST_1560,Home & Kitchen,6042.97,0,1,0.1595,233.7,1,0
ORD_103625,CUST_1301,Apparel,646.32,1,0,0.1507,530.5,1,1
ORD_112061,CUST_3896,Footwear,1116.05,0,1,0.3613,1355.0,6,1
ORD_107221,CUST_1226,Footwear,3085.54,7,1,0.0386,1527.1,3,1
ORD_112651,CUST_4450,Electronics,2172.93,0,1,0.1234,413.3,6,0
ORD_107543,CUST_4999,Beauty,1319.45,5,0,0.1208,1111.4,1,0
ORD_102334,CUST_1686,Beauty,1632.78,2,1,0.1621,1876.4,6,0
ORD_106593,CUST_2230,Footwear,971.85,7,1,0.1708,905.3,1,1
ORD_109145,CUST_3606,Apparel,1841.7,0,1,0.2358,2950.6,1,0
ORD_104307,CUST_1153,Electronics,2541.68,0,0,0.2113,543.1,6,0
ORD_111253,CUST_2414,Beauty,666.4,0,0,0.0973,152.2,1,0
ORD_105357,CUST_4512,Electronics,890.9,0,1,0.1041,449.8,1,0
ORD_111116,CUST_2507,Apparel,322.46,2,1,0.2242,1976.9,1,0
ORD_113168,CUST_4927,Home & Kitchen,1881.47,2,1,0.1933,2118.0,1,0
ORD_108945,CUST_4924,Beauty,1548.19,3,0,0.3088,2955.0,2,0
ORD_104139,CUST_3696,Apparel,397.45,0,1,0.134,3326.8,1,0
ORD_110136,CUST_1877,Electronics,2350.88,5,1,0.1328,1140.3,1,0
ORD_111864,CUST_2423,Apparel,5251.71,1,1,0.318,2930.1,1,1
ORD_114213,CUST_2087,Apparel,306.03,1,0,0.1586,551.7,2,0
ORD_113010,CUST_4466,Home & Kitchen,1389.85,1,1,0.38,1575.5,12,0
ORD_100299,CUST_2076,Home & Kitchen,686.93,1,1,0.1756,368.5,1,0
ORD_104421,CUST_3580,Electronics,1047.66,2,1,0.1769,300.4,1,1
ORD_101963,CUST_4023,Footwear,509.52,0,0,0.1306,570.3,3,0
ORD_114154,CUST_1625,Footwear,512.61,1,1,0.2769,2810.4,2,0
ORD_108091,CUST_4213,Apparel,1111.06,2,1,0.1583,3210.8,1,0
ORD_111029,CUST_3272,Home & Kitchen,3001.45,2,0,0.1304,2813.7,1,0
ORD_112642,CUST_3224,Electronics,596.17,0,1,0.0273,1433.9,1,0
ORD_106036,CUST_4491,Apparel,1617.98,2,0,0.3373,1941.4,3,1
ORD_103216,CUST_3556,Electronics,315.31,1,0,0.0988,362.8,3,0
ORD_102118,CUST_3273,Beauty,2944.85,1,0,0.1911,2692.1,6,1
ORD_106762,CUST_3505,Apparel,878.76,0,1,0.3236,3363.8,6,0
ORD_108919,CUST_2140,Electronics,626.79,1,0,0.0463,3074.6,12,0
ORD_108503,CUST_4981,Beauty,1383.51,0,0,0.0641,930.9,1,0
ORD_114215,CUST_3985,Home & Kitchen,410.06,1,0,0.1777,3087.7,2,0
ORD_101243,CUST_2215,Apparel,324.44,0,0,0.2221,3469.1,6,0
ORD_111546,CUST_1250,Apparel,2200.91,2,1,0.2935,604.0,1,0
ORD_106124,CUST_2014,Beauty,2126.82,1,0,0.0908,3148.9,1,0
ORD_104026,CUST_4721,Apparel,321.96,0,0,0.2447,1352.0,2,0
ORD_103055,CUST_1145,Electronics,1267.1,0,1,0.0876,3404.5,1,0
ORD_104639,CUST_2053,Apparel,1607.07,0,1,0.2915,1833.2,1,0
ORD_103888,CUST_1685,Apparel,2132.24,1,1,0.0839,1722.2,1,0
ORD_105535,CUST_4831,Beauty,744.87,1,1,0.3209,1143.9,1,0
ORD_107557,CUST_1799,Footwear,362.79,4,1,0.4016,3107.1,1,1
ORD_106029,CUST_2030,Apparel,2452.39,0,1,0.3164,1744.6,1,0
ORD_101591,CUST_1935,Apparel,551.88,0,1,0.1846,2387.1,1,0
ORD_107126,CUST_4343,Apparel,767.63,2,0,0.2273,1842.2,1,0
ORD_105517,CUST_3369,Home & Kitchen,719.57,1,0,0.2643,1913.2,1,0
ORD_113548,CUST_3928,Footwear,1801.49,0,1,0.0503,3002.9,1,0
ORD_114621,CUST_1466,Home & Kitchen,1025.93,0,0,0.2858,909.9,1,0
ORD_100352,CUST_1640,Footwear,602.24,2,0,0.1232,2188.2,1,0
ORD_114195,CUST_2749,Apparel,1825.1,1,0,0.0917,3456.6,3,0
ORD_102285,CUST_2256,Footwear,2902.58,1,0,0.3238,1653.4,1,0
ORD_104965,CUST_3750,Beauty,718.59,0,0,0.2359,1758.9,1,0
ORD_111658,CUST_4500,Footwear,522.9,1,1,0.104,1642.4,1,0
ORD_108873,CUST_1955,Footwear,496.15,4,0,0.3444,1639.1,1,1
ORD_104939,CUST_3841,Apparel,832.43,0,0,0.0718,1259.6,1,0
ORD_104804,CUST_3151,Apparel,786.9,2,1,0.1923,2480.6,1,0
ORD_109462,CUST_3668,Electronics,1724.55,0,0,0.3,2231.5,2,0
ORD_101644,CUST_1848,Electronics,497.48,1,0,0.2007,1935.9,1,0
ORD_105002,CUST_1449,Electronics,576.49,0,0,0.207,1601.6,1,0
ORD_114365,CUST_3861,Footwear,2829.31,0,0,0.0939,1206.1,1,0
ORD_104389,CUST_2986,Beauty,1108.18,0,0,0.2823,1818.2,3,0
ORD_106653,CUST_3620,Apparel,830.23,0,0,0.1922,3354.9,3,0
ORD_107177,CUST_4871,Home & Kitchen,383.04,7,0,0.6712,2556.4,1,1
ORD_113685,CUST_3396,Apparel,654.83,0,1,0.0809,2119.0,1,0
ORD_103504,CUST_3090,Home & Kitchen,1913.69,1,0,0.1262,1493.2,2,0
ORD_103167,CUST_4548,Home & Kitchen,2044.26,0,1,0.1291,1858.6,2,0
ORD_107800,CUST_4684,Beauty,518.58,2,0,0.2346,2946.5,1,1
ORD_100607,CUST_4545,Home & Kitchen,1341.52,1,0,0.0534,471.0,1,0
ORD_102200,CUST_1974,Electronics,1290.67,3,1,0.0557,2787.9,1,1
ORD_107572,CUST_1731,Apparel,1102.56,2,1,0.171,238.9,1,1
ORD_108122,CUST_2133,Footwear,1800.81,1,0,0.3113,3470.5,1,1
ORD_106000,CUST_3555,Footwear,4061.73,0,0,0.1856,396.2,1,0
ORD_100947,CUST_2035,Electronics,1665.54,2,0,0.2801,2713.2,1,0
ORD_114628,CUST_3295,Home & Kitchen,903.67,0,1,0.0545,1833.8,1,0
ORD_113755,CUST_2428,Footwear,2788.59,1,0,0.0652,2725.5,1,0
ORD_110240,CUST_3429,Apparel,848.48,1,1,0.131,2509.5,6,1
ORD_113319,CUST_4968,Apparel,1855.75,1,1,0.1586,1858.8,1,0
ORD_101699,CUST_1799,Footwear,612.68,1,1,0.1185,2814.5,1,1
ORD_111976,CUST_1414,Footwear,1271.88,2,0,0.0171,3393.4,1,1
ORD_113242,CUST_3789,Beauty,569.85,3,1,0.0588,1404.3,1,0
ORD_107720,CUST_2801,Footwear,1500.26,1,0,0.3291,3075.4,1,0
ORD_101392,CUST_3038,Home & Kitchen,4408.1,0,1,0.2443,1713.7,3,1
ORD_112823,CUST_1513,Footwear,395.84,5,0,0.3609,1969.2,1,0
ORD_105732,CUST_3814,Apparel,2453.62,0,1,0.2101,2645.7,1,1
ORD_109997,CUST_2624,Electronics,2405.7,2,1,0.3865,2888.2,2,0
ORD_102139,CUST_3800,Footwear,681.46,1,1,0.1013,2056.2,1,0
ORD_108987,CUST_1383,Apparel,891.46,0,1,0.045,3423.4,1,0
ORD_110427,CUST_2221,Electronics,1211.96,2,1,0.3056,2657.5,1,0
ORD_101251,CUST_2254,Beauty,2338.41,0,1,0.2027,2382.6,1,0
ORD_111673,CUST_3262,Apparel,1037.44,1,1,0.1335,1435.1,1,0
ORD_105197,CUST_3005,Footwear,992.18,0,1,0.2478,1679.7,1,0
ORD_103422,CUST_3540,Apparel,773.56,3,1,0.2081,2393.1,2,1
ORD_104706,CUST_3884,Footwear,3362.66,0,1,0.3024,1305.2,1,1
ORD_100660,CUST_3388,Footwear,1239.39,0,0,0.1991,1795.3,1,0
ORD_114349,CUST_2654,Footwear,433.16,5,0,0.2783,2616.7,1,0
ORD_107236,CUST_2029,Footwear,1553.46,2,1,0.1513,1651.6,1,1
ORD_103870,CUST_1703,Footwear,2435.57,3,1,0.368,2877.6,1,1
ORD_111749,CUST_3868,Footwear,1973.79,2,0,0.211,393.5,6,0
ORD_110502,CUST_2947,Home & Kitchen,621.86,1,0,0.1371,3111.5,1,0
ORD_105159,CUST_4026,Footwear,800.15,0,0,0.2236,1792.1,1,0
ORD_111514,CUST_2448,Footwear,415.4,1,1,0.3461,2316.0,1,0
ORD_100403,CUST_3200,Apparel,2167.33,0,0,0.1264,770.9,3,0
ORD_103617,CUST_3990,Apparel,1400.35,2,1,0.291,1503.2,3,0
ORD_101092,CUST_3122,Apparel,562.3,0,0,0.334,1335.2,2,0
ORD_104100,CUST_2967,Home & Kitchen,816.5,2,1,0.0617,730.3,1,0
ORD_106431,CUST_3798,Apparel,390.72,0,1,0.2303,1735.9,12,0
ORD_112248,CUST_4845,Beauty,623.22,0,1,0.2973,2343.1,1,0
ORD_114019,CUST_2303,Home & Kitchen,2482.56,0,1,0.0479,2132.6,1,0
ORD_108387,CUST_2869,Electronics,5736.67,0,1,0.0948,2664.8,1,0
ORD_104575,CUST_3088,Footwear,622.84,1,1,0.1109,2704.1,1,0
ORD_106687,CUST_4427,Footwear,382.95,3,1,0.2657,2390.5,1,0
ORD_109667,CUST_3915,Electronics,1078.69,1,1,0.2834,3120.7,6,0
ORD_113735,CUST_4711,Electronics,950.54,0,0,0.1766,851.1,1,0
ORD_114951,CUST_2671,Apparel,1272.26,1,1,0.0423,3250.3,1,0
ORD_100700,CUST_2568,Electronics,1354.14,2,0,0.2009,3402.0,2,0
ORD_109130,CUST_4573,Electronics,757.67,1,1,0.1114,384.4,1,0
ORD_103859,CUST_1546,Footwear,3526.7,0,0,0.3178,2512.6,12,0
ORD_106398,CUST_2621,Electronics,449.35,0,0,0.1451,1497.4,6,0
ORD_114985,CUST_4359,Electronics,1732.31,3,0,0.1338,3137.0,1,1
ORD_106188,CUST_1973,Home & Kitchen,903.43,0,0,0.2847,1080.3,1,0
ORD_114476,CUST_1825,Beauty,915.17,0,1,0.0346,2607.0,1,0
ORD_103528,CUST_4562,Home & Kitchen,1430.12,1,1,0.1722,1382.2,1,1
ORD_107554,CUST_2073,Beauty,2390.56,0,1,0.1642,932.1,1,0
ORD_103606,CUST_3160,Home & Kitchen,694.12,4,1,0.1345,1043.5,1,0
ORD_104997,CUST_4451,Home & Kitchen,371.2,1,1,0.3542,934.4,1,0
ORD_100357,CUST_2438,Apparel,1962.66,3,1,0.2385,1995.6,1,0
ORD_103018,CUST_2708,Beauty,1722.06,0,0,0.1343,972.6,12,0
ORD_114045,CUST_4160,Home & Kitchen,634.29,0,1,0.3564,2645.5,1,1
ORD_104282,CUST_3266,Beauty,4523.09,0,1,0.3399,1486.0,1,1
ORD_108147,CUST_4795,Apparel,885.54,1,0,0.2975,1441.2,2,1
ORD_113086,CUST_1055,Footwear,459.81,0,0,0.3617,1675.7,2,0
ORD_110911,CUST_4969,Apparel,540.83,0,1,0.1454,2930.0,6,1
ORD_105490,CUST_1494,Electronics,2507.91,0,1,0.0991,1275.9,1,0
ORD_112333,CUST_3320,Apparel,562.48,0,1,0.0995,551.9,1,0
ORD_113988,CUST_3632,Beauty,420.16,1,0,0.1375,1270.5,1,0
ORD_104524,CUST_4239,Apparel,1764.39,0,1,0.2122,1885.2,1,1
ORD_106761,CUST_2205,Apparel,759.18,3,1,0.2794,2733.4,3,0
ORD_100267,CUST_2631,Apparel,2665.13,1,1,0.2595,2003.8,12,1
ORD_111550,CUST_1897,Apparel,592.57,2,1,0.1576,2659.8,3,0
ORD_101935,CUST_1171,Apparel,1483.13,0,1,0.2146,524.8,1,1
ORD_106138,CUST_1294,Apparel,693.08,1,0,0.1547,3096.1,1,0
ORD_104743,CUST_3248,Footwear,1234.3,1,0,0.0181,2494.0,3,0
ORD_113205,CUST_4958,Footwear,766.93,2,0,0.1081,2036.6,2,1
ORD_111995,CUST_1058,Electronics,300.23,1,0,0.0318,2176.8,1,0
ORD_108740,CUST_1918,Electronics,359.17,0,0,0.3007,2128.4,3,0
ORD_111719,CUST_2656,Home & Kitchen,2326.21,1,1,0.1474,3422.7,1,0
ORD_100071,CUST_3041,Electronics,777.99,1,0,0.2064,603.0,1,0
ORD_103626,CUST_4431,Apparel,454.32,0,0,0.0498,2527.5,3,0
ORD_104093,CUST_1484,Apparel,1620.34,0,1,0.2036,3401.2,1,0
ORD_100344,CUST_2843,Home & Kitchen,688.18,0,1,0.0609,2243.2,1,0
ORD_104662,CUST_1678,Electronics,1284.87,3,0,0.2794,1387.8,1,1
ORD_109107,CUST_2412,Electronics,4097.39,0,0,0.1255,2476.0,2,0
ORD_110129,CUST_3803,Electronics,2205.92,1,1,0.1117,1688.8,1,0
ORD_112683,CUST_1688,Apparel,3366.13,1,0,0.206,3350.3,1,0
ORD_106975,CUST_4984,Electronics,356.51,0,1,0.1567,346.6,1,0
ORD_111457,CUST_3729,Electronics,802.49,5,0,0.189,667.9,1,0
ORD_112461,CUST_2356,Apparel,1892.03,4,1,0.0647,3293.6,1,0
ORD_106876,CUST_2094,Apparel,1026.43,0,1,0.3122,754.6,1,1
ORD_112914,CUST_3934,Footwear,506.32,1,0,0.3337,889.3,1,0
ORD_108423,CUST_1256,Apparel,2244.53,0,1,0.0343,3383.2,3,0
ORD_108098,CUST_4472,Beauty,482.68,0,1,0.0234,1267.3,6,0
ORD_107453,CUST_3158,Beauty,354.2,0,1,0.4928,2543.7,3,1
ORD_104229,CUST_4930,Footwear,897.98,1,0,0.2462,1827.5,1,1
ORD_105798,CUST_1064,Apparel,1049.3,5,1,0.178,1608.6,1,0
ORD_108163,CUST_3240,Beauty,424.17,3,1,0.415,1141.3,1,0
ORD_109009,CUST_1231,Electronics,1678.87,1,0,0.3039,2568.5,1,0
ORD_113661,CUST_2125,Footwear,1507.14,0,1,0.0768,2558.2,1,0
ORD_108203,CUST_2499,Footwear,4337.67,0,1,0.2359,1403.8,1,0
ORD_103526,CUST_3587,Beauty,1504.79,3,1,0.3357,2000.7,1,0
ORD_106563,CUST_1657,Home & Kitchen,494.08,0,1,0.1799,1909.5,3,0
ORD_107155,CUST_4251,Footwear,908.51,1,0,0.3906,1185.2,2,1
ORD_101231,CUST_2646,Beauty,1939.86,0,1,0.3512,3434.6,1,0
ORD_100767,CUST_4851,Electronics,1331.96,10,1,0.3006,2432.1,1,0
ORD_100414,CUST_2704,Electronics,1048.45,1,0,0.2173,3001.6,1,0
ORD_110922,CUST_1229,Apparel,4895.29,0,1,0.0623,1311.4,1,0
ORD_112185,CUST_1249,Beauty,819.44,3,1,0.0685,983.4,2,0
ORD_104117,CUST_2898,Home & Kitchen,647.86,2,0,0.3157,2463.4,1,0
ORD_105175,CUST_2681,Footwear,2082.61,2,1,0.0763,1954.1,2,0
ORD_110130,CUST_4765,Apparel,540.8,0,0,0.1803,2424.9,1,0
ORD_107174,CUST_2121,Electronics,449.52,5,0,0.1153,1641.5,6,1
ORD_108943,CUST_2855,Home & Kitchen,5935.4,3,0,0.1762,1355.2,3,0
ORD_108799,CUST_4068,Apparel,638.92,4,0,0.1581,160.1,6,0
ORD_106620,CUST_2837,Footwear,1442.42,2,1,0.1831,1165.1,1,1
ORD_101130,CUST_2875,Apparel,744.74,0,1,0.1379,1850.0,1,1
ORD_107760,CUST_4771,Electronics,358.0,1,1,0.2786,1543.0,1,0
ORD_102565,CUST_1514,Apparel,933.06,3,0,0.159,2853.0,2,0
ORD_102056,CUST_4810,Electronics,2482.43,1,0,0.0786,2174.7,1,0
ORD_113697,CUST_3169,Electronics,2667.77,0,1,0.3423,1254.3,1,0
ORD_114441,CUST_1383,Home & Kitchen,767.85,0,1,0.0913,1870.8,1,0
ORD_111919,CUST_3861,Footwear,4092.61,0,1,0.1631,1776.3,1,0
ORD_110976,CUST_4245,Home & Kitchen,1709.82,3,0,0.212,2640.7,1,0
ORD_102919,CUST_4848,Electronics,2480.12,0,0,0.0877,651.9,1,0
ORD_112324,CUST_1420,Apparel,1435.91,0,1,0.3204,447.8,1,1
ORD_104142,CUST_3861,Beauty,693.88,0,0,0.3342,2258.8,1,0
ORD_110827,CUST_3728,Home & Kitchen,931.26,1,1,0.0881,1188.4,1,0
ORD_110596,CUST_3427,Electronics,2613.85,0,1,0.2664,1021.8,1,0
ORD_111174,CUST_2135,Apparel,982.83,1,0,0.0377,2931.7,6,0
ORD_108933,CUST_1072,Footwear,831.4,2,1,0.2369,2400.3,1,0
ORD_105288,CUST_4462,Footwear,1354.49,1,1,0.4138,1413.3,3,1
ORD_106708,CUST_3730,Home & Kitchen,789.25,0,1,0.0814,2253.1,1,0
ORD_110802,CUST_2397,Footwear,1589.48,2,0,0.2268,995.1,3,0
ORD_110366,CUST_2015,Home & Kitchen,2526.29,3,0,0.1568,2502.9,1,0
ORD_102502,CUST_1713,Electronics,2525.59,0,1,0.1394,691.8,1,0
ORD_106874,CUST_4169,Home & Kitchen,459.27,0,1,0.1173,3137.8,1,0
ORD_100538,CUST_4847,Electronics,1526.83,2,1,0.2312,1093.8,6,0
ORD_110341,CUST_4814,Apparel,999.76,0,1,0.0558,3480.8,3,0
ORD_110555,CUST_2278,Apparel,3226.1,5,1,0.1113,627.1,1,1
ORD_104564,CUST_4730,Home & Kitchen,401.3,3,1,0.0559,768.6,1,0
ORD_101424,CUST_4236,Apparel,356.19,1,0,0.1025,2977.1,1,0
ORD_107143,CUST_2194,Apparel,1662.0,0,0,0.0924,853.8,2,0
ORD_108660,CUST_2137,Footwear,3370.24,0,1,0.3291,498.4,1,1
ORD_113206,CUST_2185,Home & Kitchen,4818.8,0,0,0.2844,857.8,1,0
ORD_100157,CUST_3088,Footwear,1895.46,0,0,0.039,2678.3,3,0
ORD_100795,CUST_2819,Apparel,1191.37,1,1,0.2842,3246.9,1,1
ORD_107281,CUST_4791,Footwear,1489.06,3,0,0.294,3342.9,3,0
ORD_102691,CUST_4814,Electronics,2620.19,0,1,0.2625,1418.4,1,0
ORD_107343,CUST_4970,Home & Kitchen,986.37,0,1,0.1818,1513.2,1,0
ORD_100782,CUST_2365,Beauty,2256.83,0,1,0.5413,2363.6,12,0
ORD_107899,CUST_2212,Electronics,313.55,0,1,0.2833,1764.2,1,1
ORD_105501,CUST_3140,Footwear,312.53,2,0,0.1831,3447.4,1,0
ORD_108757,CUST_4159,Electronics,589.65,0,1,0.0567,1705.4,1,1
ORD_114725,CUST_3515,Apparel,1485.42,0,1,0.2673,1312.0,1,0
ORD_107736,CUST_3168,Electronics,364.1,3,1,0.0954,745.4,2,0
ORD_104597,CUST_3714,Footwear,375.83,0,0,0.1995,1156.6,1,1
ORD_102417,CUST_3477,Footwear,578.96,2,1,0.3737,2532.6,6,1
ORD_114193,CUST_3245,Electronics,3170.6,0,1,0.1746,2531.7,1,1
ORD_112569,CUST_3026,Apparel,2463.03,1,0,0.4617,2827.8,6,0
ORD_105659,CUST_3675,Apparel,1723.1,2,1,0.3145,1392.3,1,1
ORD_107391,CUST_4251,Beauty,4792.73,0,0,0.4195,2755.2,6,1
ORD_113353,CUST_3987,Home & Kitchen,1298.36,0,0,0.1131,2175.9,1,0
ORD_100643,CUST_4157,Electronics,932.46,2,1,0.2582,1998.6,2,0
ORD_108590,CUST_2723,Electronics,640.3,0,1,0.0533,1127.2,1,0
ORD_108406,CUST_4560,Home & Kitchen,538.57,0,1,0.2014,2482.7,1,1
ORD_101123,CUST_3947,Apparel,884.71,2,0,0.0936,1265.8,1,0
ORD_109159,CUST_2024,Electronics,2856.61,0,0,0.1726,447.0,1,0
ORD_106250,CUST_4058,Home & Kitchen,3550.52,0,1,0.0885,3221.7,1,0
ORD_111879,CUST_1523,Apparel,853.73,0,1,0.3092,2038.9,1,0
ORD_103369,CUST_2638,Footwear,1254.69,1,1,0.2073,1180.5,1,0
ORD_104573,CUST_4826,Home & Kitchen,1703.58,1,1,0.3248,2286.8,2,1
ORD_107003,CUST_3808,Apparel,647.06,0,1,0.1316,3298.6,1,0
ORD_113817,CUST_3627,Electronics,610.12,3,1,0.2063,1772.5,3,0
ORD_114382,CUST_3110,Footwear,2286.71,2,1,0.0803,2804.9,1,0
ORD_101446,CUST_2888,Footwear,507.4,2,1,0.0433,237.2,1,0
ORD_105343,CUST_1979,Home & Kitchen,3055.86,0,1,0.1337,2036.9,1,0
ORD_110348,CUST_2168,Footwear,2023.15,2,0,0.1929,2606.0,1,0
ORD_108006,CUST_2881,Home & Kitchen,750.73,2,1,0.0779,1394.2,1,0
ORD_114403,CUST_2025,Electronics,596.66,3,1,0.2375,1485.2,1,0
ORD_107384,CUST_2686,Apparel,1717.84,0,0,0.1079,2499.1,1,1
ORD_112440,CUST_2116,Apparel,1082.16,0,1,0.27,2225.9,1,0
ORD_113569,CUST_3960,Apparel,745.6,2,1,0.0918,2851.5,1,1
ORD_111297,CUST_2293,Home & Kitchen,3840.92,2,0,0.0729,2307.3,3,0
ORD_100722,CUST_3082,Footwear,1021.81,0,1,0.2174,2353.4,1,0
ORD_102399,CUST_4963,Footwear,849.93,3,1,0.3373,963.5,12,0
ORD_107997,CUST_3209,Home & Kitchen,1418.61,0,1,0.0719,814.8,3,0
ORD_102585,CUST_4427,Beauty,1340.07,0,0,0.3292,2799.3,1,0
ORD_106335,CUST_2959,Home & Kitchen,1014.61,0,1,0.1098,691.8,1,0
ORD_110907,CUST_1595,Apparel,1452.64,3,1,0.2072,1807.8,6,0
ORD_105913,CUST_2549,Footwear,1751.46,3,1,0.3477,573.5,1,1
ORD_110093,CUST_4734,Home & Kitchen,1576.33,0,0,0.0601,2477.6,1,0
ORD_105275,CUST_3745,Apparel,579.11,0,1,0.2154,2478.7,2,0
ORD_103596,CUST_4032,Apparel,1073.83,4,1,0.112,776.5,1,0
ORD_112920,CUST_1804,Beauty,1160.29,1,0,0.1806,3480.2,1,0
ORD_109763,CUST_4427,Electronics,343.07,1,1,0.4421,1054.3,1,1
ORD_104488,CUST_1601,Home & Kitchen,2082.62,1,0,0.1069,1085.4,1,0
ORD_103098,CUST_4824,Apparel,2416.85,0,1,0.0614,2662.8,3,0
ORD_100145,CUST_2162,Electronics,1955.78,1,1,0.1453,859.6,1,0
ORD_112862,CUST_2659,Electronics,658.97,0,0,0.6581,3088.8,3,1
ORD_113026,CUST_1789,Home & Kitchen,341.19,4,0,0.1208,733.0,3,0
ORD_111565,CUST_4503,Electronics,703.25,0,0,0.0419,474.7,1,0
ORD_104572,CUST_4449,Electronics,338.26,3,0,0.0502,2117.4,2,0
ORD_109619,CUST_3154,Home & Kitchen,1019.09,2,1,0.2126,2845.1,1,0
ORD_114181,CUST_2591,Apparel,520.1,0,0,0.2008,508.9,12,1
ORD_111248,CUST_4665,Electronics,3378.61,0,0,0.5456,1758.9,1,0
ORD_110722,CUST_2036,Home & Kitchen,867.03,0,0,0.1197,3269.2,1,0
ORD_103132,CUST_3564,Electronics,1693.69,0,0,0.1839,2585.3,1,0
ORD_110329,CUST_4961,Beauty,1540.39,1,1,0.1689,1320.6,1,0
ORD_106551,CUST_3347,Apparel,2178.23,4,1,0.1481,544.0,2,0
ORD_105596,CUST_3871,Electronics,1524.45,5,0,0.1224,905.3,1,0
ORD_107158,CUST_3526,Footwear,593.28,0,0,0.0479,345.3,1,0
ORD_112054,CUST_1660,Footwear,1138.2,4,0,0.1503,2199.2,1,1
ORD_100265,CUST_4445,Apparel,1516.06,0,0,0.0237,3047.7,3,1
ORD_109299,CUST_3295,Beauty,417.94,1,1,0.2038,1870.3,1,0
ORD_100324,CUST_1608,Apparel,695.34,0,1,0.2496,1232.9,1,1
ORD_105032,CUST_2076,Apparel,1547.14,1,0,0.2429,2975.5,1,0
ORD_101970,CUST_4726,Electronics,1474.58,1,0,0.1686,2558.9,2,0
ORD_100297,CUST_2661,Apparel,4873.17,3,1,0.2122,1463.0,3,1
ORD_108055,CUST_2443,Footwear,1125.93,0,0,0.2845,1692.5,6,0
ORD_105941,CUST_2988,Apparel,2212.14,0,0,0.2434,497.0,1,1
ORD_100785,CUST_4090,Home & Kitchen,572.97,5,1,0.0454,2882.4,1,0
ORD_102424,CUST_2050,Beauty,1403.92,1,1,0.1154,3442.5,1,0
ORD_103906,CUST_1902,Electronics,2703.26,0,0,0.1654,2652.8,2,0
ORD_110438,CUST_3258,Footwear,449.68,0,0,0.1348,2515.8,1,0
ORD_100524,CUST_1537,Beauty,3571.05,1,0,0.1667,1415.3,1,0
ORD_104638,CUST_4705,Footwear,3326.08,0,0,0.2517,788.1,1,1
ORD_101631,CUST_2879,Footwear,936.79,0,1,0.4051,657.9,1,1
ORD_110909,CUST_3750,Electronics,3968.22,0,0,0.1328,2454.2,1,1
ORD_103458,CUST_3601,Apparel,1545.79,1,1,0.0206,1519.7,1,0
ORD_114228,CUST_1037,Apparel,696.22,0,1,0.0147,647.0,1,0
ORD_111741,CUST_4861,Electronics,889.5,0,1,0.2007,1728.3,1,0
ORD_106283,CUST_1596,Electronics,1759.75,2,0,0.568,2564.1,1,1
ORD_113622,CUST_4301,Footwear,641.29,0,0,0.0569,1150.0,2,0
ORD_101960,CUST_2750,Footwear,2470.98,0,1,0.2747,3384.4,1,1
ORD_103059,CUST_2462,Footwear,494.52,0,0,0.0454,267.3,1,0
ORD_103221,CUST_3161,Apparel,487.92,0,1,0.2458,1250.1,1,1
ORD_101339,CUST_4097,Home & Kitchen,2074.55,4,0,0.2869,2741.0,1,0
ORD_104430,CUST_2478,Footwear,1986.19,0,0,0.3653,749.8,2,1
ORD_111085,CUST_1535,Apparel,1746.33,0,1,0.0163,2272.6,1,0
ORD_105821,CUST_1758,Electronics,429.04,0,1,0.2449,3212.4,1,0
ORD_107919,CUST_1926,Home & Kitchen,2403.82,1,1,0.1824,1241.4,1,0
ORD_113084,CUST_4442,Footwear,813.81,0,0,0.3691,2656.4,1,0
ORD_105391,CUST_4953,Electronics,1869.7,1,1,0.4064,676.9,1,0
ORD_114100,CUST_1794,Apparel,674.02,0,1,0.2402,841.4,6,0
ORD_106704,CUST_2596,Apparel,3585.41,1,1,0.3091,3008.6,3,1
ORD_106935,CUST_1010,Electronics,1756.02,0,1,0.119,738.1,1,0
ORD_113062,CUST_4769,Home & Kitchen,1250.92,2,1,0.0496,2642.8,2,0
ORD_103934,CUST_1689,Apparel,1207.44,1,1,0.1666,2659.3,1,0
ORD_112131,CUST_4277,Footwear,415.03,5,1,0.4623,515.7,3,1
ORD_110148,CUST_3883,Apparel,1437.06,1,0,0.1454,576.7,2,1
ORD_111664,CUST_2779,Home & Kitchen,937.17,1,0,0.0634,2716.9,1,0
ORD_105748,CUST_3964,Apparel,773.85,3,0,0.1059,342.4,1,0
ORD_106482,CUST_2505,Apparel,3834.6,2,1,0.2231,2680.3,1,0
ORD_108484,CUST_4267,Electronics,2886.14,0,0,0.2238,397.8,1,0
ORD_111408,CUST_3763,Apparel,1997.43,3,1,0.0922,2851.5,1,0
ORD_104211,CUST_3593,Footwear,661.45,4,1,0.3683,227.6,1,1
ORD_103857,CUST_4986,Home & Kitchen,419.94,1,1,0.1342,584.1,1,1
ORD_113011,CUST_2088,Footwear,827.83,3,1,0.1203,3180.5,1,0
ORD_112797,CUST_4081,Home & Kitchen,658.08,1,1,0.042,2634.0,1,0
ORD_110726,CUST_1492,Apparel,869.29,2,1,0.2473,956.7,1,1
ORD_110585,CUST_3048,Beauty,1901.53,0,1,0.33,1305.9,1,0
ORD_105075,CUST_1353,Apparel,3476.31,1,0,0.0951,3499.7,1,0
ORD_100858,CUST_2519,Apparel,620.26,0,0,0.2138,1623.8,1,0
ORD_111102,CUST_2239,Footwear,5125.52,0,1,0.1389,2435.3,1,0
ORD_114495,CUST_3347,Apparel,2037.43,2,1,0.4128,1251.0,1,1
ORD_113108,CUST_3403,Footwear,2835.32,0,1,0.1095,3452.8,2,0
ORD_105935,CUST_1517,Apparel,3030.85,0,0,0.1641,188.3,1,0
ORD_102937,CUST_4371,Footwear,1069.68,0,1,0.3365,2973.4,6,0
ORD_100375,CUST_2183,Electronics,1699.36,0,1,0.2526,1546.6,1,0
ORD_110684,CUST_4367,Footwear,1271.83,0,0,0.2396,2032.6,1,0
ORD_112210,CUST_1233,Electronics,500.55,0,1,0.2111,531.2,1,0
ORD_100505,CUST_1625,Beauty,534.26,0,0,0.1542,2303.1,3,1
ORD_103620,CUST_4468,Electronics,1630.36,0,1,0.2358,2021.0,3,0
ORD_107388,CUST_4313,Apparel,476.36,3,0,0.3468,720.8,12,0
ORD_112902,CUST_4768,Home & Kitchen,1491.54,0,0,0.0119,498.8,1,0
ORD_105371,CUST_3910,Footwear,1863.45,0,0,0.1096,2622.6,1,0
ORD_103240,CUST_1261,Electronics,8013.02,3,0,0.4827,1998.4,1,1
ORD_102974,CUST_1372,Home & Kitchen,416.32,1,1,0.4593,3072.0,3,0
ORD_108337,CUST_4391,Footwear,1480.9,0,1,0.1596,3302.9,1,0
ORD_108795,CUST_1296,Footwear,2372.08,3,0,0.2397,3244.1,1,1
ORD_109933,CUST_1755,Footwear,1646.94,5,1,0.2913,2751.6,1,1
ORD_108719,CUST_1443,Beauty,420.73,2,0,0.2691,894.5,1,0
ORD_102615,CUST_1902,Electronics,1416.64,1,1,0.3984,915.7,2,1
ORD_108039,CUST_4977,Home & Kitchen,898.78,4,1,0.0876,1840.4,1,0
ORD_111680,CUST_1610,Apparel,995.19,1,0,0.2566,1669.6,1,1
ORD_109430,CUST_1124,Electronics,805.82,1,1,0.2656,2107.0,1,0
ORD_103688,CUST_2506,Footwear,2573.92,0,0,0.1245,832.1,1,0
ORD_112125,CUST_3163,Electronics,1470.95,0,1,0.1698,416.3,2,0
ORD_111659,CUST_2040,Electronics,2714.95,0,1,0.157,2056.5,1,0
ORD_112079,CUST_2503,Footwear,2785.71,3,1,0.0791,1629.0,1,0
ORD_109952,CUST_1179,Electronics,1329.53,10,1,0.1165,1466.9,12,1
ORD_112702,CUST_1233,Electronics,2609.01,1,1,0.1664,620.7,2,1
ORD_109720,CUST_2751,Apparel,330.22,0,1,0.0214,2379.8,6,0
ORD_112004,CUST_2436,Electronics,1142.95,0,1,0.1719,2843.4,6,1
ORD_109599,CUST_3321,Electronics,1254.66,2,0,0.1229,2126.3,1,1
ORD_103522,CUST_1398,Apparel,627.67,2,1,0.2391,397.3,2,0
ORD_109350,CUST_1458,Electronics,2507.71,2,1,0.237,791.5,3,1
ORD_101822,CUST_4180,Footwear,593.8,0,0,0.324,1860.6,1,0
ORD_105802,CUST_4854,Electronics,379.59,1,0,0.2068,3446.8,1,0
ORD_104923,CUST_1276,Footwear,322.4,0,1,0.1847,2018.2,1,0
ORD_106902,CUST_2930,Footwear,6211.32,3,1,0.1062,2825.9,1,0
ORD_113564,CUST_2391,Apparel,2900.75,0,0,0.2596,3044.8,1,0
ORD_107880,CUST_2859,Beauty,505.44,0,0,0.2127,2044.8,1,0
ORD_113047,CUST_3485,Home & Kitchen,2053.24,2,1,0.1472,2347.0,2,0
ORD_108581,CUST_2231,Electronics,388.54,3,0,0.1544,1719.1,3,0
ORD_105476,CUST_1618,Apparel,1096.89,1,1,0.5908,975.1,1,0
ORD_113762,CUST_2725,Footwear,434.38,2,1,0.3089,1419.1,6,0
ORD_106332,CUST_1018,Home & Kitchen,4681.55,0,1,0.1762,387.5,2,0
ORD_114318,CUST_1213,Electronics,431.02,0,0,0.2285,2613.0,3,0
ORD_109188,CUST_4164,Home & Kitchen,1092.03,2,0,0.14,823.0,1,0
ORD_110425,CUST_2391,Apparel,4573.54,2,1,0.4432,2690.0,1,1
ORD_107014,CUST_3877,Home & Kitchen,1645.23,7,0,0.1949,3018.5,1,0
ORD_102439,CUST_4629,Electronics,738.96,5,1,0.0988,2506.6,1,1
ORD_104504,CUST_1552,Footwear,371.73,1,1,0.2402,1337.4,1,0
ORD_104993,CUST_2680,Apparel,2396.18,0,1,0.0909,2416.9,1,0
ORD_109853,CUST_1865,Footwear,411.84,4,0,0.0921,2815.0,2,1
ORD_107738,CUST_1977,Apparel,1532.22,0,1,0.1721,2282.4,1,0
ORD_111742,CUST_4942,Beauty,659.41,0,0,0.1958,859.6,1,0
ORD_102799,CUST_3198,Apparel,2654.0,4,1,0.0307,926.0,1,0
ORD_105222,CUST_4604,Home & Kitchen,1027.01,1,1,0.3546,1925.3,1,0
ORD_111720,CUST_3975,Footwear,342.1,0,1,0.2244,287.9,1,1
ORD_102133,CUST_4401,Home & Kitchen,1373.26,5,0,0.196,560.2,1,1
ORD_114170,CUST_2792,Apparel,5011.83,0,0,0.3227,1370.9,1,0
ORD_108053,CUST_1035,Home & Kitchen,397.64,1,1,0.0993,1897.7,1,0
ORD_106662,CUST_3300,Apparel,787.91,0,1,0.4876,2152.1,6,0
ORD_111068,CUST_1066,Apparel,1890.07,2,1,0.2066,791.9,3,1
ORD_102230,CUST_2996,Apparel,1101.86,1,1,0.0923,1492.8,1,0
ORD_114553,CUST_3710,Footwear,1151.88,0,0,0.0966,3220.0,1,0
ORD_103383,CUST_4134,Apparel,1569.42,4,0,0.3784,839.2,3,0
ORD_112118,CUST_2942,Electronics,668.75,1,0,0.3057,621.1,3,0
ORD_110479,CUST_1306,Apparel,1295.52,0,0,0.1123,1658.3,1,0
ORD_111246,CUST_2146,Apparel,1110.37,1,0,0.3432,2976.3,1,0
ORD_100354,CUST_3520,Apparel,488.99,0,1,0.2611,2432.9,2,1
ORD_112463,CUST_3132,Apparel,2770.88,0,1,0.1184,3346.1,1,0
ORD_105065,CUST_4130,Apparel,2382.54,0,1,0.1829,2253.9,1,0
ORD_112416,CUST_3687,Electronics,1831.6,0,0,0.071,1493.2,1,0
ORD_110814,CUST_2323,Footwear,478.59,0,0,0.1312,1995.9,1,0
ORD_103866,CUST_3003,Footwear,1166.34,0,1,0.0319,1327.8,1,0
ORD_104087,CUST_1007,Electronics,414.47,5,0,0.1106,1302.6,1,0
ORD_108034,CUST_4411,Apparel,1483.08,0,1,0.1842,1262.4,1,0
ORD_114138,CUST_2691,Apparel,910.35,0,1,0.2022,1924.6,1,0
ORD_110535,CUST_1988,Electronics,1754.39,0,1,0.2277,925.6,1,0
ORD_100633,CUST_2470,Apparel,1813.77,0,1,0.2179,492.8,1,0
ORD_109654,CUST_2898,Apparel,1246.37,0,1,0.1153,576.6,1,0
ORD_105912,CUST_1214,Apparel,2486.88,0,1,0.2348,1083.9,1,0
ORD_113671,CUST_1048,Electronics,1332.66,0,1,0.5236,1821.6,6,1
ORD_111627,CUST_4303,Electronics,846.91,0,1,0.0371,2896.1,3,0
ORD_113116,CUST_3197,Electronics,374.88,0,1,0.2274,3207.6,1,0
ORD_105611,CUST_1551,Apparel,766.31,0,1,0.2117,893.5,1,1
ORD_102886,CUST_2354,Apparel,779.13,0,1,0.1149,3338.8,1,0
ORD_110399,CUST_2733,Footwear,468.0,0,0,0.1428,1654.4,1,0
ORD_111150,CUST_3054,Home & Kitchen,2025.88,0,1,0.2153,1222.5,2,0
ORD_101383,CUST_2342,Home & Kitchen,1962.37,1,0,0.1364,1398.8,1,1
ORD_110715,CUST_1441,Footwear,521.81,0,0,0.3092,1362.4,1,0
ORD_112489,CUST_1597,Home & Kitchen,1003.43,2,0,0.3054,2910.3,6,0
ORD_108456,CUST_2782,Apparel,1734.13,0,0,0.2042,464.3,1,0
ORD_114464,CUST_3654,Apparel,1059.68,0,1,0.0485,668.7,1,0
ORD_109095,CUST_2321,Electronics,535.47,0,1,0.1447,173.6,1,1
ORD_104571,CUST_1331,Beauty,2118.27,1,1,0.0888,2909.9,1,0
ORD_107478,CUST_1165,Apparel,1128.1,1,1,0.149,2669.2,1,0
ORD_105580,CUST_2064,Apparel,1027.39,0,0,0.1979,275.3,1,1
ORD_107652,CUST_2411,Apparel,838.99,0,0,0.1832,3222.4,1,0
ORD_106598,CUST_1837,Apparel,656.66,0,1,0.181,1672.0,1,0
ORD_113724,CUST_4894,Apparel,320.78,0,1,0.1287,881.2,1,0
ORD_106936,CUST_3011,Footwear,809.84,0,1,0.2912,1231.4,1,0
ORD_111662,CUST_1679,Home & Kitchen,302.16,0,0,0.2656,2705.4,1,0
ORD_100066,CUST_3435,Footwear,1068.48,0,0,0.1135,897.7,1,0
ORD_101222,CUST_4457,Footwear,1708.65,1,1,0.1013,2235.3,1,0
ORD_100870,CUST_4141,Footwear,5157.81,4,0,0.0906,3454.8,1,0
ORD_114737,CUST_4561,Apparel,492.31,0,1,0.1403,151.4,1,0
ORD_103008,CUST_1951,Footwear,1577.47,1,1,0.091,1609.7,3,0
ORD_109294,CUST_1865,Electronics,427.86,0,0,0.1631,2251.4,1,0
ORD_106611,CUST_2093,Apparel,1276.45,0,1,0.2452,2545.1,1,0
ORD_108014,CUST_4110,Footwear,506.43,0,1,0.0696,3025.5,1,0
ORD_114182,CUST_3670,Electronics,998.77,0,1,0.1267,2593.2,6,0
ORD_108629,CUST_1813,Apparel,991.42,1,1,0.1457,3384.1,1,0
ORD_103941,CUST_1671,Apparel,1329.83,0,1,0.1908,2130.1,1,1
ORD_110361,CUST_4555,Electronics,336.55,4,0,0.1858,1523.4,6,0
ORD_114828,CUST_2832,Electronics,1997.91,0,1,0.1405,2576.3,1,0
ORD_102934,CUST_1303,Apparel,1080.21,0,1,0.0276,3022.6,3,0
ORD_109135,CUST_2605,Footwear,549.94,0,0,0.1178,2184.1,1,0
ORD_101296,CUST_2733,Footwear,685.26,2,1,0.1556,1714.5,1,1
ORD_113075,CUST_1715,Electronics,2380.84,0,1,0.1259,856.6,1,1
ORD_101939,CUST_3913,Beauty,340.0,3,1,0.1066,1779.4,1,0
ORD_108587,CUST_3059,Home & Kitchen,3955.98,1,1,0.0929,3376.0,1,0
ORD_100251,CUST_4430,Apparel,1124.47,3,0,0.2733,446.7,1,1
ORD_105295,CUST_3803,Apparel,3357.05,2,0,0.0427,3002.8,1,0
ORD_113216,CUST_4876,Apparel,1160.17,7,0,0.0687,1097.6,1,0
ORD_104200,CUST_2821,Electronics,1558.9,0,1,0.2032,418.5,12,0
ORD_110915,CUST_4580,Home & Kitchen,555.64,0,1,0.2335,1198.5,1,0
ORD_107883,CUST_2825,Apparel,430.3,1,0,0.1616,192.2,12,0
ORD_100077,CUST_3139,Electronics,1732.4,0,0,0.3744,1244.0,1,0
ORD_103865,CUST_2956,Footwear,888.46,0,1,0.0418,2725.5,12,0
ORD_106776,CUST_3768,Footwear,1660.09,2,0,0.0215,2350.4,1,0
ORD_114556,CUST_4300,Apparel,2235.72,0,1,0.2189,1736.0,2,1
ORD_114818,CUST_4884,Home & Kitchen,688.55,0,0,0.3511,1543.1,3,1
ORD_105790,CUST_4646,Apparel,2402.71,0,0,0.5192,2088.5,1,0
ORD_109383,CUST_1819,Electronics,1038.83,0,1,0.2753,950.2,3,0
ORD_106094,CUST_1801,Home & Kitchen,691.99,1,0,0.359,2349.0,1,0
ORD_110695,CUST_2264,Beauty,638.09,0,1,0.2398,713.0,3,0
ORD_107774,CUST_2902,Beauty,707.59,0,1,0.501,3415.9,1,0
ORD_102843,CUST_3848,Electronics,630.95,1,1,0.2349,3493.4,1,0
ORD_107372,CUST_1874,Home & Kitchen,843.66,0,0,0.2143,2360.5,1,0
ORD_113604,CUST_4403,Electronics,314.8,1,1,0.7216,959.0,1,1
ORD_107750,CUST_3703,Home & Kitchen,1746.94,0,1,0.052,2412.5,6,0
ORD_104581,CUST_3497,Home & Kitchen,808.91,1,0,0.201,208.7,1,0
ORD_108773,CUST_4896,Apparel,3756.31,0,0,0.3262,1474.0,1,1
ORD_100850,CUST_3681,Electronics,773.23,0,0,0.2293,2863.0,1,0
ORD_109484,CUST_2878,Electronics,945.27,0,1,0.1655,2643.1,6,0
ORD_104692,CUST_3372,Apparel,697.63,0,0,0.038,399.2,2,0
ORD_104206,CUST_1189,Electronics,1507.59,2,1,0.1484,1810.7,2,0
ORD_103631,CUST_2759,Apparel,1606.72,1,0,0.1085,607.5,2,0
ORD_106126,CUST_1602,Home & Kitchen,3126.5,0,1,0.0889,505.0,2,1
ORD_105489,CUST_3019,Apparel,4020.67,1,0,0.0662,660.5,1,1
ORD_103903,CUST_3461,Apparel,502.21,0,1,0.0836,696.1,6,0
ORD_106743,CUST_3236,Footwear,3161.15,1,1,0.4795,2472.1,1,0
ORD_111920,CUST_1766,Electronics,889.79,2,1,0.1626,3141.9,3,1
ORD_105044,CUST_4081,Beauty,919.5,0,0,0.5168,1385.9,1,0
ORD_113761,CUST_3353,Apparel,397.45,3,1,0.3347,1186.4,1,0
ORD_104649,CUST_2064,Apparel,2332.03,0,1,0.0709,308.0,1,0
ORD_104879,CUST_2970,Electronics,1197.69,0,1,0.1503,2761.2,1,0
ORD_108542,CUST_1588,Home & Kitchen,513.06,0,0,0.0956,1067.7,12,0
ORD_110769,CUST_3443,Footwear,1226.56,0,1,0.1136,1916.1,1,0
ORD_107246,CUST_4797,Footwear,1927.46,4,1,0.2124,2735.0,1,1
ORD_102465,CUST_3768,Footwear,2657.26,0,0,0.2624,1269.2,1,0
ORD_106404,CUST_3677,Beauty,2585.54,0,1,0.0992,2076.8,1,0
ORD_100227,CUST_1795,Beauty,2287.17,0,1,0.1563,3471.2,1,0
ORD_106802,CUST_1804,Apparel,638.69,0,0,0.2939,2217.3,1,0
ORD_113018,CUST_4219,Apparel,1463.14,1,1,0.2411,3267.5,1,0
ORD_113077,CUST_3601,Apparel,1307.14,1,1,0.103,408.6,1,0
ORD_104709,CUST_4415,Footwear,1464.02,2,0,0.2382,3477.9,1,1
ORD_103673,CUST_4199,Apparel,1295.77,2,0,0.1499,2544.3,12,1
ORD_109003,CUST_4613,Electronics,638.87,0,0,0.161,2938.9,1,0
ORD_106446,CUST_1531,Electronics,882.86,2,1,0.1256,2092.9,1,0
ORD_107230,CUST_1103,Apparel,638.04,0,1,0.2058,2625.5,1,0
ORD_110362,CUST_4377,Footwear,3236.28,0,0,0.1659,3444.4,1,0
ORD_112890,CUST_4755,Footwear,1554.81,1,1,0.0623,3347.3,1,0
ORD_100934,CUST_2256,Beauty,1498.36,1,0,0.2791,2523.5,2,1
ORD_103179,CUST_4083,Apparel,900.82,0,0,0.0975,3371.7,1,0
ORD_109791,CUST_1377,Footwear,702.7,0,1,0.2544,2569.6,3,0
ORD_103024,CUST_4989,Apparel,2245.86,4,0,0.5175,1177.0,1,1
ORD_112672,CUST_3350,Apparel,1422.69,5,1,0.2513,3033.9,1,0
ORD_103140,CUST_2585,Apparel,1990.91,0,1,0.061,2678.3,1,1
ORD_104351,CUST_1820,Apparel,1413.72,0,0,0.1642,3039.1,6,0
ORD_103775,CUST_1161,Footwear,431.48,7,0,0.3335,3247.5,1,0
ORD_112631,CUST_4465,Home & Kitchen,1364.31,2,0,0.0429,1214.6,1,0
ORD_103730,CUST_4282,Footwear,1391.02,0,0,0.0688,3237.8,1,0
ORD_107501,CUST_1005,Apparel,1044.18,1,1,0.0852,3129.7,6,0
ORD_107775,CUST_2910,Footwear,5082.33,4,0,0.0614,2956.8,1,0
ORD_105574,CUST_2427,Apparel,1022.38,0,0,0.1683,3156.6,1,0
ORD_109784,CUST_3694,Electronics,432.91,3,0,0.3519,3321.0,1,0
ORD_106911,CUST_1038,Apparel,4373.69,0,1,0.3709,2320.9,1,1
ORD_104626,CUST_4365,Beauty,4178.65,0,1,0.036,927.6,1,0
ORD_100564,CUST_2715,Apparel,1140.37,0,1,0.1348,2035.2,6,1
ORD_100877,CUST_3214,Electronics,1582.59,0,0,0.1382,2037.5,1,0
ORD_114357,CUST_2509,Electronics,1651.54,0,0,0.0841,1374.8,1,0
ORD_113331,CUST_1801,Apparel,832.64,0,1,0.1723,651.4,1,1
ORD_103210,CUST_2012,Home & Kitchen,458.64,1,1,0.017,3105.7,1,0
ORD_113695,CUST_2666,Apparel,2783.56,0,1,0.1811,1198.4,1,0
ORD_108210,CUST_3258,Footwear,1412.33,0,0,0.1531,802.3,1,0
ORD_111086,CUST_2391,Home & Kitchen,352.05,2,0,0.3667,2307.4,1,1
ORD_111947,CUST_4108,Apparel,437.35,1,1,0.1042,2545.2,1,0
ORD_105205,CUST_4976,Footwear,2150.25,0,0,0.3706,2742.2,1,0
ORD_106442,CUST_3881,Electronics,2520.26,0,1,0.2764,1348.8,2,1
ORD_109803,CUST_1404,Home & Kitchen,3365.25,1,1,0.0716,268.5,6,1
ORD_102396,CUST_2530,Beauty,2280.36,4,1,0.1027,584.4,1,0
ORD_100154,CUST_4561,Apparel,880.32,0,0,0.428,1650.4,1,1
ORD_107373,CUST_4183,Home & Kitchen,5168.5,1,0,0.1183,2406.3,2,0
ORD_109728,CUST_1995,Apparel,1401.16,1,0,0.2793,936.3,1,0
ORD_101319,CUST_1005,Beauty,868.52,2,1,0.2119,2226.9,1,0
ORD_111191,CUST_2132,Footwear,555.18,1,0,0.2355,741.4,1,0
ORD_100582,CUST_1876,Apparel,4868.82,0,1,0.3785,1757.7,1,1
ORD_110219,CUST_4757,Home & Kitchen,4875.7,4,0,0.1843,1910.4,3,0
ORD_106465,CUST_2907,Footwear,1069.83,0,1,0.1025,627.6,1,0
ORD_108763,CUST_2158,Apparel,1339.07,4,0,0.0852,1610.8,1,1
ORD_105550,CUST_2629,Apparel,506.63,2,0,0.0412,2726.9,1,0
ORD_107208,CUST_4478,Footwear,523.65,0,0,0.1108,1038.9,1,0
ORD_100708,CUST_2440,Beauty,453.71,0,1,0.0428,2381.5,6,0
ORD_108550,CUST_1174,Apparel,3617.1,0,1,0.2277,2990.2,1,1
ORD_114584,CUST_3091,Apparel,759.03,1,0,0.0111,764.5,1,0
ORD_107978,CUST_2760,Footwear,935.22,2,1,0.1505,2775.2,1,0
ORD_111064,CUST_1947,Electronics,514.56,0,1,0.1341,682.5,1,1
ORD_104593,CUST_2563,Apparel,1675.35,1,0,0.0813,2009.6,1,1
ORD_103680,CUST_4655,Home & Kitchen,841.75,0,1,0.2352,595.4,1,0
ORD_108877,CUST_2352,Apparel,1206.92,0,0,0.3954,701.5,2,0
ORD_113133,CUST_1370,Electronics,447.61,3,1,0.0827,1159.2,1,1
ORD_114187,CUST_4336,Beauty,425.62,3,0,0.1319,224.5,1,0
ORD_111160,CUST_3502,Beauty,1330.87,0,0,0.3216,3365.4,3,0
ORD_100416,CUST_2603,Footwear,603.81,0,0,0.2639,2977.8,1,1
ORD_114166,CUST_2911,Home & Kitchen,332.37,1,1,0.1342,2336.8,1,0
ORD_101666,CUST_4389,Apparel,1630.02,0,0,0.1964,1886.4,1,0
ORD_106182,CUST_4907,Apparel,699.0,0,0,0.1644,2774.6,12,1
ORD_110108,CUST_1188,Apparel,1166.25,3,1,0.1835,3210.8,1,0
ORD_111415,CUST_4033,Apparel,1135.96,2,0,0.2288,780.8,2,1
ORD_103050,CUST_4683,Apparel,458.7,1,0,0.2182,860.8,1,0
ORD_106866,CUST_4856,Footwear,705.6,0,1,0.2064,1205.3,6,0
ORD_103878,CUST_4366,Home & Kitchen,2730.0,1,0,0.3195,3422.6,1,0
ORD_109911,CUST_2680,Electronics,476.42,1,0,0.1022,403.9,2,0
ORD_102523,CUST_3169,Apparel,1066.71,1,1,0.0944,864.7,6,0
ORD_108905,CUST_1937,Home & Kitchen,2185.79,3,1,0.1921,2512.3,1,1
ORD_114289,CUST_4342,Home & Kitchen,1329.69,1,1,0.4193,2360.0,1,0
ORD_100319,CUST_4029,Footwear,2693.74,1,1,0.4475,230.7,1,1
ORD_109384,CUST_3900,Home & Kitchen,1614.57,0,0,0.1687,2600.3,1,0
ORD_100116,CUST_4773,Electronics,2546.13,3,1,0.2142,1056.8,1,1
ORD_112487,CUST_4190,Apparel,2612.69,7,0,0.1148,3235.6,1,1
ORD_103199,CUST_3368,Footwear,811.45,1,0,0.1818,3493.2,2,0
ORD_105988,CUST_2742,Footwear,922.92,0,1,0.3325,1279.6,1,0
ORD_107930,CUST_1305,Electronics,963.22,0,0,0.1452,164.5,1,0
ORD_114830,CUST_1442,Apparel,362.32,0,0,0.1937,1170.0,1,1
ORD_104805,CUST_2237,Apparel,1479.17,0,1,0.5229,833.5,2,1
ORD_113925,CUST_1277,Apparel,808.61,0,1,0.2892,532.9,1,0
ORD_106709,CUST_4521,Electronics,1807.73,1,0,0.0657,993.9,1,0
ORD_106739,CUST_2037,Electronics,2323.21,1,1,0.3773,2699.3,2,0
ORD_113266,CUST_1109,Electronics,1318.68,0,1,0.1658,1436.6,1,0
ORD_113373,CUST_2377,Apparel,1355.19,2,0,0.1945,2222.8,1,0
ORD_111751,CUST_2438,Electronics,325.99,0,1,0.1471,1268.4,1,0
ORD_109572,CUST_1824,Apparel,335.81,2,1,0.3341,1205.3,1,0
ORD_113786,CUST_1288,Apparel,632.24,3,0,0.2999,2805.6,3,0
ORD_108928,CUST_1652,Electronics,870.45,0,1,0.0714,2931.6,1,0
ORD_102885,CUST_2388,Apparel,760.59,3,0,0.2145,1744.8,2,1
ORD_111312,CUST_4032,Footwear,787.63,0,1,0.3323,3360.8,3,1
ORD_111870,CUST_4952,Home & Kitchen,338.14,1,1,0.2701,3079.7,1,0
ORD_114746,CUST_1707,Apparel,321.03,0,0,0.027,503.1,1,0
ORD_112657,CUST_1356,Apparel,1535.53,0,1,0.0884,267.0,1,0
ORD_102423,CUST_1590,Electronics,3072.63,2,1,0.3747,2123.5,6,1
ORD_103052,CUST_4238,Footwear,1120.63,0,0,0.2092,1945.4,1,0
ORD_100330,CUST_4420,Electronics,971.7,3,0,0.1136,2178.6,3,0
ORD_103599,CUST_3461,Electronics,3968.24,1,0,0.0973,937.7,1,0
ORD_110520,CUST_3426,Electronics,1383.13,2,1,0.0665,2787.4,1,0
ORD_110886,CUST_4622,Apparel,1309.62,2,1,0.1272,3452.3,1,1
ORD_101465,CUST_3438,Footwear,605.28,1,1,0.0418,2935.1,1,1
ORD_108263,CUST_4979,Apparel,689.85,2,0,0.1649,1570.0,6,0
ORD_104371,CUST_3524,Apparel,3121.79,10,1,0.3422,1704.3,1,1
ORD_106831,CUST_4116,Electronics,1495.82,0,0,0.228,2377.5,1,0
ORD_113611,CUST_2741,Apparel,2306.86,0,0,0.2086,2809.3,3,0
ORD_100609,CUST_2853,Apparel,1054.78,0,1,0.1273,2629.6,1,0
ORD_109412,CUST_4462,Apparel,1812.53,2,1,0.3311,289.0,6,0
ORD_101057,CUST_1880,Beauty,2220.08,3,0,0.3867,1114.3,3,0
ORD_113417,CUST_2070,Apparel,4038.1,0,0,0.0135,733.5,3,0
ORD_105598,CUST_1660,Footwear,1460.53,0,1,0.2434,1411.7,1,0
ORD_111276,CUST_3744,Apparel,867.05,0,0,0.2139,2473.5,1,0
ORD_111954,CUST_1915,Beauty,6208.99,0,0,0.0231,1615.8,3,0
ORD_107726,CUST_4285,Beauty,2640.83,0,1,0.1969,2894.0,1,1
ORD_112919,CUST_1748,Footwear,1766.34,1,1,0.486,1257.9,3,1
ORD_110259,CUST_4610,Footwear,2425.55,3,0,0.2232,1958.5,1,0
ORD_108496,CUST_3550,Beauty,421.47,2,1,0.1385,3041.3,1,1
ORD_101473,CUST_2312,Footwear,632.86,1,0,0.3043,1735.7,1,0
ORD_108711,CUST_4709,Apparel,3925.09,0,1,0.1438,2777.4,6,0
ORD_112152,CUST_1686,Home & Kitchen,1651.82,0,0,0.3715,2523.3,1,0
ORD_104515,CUST_3826,Electronics,568.75,3,0,0.2501,1480.8,1,0
ORD_106376,CUST_3218,Apparel,2221.31,2,1,0.1158,3468.7,1,0
ORD_114706,CUST_4528,Apparel,1516.22,1,0,0.4934,1160.5,6,0
ORD_114547,CUST_4989,Home & Kitchen,2983.93,1,0,0.2314,1002.9,1,0
ORD_106701,CUST_1338,Apparel,2664.44,0,1,0.0286,3176.8,6,0
ORD_111714,CUST_1037,Apparel,431.93,1,1,0.1368,1674.9,1,0
ORD_107803,CUST_3447,Apparel,388.28,0,1,0.1515,1033.4,2,1
ORD_113134,CUST_4620,Apparel,1245.47,0,1,0.1621,3068.7,1,0
ORD_108221,CUST_1923,Apparel,2597.98,0,0,0.4842,848.7,1,0
ORD_102789,CUST_4110,Footwear,1292.3,1,0,0.2313,1125.4,1,0
ORD_108012,CUST_2711,Apparel,789.57,1,1,0.1871,1159.8,1,0
ORD_112821,CUST_2532,Apparel,1522.23,3,1,0.3766,3309.9,1,1
ORD_104875,CUST_4021,Electronics,322.76,0,1,0.3932,937.0,2,0
ORD_114708,CUST_1897,Electronics,715.12,5,0,0.0544,1419.5,1,0
ORD_100737,CUST_1825,Apparel,1753.21,1,1,0.2612,3238.5,1,1
ORD_112506,CUST_4478,Footwear,1910.57,0,0,0.105,3406.1,1,0
ORD_100109,CUST_1815,Beauty,4006.95,0,0,0.1977,489.9,1,0
ORD_112458,CUST_4341,Apparel,4254.61,0,1,0.2594,435.7,3,0
ORD_110200,CUST_1433,Footwear,462.1,2,0,0.1986,2002.5,1,1
ORD_110146,CUST_2065,Apparel,2252.48,1,0,0.4234,2194.7,2,0
ORD_102442,CUST_3781,Apparel,739.89,2,0,0.104,1507.0,1,0
ORD_109057,CUST_2207,Beauty,2424.08,0,0,0.3815,206.7,1,0
ORD_104289,CUST_3597,Apparel,2852.55,1,1,0.1257,3304.1,1,0
ORD_108343,CUST_2872,Electronics,826.95,0,0,0.0818,767.7,1,0
ORD_107797,CUST_2884,Apparel,2179.59,4,1,0.4227,3323.4,1,0
ORD_103754,CUST_1187,Beauty,673.7,1,0,0.1876,2356.1,3,1
ORD_111232,CUST_1237,Footwear,3817.39,0,1,0.0906,1198.2,1,0
ORD_109905,CUST_3603,Electronics,2230.62,2,1,0.0871,515.3,1,0
ORD_107968,CUST_2619,Home & Kitchen,607.53,1,0,0.1671,3033.1,1,0
ORD_110126,CUST_3571,Beauty,396.59,2,0,0.0486,1826.9,3,1
ORD_101753,CUST_1329,Apparel,1011.06,0,1,0.0336,1734.4,1,0
ORD_109639,CUST_3385,Electronics,1025.13,5,0,0.3722,2311.4,1,0
ORD_114933,CUST_3645,Electronics,914.56,0,0,0.2924,3031.6,1,1
ORD_101552,CUST_4531,Footwear,566.54,0,1,0.2468,1715.6,12,1
ORD_109212,CUST_4461,Electronics,521.01,0,1,0.0952,2070.2,1,0
ORD_105528,CUST_4947,Electronics,669.5,0,1,0.4261,2455.4,1,0
ORD_110338,CUST_2216,Footwear,1444.09,0,1,0.0841,2805.7,1,0
ORD_110019,CUST_3159,Home & Kitchen,1320.56,0,1,0.2633,919.4,1,0
ORD_107802,CUST_4734,Electronics,1995.6,1,0,0.2763,590.5,1,0
ORD_111327,CUST_2924,Footwear,2239.74,0,0,0.2102,1129.6,1,1
ORD_107512,CUST_1985,Beauty,839.78,1,0,0.3358,2773.2,1,0
ORD_100026,CUST_3853,Apparel,2056.65,2,0,0.1068,899.5,1,0
ORD_114588,CUST_1997,Electronics,1595.06,1,1,0.5492,321.7,1,1
ORD_114597,CUST_3844,Electronics,812.24,1,0,0.4466,2450.7,12,0
ORD_100268,CUST_2495,Electronics,1504.77,0,1,0.0965,2094.8,1,0
ORD_104658,CUST_2141,Apparel,1845.58,4,1,0.3745,708.1,1,0
ORD_114266,CUST_4912,Electronics,352.14,2,1,0.1126,1544.9,1,1
ORD_104829,CUST_4630,Beauty,436.44,1,1,0.4577,2557.0,1,0
ORD_110829,CUST_2850,Footwear,1725.07,0,0,0.5144,2282.0,3,0
ORD_103339,CUST_4538,Beauty,3207.45,0,1,0.4134,3267.2,1,0
ORD_101125,CUST_3231,Beauty,1382.96,4,0,0.1321,590.1,1,0
ORD_109712,CUST_4357,Home & Kitchen,1680.51,0,0,0.104,2911.1,1,0
ORD_103517,CUST_2950,Apparel,2612.36,0,1,0.3221,1587.0,1,1
ORD_111477,CUST_2908,Apparel,1108.98,3,0,0.2087,2789.7,1,0
ORD_105678,CUST_3438,Apparel,641.43,0,0,0.1039,1928.2,1,0
ORD_104484,CUST_1554,Footwear,736.46,7,1,0.0873,1707.4,1,0
ORD_114863,CUST_4718,Apparel,811.43,1,0,0.0379,2382.1,2,0
ORD_100099,CUST_1702,Home & Kitchen,1009.74,0,0,0.139,459.1,1,0
ORD_103346,CUST_1689,Footwear,503.63,7,0,0.0993,2223.7,1,0
ORD_109907,CUST_4446,Apparel,704.73,0,1,0.1227,2347.7,1,1
ORD_102824,CUST_3358,Electronics,4220.53,0,1,0.0938,1000.7,12,0
ORD_111481,CUST_1132,Apparel,956.15,0,0,0.1401,1868.1,1,0
ORD_101690,CUST_1946,Home & Kitchen,328.67,3,1,0.1841,771.9,1,1
ORD_106613,CUST_1404,Apparel,1465.64,1,0,0.0709,742.1,1,0
ORD_112287,CUST_3756,Apparel,3966.14,0,0,0.2188,2166.8,1,0
ORD_103931,CUST_2464,Footwear,1471.41,1,0,0.1442,1948.7,1,0
ORD_103241,CUST_2442,Apparel,1250.29,1,1,0.2006,833.3,1,1
ORD_103061,CUST_1580,Apparel,2593.56,0,0,0.1809,2998.6,1,0
ORD_103107,CUST_2125,Apparel,2384.4,0,0,0.1841,966.8,12,1
ORD_108457,CUST_2564,Footwear,2096.44,0,0,0.1199,2182.3,1,0
ORD_113035,CUST_4363,Footwear,1804.68,0,1,0.1304,3390.7,3,0
ORD_105602,CUST_4954,Home & Kitchen,1008.92,0,0,0.0594,406.8,1,0
ORD_100704,CUST_2636,Electronics,3354.0,0,0,0.0916,2975.3,1,0
ORD_110199,CUST_1428,Apparel,479.26,2,1,0.3248,3474.2,1,1
ORD_114977,CUST_1212,Apparel,4280.56,3,0,0.2221,353.4,3,1
ORD_105097,CUST_2960,Footwear,881.37,1,1,0.1373,299.1,1,0
ORD_112556,CUST_1181,Apparel,321.0,0,0,0.1488,2332.1,3,1
ORD_109122,CUST_4166,Footwear,1100.01,0,1,0.2623,1589.1,1,1
ORD_104606,CUST_3305,Apparel,347.09,1,0,0.3203,2181.6,3,0
ORD_103342,CUST_3392,Electronics,1485.03,1,1,0.0946,774.8,3,1
ORD_102676,CUST_3340,Footwear,1240.16,1,0,0.1657,927.6,1,0
ORD_113311,CUST_4613,Footwear,949.38,0,1,0.2156,3336.5,1,0
ORD_104310,CUST_1661,Home & Kitchen,1804.38,0,1,0.0649,809.5,6,0
ORD_113788,CUST_1013,Apparel,636.37,1,1,0.1544,1794.7,1,0
ORD_107079,CUST_2150,Electronics,608.83,2,1,0.1736,2791.3,1,0
ORD_106075,CUST_3259,Apparel,923.85,0,1,0.4424,3484.1,2,0
ORD_107329,CUST_1433,Electronics,926.01,2,1,0.1893,1410.6,1,1
ORD_102362,CUST_4170,Beauty,4153.76,1,0,0.4353,749.7,1,0
ORD_100270,CUST_4763,Beauty,790.6,0,0,0.293,3152.4,1,0
ORD_113877,CUST_3987,Apparel,4490.55,2,0,0.3049,836.7,3,0
ORD_107134,CUST_1870,Footwear,2661.19,0,0,0.3548,154.6,1,1
ORD_102001,CUST_4294,Apparel,1905.5,5,1,0.2542,2834.4,1,0
ORD_100425,CUST_2158,Apparel,498.43,0,1,0.0691,2314.1,3,0
ORD_107130,CUST_1721,Electronics,3889.95,2,0,0.0449,1195.6,1,0
ORD_105242,CUST_4841,Home & Kitchen,567.46,0,0,0.1713,822.4,3,0
ORD_100781,CUST_1728,Apparel,2067.29,1,0,0.0633,2144.0,1,0
ORD_109301,CUST_2641,Electronics,2617.0,0,1,0.1276,2294.5,1,0
ORD_111308,CUST_3302,Home & Kitchen,1141.36,3,0,0.2391,2251.3,1,0
ORD_103511,CUST_4088,Electronics,1085.0,2,1,0.0424,2569.8,1,0
ORD_100804,CUST_1884,Beauty,1382.05,2,0,0.2721,2171.1,3,0
ORD_103917,CUST_2641,Home & Kitchen,598.11,0,0,0.2079,2043.4,1,0
ORD_101835,CUST_3081,Electronics,625.78,0,0,0.4947,2322.1,6,0
ORD_108154,CUST_2367,Footwear,4098.91,2,1,0.1582,2156.9,1,1
ORD_107549,CUST_2340,Apparel,1775.34,0,1,0.0853,2453.1,1,0
ORD_107806,CUST_2094,Electronics,1066.62,0,1,0.0992,3443.4,1,0
ORD_109745,CUST_3605,Beauty,6135.21,1,1,0.1143,1389.2,1,1
ORD_101192,CUST_3296,Beauty,855.98,4,0,0.1629,2438.5,1,0
ORD_101124,CUST_1137,Footwear,736.97,1,0,0.0519,3437.6,1,1
ORD_105151,CUST_2808,Apparel,532.04,2,1,0.145,1297.0,1,0
ORD_109433,CUST_3699,Electronics,1509.48,0,0,0.1852,709.5,6,0
ORD_100786,CUST_3224,Beauty,567.74,0,1,0.0847,2171.2,1,0
ORD_105764,CUST_4167,Beauty,1630.1,1,0,0.1889,2426.6,2,0
ORD_108642,CUST_3476,Home & Kitchen,498.44,0,1,0.4899,1972.0,1,0
ORD_113672,CUST_2510,Apparel,589.34,0,0,0.2051,1246.3,1,0
ORD_105857,CUST_1882,Apparel,1152.26,3,1,0.079,3325.2,1,0
ORD_101919,CUST_3760,Apparel,1943.35,3,1,0.2563,209.3,1,1
ORD_106071,CUST_1042,Apparel,448.43,4,0,0.2319,2393.7,1,0
ORD_113585,CUST_2026,Home & Kitchen,2454.58,0,0,0.0669,2159.9,3,0
ORD_105496,CUST_1186,Apparel,620.44,3,0,0.2862,3455.9,3,0
ORD_109675,CUST_4608,Apparel,518.29,0,1,0.4215,749.9,1,0
ORD_107681,CUST_3160,Apparel,585.22,0,0,0.4071,2657.0,1,1
ORD_102240,CUST_3618,Apparel,1917.01,0,1,0.157,2928.6,12,1
ORD_102798,CUST_4923,Apparel,411.28,3,0,0.1297,629.5,12,0
ORD_101697,CUST_4942,Apparel,1814.5,1,1,0.3663,1200.1,2,1
ORD_107934,CUST_4296,Apparel,603.77,4,1,0.1852,1877.5,1,1
ORD_111974,CUST_1395,Electronics,529.52,2,1,0.0308,2913.9,6,0
ORD_108302,CUST_1537,Electronics,1870.04,0,0,0.0974,699.1,1,0
ORD_106287,CUST_3667,Electronics,1287.27,3,0,0.1514,786.5,1,1
ORD_112697,CUST_1535,Electronics,3417.19,0,1,0.0908,1011.7,3,0
ORD_113002,CUST_4041,Apparel,2280.84,0,0,0.175,2302.0,12,0
ORD_102981,CUST_3338,Electronics,517.58,0,1,0.2758,3041.4,1,0
ORD_105314,CUST_4030,Apparel,579.55,0,0,0.2506,1821.1,1,0
ORD_113308,CUST_3362,Home & Kitchen,1518.06,2,0,0.0523,973.1,1,0
ORD_102619,CUST_2748,Footwear,580.48,2,1,0.2913,2603.7,1,1
ORD_112085,CUST_2181,Apparel,323.28,1,0,0.3641,1631.4,1,0
ORD_103177,CUST_3102,Electronics,994.7,3,0,0.0391,1937.4,1,0
ORD_113967,CUST_1364,Beauty,342.0,0,1,0.0935,2503.9,3,0
ORD_113477,CUST_4175,Footwear,1170.98,1,0,0.2468,2068.0,1,0
ORD_102172,CUST_3376,Electronics,3243.09,2,0,0.0772,2282.7,1,0
ORD_113364,CUST_3676,Beauty,657.89,1,0,0.1231,931.7,3,0
ORD_103950,CUST_2449,Apparel,329.83,1,1,0.1668,1031.7,1,0
ORD_107544,CUST_3169,Beauty,2031.59,1,0,0.2686,2222.8,3,0
ORD_107436,CUST_1614,Apparel,1270.72,4,0,0.074,3049.3,3,0
ORD_113042,CUST_2484,Home & Kitchen,554.84,2,0,0.2208,3311.2,3,0
ORD_110336,CUST_4476,Apparel,1425.55,1,0,0.1979,2495.2,1,0
ORD_105674,CUST_2380,Home & Kitchen,1211.99,0,1,0.2031,651.3,1,0
ORD_114557,CUST_4242,Electronics,874.94,0,1,0.0431,2529.4,1,0
ORD_101009,CUST_1223,Apparel,1072.48,1,1,0.0362,474.0,1,0
ORD_113223,CUST_1013,Apparel,594.41,0,0,0.1053,3235.2,1,0
ORD_102366,CUST_4342,Home & Kitchen,388.8,0,0,0.0692,1058.6,1,0
ORD_106886,CUST_3975,Footwear,3080.11,0,1,0.259,2019.2,1,1
ORD_105516,CUST_1871,Electronics,1177.88,1,0,0.0887,2945.8,1,0
ORD_114233,CUST_4035,Apparel,3481.41,0,1,0.097,3484.7,1,0
ORD_107416,CUST_2723,Electronics,3397.34,0,0,0.1067,1563.5,1,0
ORD_113141,CUST_1191,Apparel,2595.29,0,1,0.2671,3349.1,3,1
ORD_107097,CUST_3764,Electronics,4104.09,0,1,0.1889,1226.9,1,0
ORD_106532,CUST_3891,Apparel,978.94,7,1,0.0271,2607.4,2,1
ORD_110186,CUST_2332,Home & Kitchen,953.62,0,1,0.0714,2953.5,1,0
ORD_110400,CUST_2080,Apparel,467.75,1,1,0.2222,1765.5,1,0
ORD_102067,CUST_1696,Electronics,1428.55,0,1,0.0267,1510.9,1,0
ORD_102823,CUST_4264,Apparel,954.38,0,0,0.2849,415.2,1,1
ORD_105136,CUST_4800,Apparel,945.37,1,0,0.0908,1211.2,1,0
ORD_111494,CUST_1797,Apparel,511.99,2,0,0.2186,2454.4,1,0
ORD_103690,CUST_2855,Apparel,752.43,0,0,0.1004,1764.7,1,0
ORD_105198,CUST_3016,Electronics,10015.64,0,0,0.1809,3432.9,1,0
ORD_110472,CUST_4741,Electronics,546.95,0,0,0.3713,3311.5,6,0
ORD_101333,CUST_3621,Footwear,2346.04,1,1,0.1436,787.5,1,0
ORD_103835,CUST_3184,Footwear,1627.52,1,0,0.1867,1491.0,1,0
ORD_112254,CUST_1378,Apparel,897.79,1,1,0.194,1103.5,1,0
ORD_114243,CUST_1432,Home & Kitchen,2080.98,0,1,0.2065,1435.1,1,0
ORD_104089,CUST_3555,Apparel,847.75,0,0,0.048,473.6,1,0
ORD_102297,CUST_3514,Apparel,459.88,0,1,0.2197,3348.9,6,0
ORD_107169,CUST_2390,Beauty,369.83,2,1,0.0788,249.3,1,0
ORD_110955,CUST_2280,Electronics,2246.72,0,0,0.0584,2904.5,1,0
ORD_105261,CUST_1739,Apparel,652.8,0,1,0.0996,3240.4,1,0
ORD_110110,CUST_1067,Apparel,1537.87,0,0,0.033,931.4,1,0
ORD_112788,CUST_3845,Apparel,1195.17,2,1,0.2572,3487.5,1,0
ORD_111353,CUST_1579,Electronics,909.95,1,0,0.1663,1119.9,1,0
ORD_111035,CUST_1215,Home & Kitchen,731.31,1,0,0.2004,1640.9,6,0
ORD_104204,CUST_4831,Apparel,1456.93,0,1,0.2459,3239.1,1,0
ORD_100409,CUST_4777,Electronics,936.33,1,0,0.1698,1928.3,1,0
ORD_104970,CUST_1941,Electronics,1080.67,1,1,0.0625,1158.6,1,0
ORD_104974,CUST_3014,Apparel,995.1,0,1,0.461,2340.4,2,0
ORD_100103,CUST_1161,Apparel,428.83,2,0,0.2945,2818.0,1,0
ORD_108473,CUST_2771,Electronics,335.35,3,1,0.1824,799.6,12,0
ORD_114227,CUST_4872,Electronics,1515.75,0,1,0.2322,2985.7,1,1
ORD_113871,CUST_2776,Electronics,1350.81,3,0,0.2688,3192.6,1,0
ORD_105743,CUST_2583,Apparel,841.18,2,0,0.2146,2624.9,1,0
ORD_100911,CUST_2140,Electronics,792.87,0,0,0.7057,1742.0,1,1
ORD_103067,CUST_1672,Electronics,1282.58,10,1,0.0853,1772.6,1,0
ORD_102861,CUST_2112,Footwear,1178.45,0,1,0.4349,2905.4,1,1
ORD_112151,CUST_3110,Electronics,3587.62,4,1,0.3509,2191.7,1,1
ORD_110621,CUST_4557,Electronics,786.51,1,1,0.3186,3456.3,1,1
ORD_107746,CUST_1482,Beauty,2372.03,1,0,0.1128,3001.2,1,0
ORD_109042,CUST_4454,Apparel,723.81,0,1,0.2016,2892.9,1,1
ORD_106958,CUST_1990,Apparel,697.64,2,0,0.0569,2834.4,1,0
ORD_114887,CUST_1267,Home & Kitchen,2178.83,0,1,0.0684,279.0,1,0
ORD_103404,CUST_2597,Footwear,332.97,1,1,0.1906,1030.5,1,1
ORD_104054,CUST_4048,Apparel,1238.21,0,1,0.2965,2188.2,1,0
ORD_104480,CUST_2325,Footwear,4603.96,1,0,0.1051,2823.7,1,0
ORD_109786,CUST_4140,Footwear,1074.85,0,1,0.0339,2743.7,1,0
ORD_106835,CUST_1943,Apparel,3995.24,0,0,0.4745,1535.4,2,0
ORD_103480,CUST_1758,Electronics,7442.94,0,0,0.4236,2261.3,1,0
ORD_111045,CUST_2244,Home & Kitchen,1920.61,0,1,0.2337,724.0,1,1
ORD_104845,CUST_2605,Footwear,1541.41,0,1,0.1019,1296.1,1,0
ORD_114634,CUST_4991,Apparel,752.21,0,1,0.2593,2632.9,1,1
ORD_100058,CUST_4202,Beauty,1269.93,0,1,0.108,3029.1,1,0
ORD_114418,CUST_1652,Electronics,1552.64,0,1,0.326,1309.9,6,0
ORD_112392,CUST_4063,Footwear,1509.58,3,0,0.0793,2329.5,1,0
ORD_102028,CUST_4598,Apparel,1872.43,0,1,0.0925,1299.1,1,0
ORD_108467,CUST_1171,Apparel,329.87,0,1,0.1861,1830.9,1,1
ORD_112120,CUST_4745,Home & Kitchen,3205.74,1,0,0.3922,2797.1,6,1
ORD_102587,CUST_2927,Apparel,339.48,0,0,0.1399,850.3,1,0
ORD_104044,CUST_3423,Footwear,519.42,2,1,0.3086,1821.2,1,0
ORD_105347,CUST_4871,Apparel,2243.86,0,0,0.085,2678.0,1,0
ORD_106011,CUST_4386,Home & Kitchen,516.54,0,1,0.2012,721.0,3,0
ORD_106433,CUST_2895,Electronics,1472.62,1,1,0.1363,3052.8,2,0
ORD_107989,CUST_4605,Apparel,531.76,2,1,0.0739,810.6,1,0
ORD_112952,CUST_2478,Home & Kitchen,1078.2,0,1,0.3693,1680.7,1,0
ORD_113039,CUST_4003,Footwear,684.27,0,1,0.0804,868.3,1,0
ORD_112986,CUST_2161,Beauty,397.4,1,0,0.0617,917.6,1,0
ORD_105043,CUST_4145,Apparel,1460.46,3,1,0.1599,2529.0,3,0
ORD_100750,CUST_4465,Apparel,435.37,2,0,0.0313,1975.6,12,0
ORD_108414,CUST_3315,Electronics,1452.95,0,1,0.1351,1463.5,1,0
ORD_101677,CUST_3065,Home & Kitchen,4902.98,1,1,0.3082,2819.0,3,0
ORD_101868,CUST_1129,Apparel,916.34,3,1,0.1028,2834.7,1,0
ORD_110532,CUST_3577,Apparel,412.46,2,1,0.1694,195.5,1,1
ORD_102772,CUST_2184,Electronics,1993.87,0,1,0.3566,1856.6,1,0
ORD_107987,CUST_4791,Home & Kitchen,3219.62,1,1,0.1829,2489.3,1,0
ORD_109001,CUST_2635,Footwear,1666.73,1,1,0.3945,2539.3,12,1
ORD_107577,CUST_3905,Beauty,1426.42,1,0,0.1038,3334.5,1,0
ORD_107700,CUST_4319,Home & Kitchen,972.42,1,1,0.1051,1262.8,12,0
ORD_113949,CUST_1904,Home & Kitchen,509.87,0,0,0.1645,1689.4,1,1
ORD_105258,CUST_1540,Electronics,3206.15,0,0,0.312,1311.1,3,1
ORD_109794,CUST_2716,Footwear,1863.99,0,1,0.1475,1439.9,1,1
ORD_101494,CUST_2658,Apparel,885.19,4,0,0.0211,1038.3,3,0
ORD_101233,CUST_3797,Home & Kitchen,2826.03,0,1,0.1532,396.2,2,1
ORD_103277,CUST_2811,Home & Kitchen,662.51,0,0,0.2539,1418.0,1,0
ORD_108502,CUST_2886,Home & Kitchen,568.68,2,1,0.1619,2536.3,1,1
ORD_106816,CUST_2052,Electronics,563.77,0,0,0.2227,2842.1,6,0
ORD_114315,CUST_4677,Apparel,516.36,1,0,0.105,1246.5,2,0
ORD_105537,CUST_1666,Footwear,1158.67,7,0,0.0434,2321.0,1,0
ORD_113381,CUST_3806,Apparel,3389.14,0,1,0.201,2888.8,1,0
ORD_109310,CUST_4888,Home & Kitchen,1178.32,0,0,0.6188,2786.5,1,0
ORD_109726,CUST_3971,Home & Kitchen,1545.04,0,1,0.1739,3499.5,1,0
ORD_113375,CUST_2949,Footwear,842.2,1,1,0.0627,3031.2,3,1
ORD_101918,CUST_3120,Footwear,1135.33,3,1,0.1658,3083.8,6,0
ORD_114310,CUST_2405,Footwear,612.99,0,0,0.0524,2121.5,1,0
ORD_107793,CUST_1719,Home & Kitchen,761.97,4,1,0.2519,1998.4,1,0
ORD_105199,CUST_4171,Electronics,1165.01,0,1,0.2303,1967.7,1,0
ORD_105801,CUST_2497,Home & Kitchen,386.76,0,1,0.1588,3052.6,2,1
ORD_114582,CUST_3938,Home & Kitchen,1038.22,0,1,0.2023,1711.9,1,1
ORD_110215,CUST_3415,Electronics,1927.12,2,0,0.371,2942.1,6,0
ORD_113414,CUST_4497,Apparel,486.62,0,1,0.2461,1920.4,2,0
ORD_114482,CUST_2113,Footwear,615.66,0,0,0.3912,1420.2,1,1
ORD_105591,CUST_3780,Home & Kitchen,2532.69,1,1,0.2683,1754.5,1,1
ORD_110480,CUST_2687,Apparel,828.45,1,1,0.2093,483.3,1,1
ORD_114896,CUST_4563,Apparel,2815.79,0,0,0.0153,945.6,1,0
ORD_108813,CUST_2554,Apparel,1472.43,2,1,0.1271,3098.2,6,0
ORD_112119,CUST_3004,Apparel,1130.02,2,1,0.327,2177.8,3,0
ORD_101946,CUST_2040,Footwear,500.26,4,1,0.1223,1789.8,1,0
ORD_102051,CUST_2804,Apparel,533.69,0,0,0.2758,407.4,1,0
ORD_100070,CUST_1241,Apparel,908.62,0,0,0.0728,948.1,6,0
ORD_106691,CUST_4839,Home & Kitchen,1937.14,0,1,0.4153,438.2,1,0
ORD_101390,CUST_2943,Apparel,3731.29,0,1,0.5059,2272.7,1,1
ORD_106930,CUST_4542,Footwear,1531.5,3,1,0.1492,1543.7,1,0
ORD_114491,CUST_2361,Footwear,427.23,0,0,0.1523,358.5,1,0
ORD_109740,CUST_2403,Footwear,1213.58,0,0,0.0912,1219.4,1,1
ORD_106896,CUST_1583,Apparel,1063.16,0,0,0.0698,3207.2,2,0
ORD_101613,CUST_4281,Footwear,511.24,0,1,0.0715,3112.0,1,0
ORD_113208,CUST_2032,Beauty,1081.13,1,1,0.3422,657.8,1,1
ORD_103345,CUST_4850,Footwear,412.96,0,1,0.0601,3271.1,1,0
ORD_101670,CUST_4376,Electronics,1647.73,2,0,0.138,1418.8,1,0
ORD_109297,CUST_2858,Electronics,498.26,0,0,0.3327,3139.9,1,1
ORD_100552,CUST_1853,Apparel,1365.61,0,1,0.1501,1166.6,1,0
ORD_109382,CUST_3944,Apparel,560.83,1,1,0.1851,517.3,1,0
ORD_114686,CUST_1011,Electronics,3450.0,3,1,0.2726,3209.4,1,0
ORD_110373,CUST_4691,Home & Kitchen,513.06,0,1,0.1329,899.3,2,0
ORD_103129,CUST_3875,Footwear,490.7,0,0,0.0482,2590.1,6,1
ORD_105634,CUST_1474,Apparel,1364.15,0,1,0.3265,1279.4,12,0
ORD_111275,CUST_4645,Electronics,5508.35,0,0,0.2482,1999.8,1,0
ORD_100333,CUST_3811,Footwear,1196.53,0,0,0.2772,694.3,1,0
ORD_104945,CUST_1578,Apparel,705.63,1,0,0.1348,3474.7,6,0
ORD_107010,CUST_4779,Beauty,1156.29,2,0,0.2686,3217.7,2,0
ORD_110051,CUST_2227,Electronics,459.55,0,1,0.1984,2703.2,1,0
ORD_105677,CUST_3727,Electronics,573.09,2,1,0.0787,1845.9,1,0
ORD_108407,CUST_4715,Home & Kitchen,2049.66,0,0,0.0216,1648.6,3,0
ORD_105370,CUST_2006,Beauty,518.25,0,0,0.1236,611.5,6,0
ORD_105918,CUST_4548,Electronics,396.08,0,0,0.0413,318.6,1,0
ORD_107894,CUST_2182,Home & Kitchen,1854.53,2,0,0.2068,696.4,1,0
ORD_103968,CUST_1370,Footwear,2447.5,0,1,0.2394,2005.9,3,0
ORD_111902,CUST_1102,Electronics,3142.55,0,0,0.1956,293.8,1,0
ORD_107186,CUST_1071,Electronics,5355.1,1,0,0.0696,1967.5,1,0
ORD_111892,CUST_4736,Footwear,3222.7,2,0,0.3427,692.2,1,1
ORD_114354,CUST_3973,Electronics,2704.4,0,0,0.1785,1270.0,1,0
ORD_111286,CUST_3204,Footwear,4091.14,0,1,0.0906,2232.8,2,0
ORD_111306,CUST_2745,Electronics,1136.7,1,1,0.1642,2796.4,2,0
ORD_111125,CUST_3808,Footwear,1449.89,3,1,0.0134,2395.4,1,1
ORD_104533,CUST_4339,Footwear,326.45,0,1,0.2491,1910.4,1,1
ORD_108376,CUST_1290,Home & Kitchen,501.91,1,0,0.0324,786.3,1,0
ORD_100982,CUST_3799,Footwear,916.23,4,1,0.1343,2379.7,1,0
ORD_105479,CUST_3895,Apparel,1849.82,3,1,0.1904,861.0,2,0
ORD_103642,CUST_4537,Electronics,524.55,1,1,0.0788,1346.3,12,0
ORD_111809,CUST_2023,Apparel,1323.91,2,0,0.0193,3005.1,2,0
ORD_100914,CUST_4627,Footwear,797.64,0,0,0.1552,1380.7,1,0
ORD_107195,CUST_1882,Electronics,1499.15,1,1,0.0906,730.5,6,0
ORD_109638,CUST_4504,Footwear,471.54,1,1,0.0989,2165.7,2,0
ORD_103133,CUST_3475,Home & Kitchen,2852.58,2,1,0.2604,1240.7,1,0
ORD_103535,CUST_3567,Apparel,315.36,0,1,0.0929,3378.8,3,0
ORD_112226,CUST_4058,Apparel,6707.18,0,1,0.2666,986.2,2,0
ORD_110844,CUST_4993,Footwear,928.33,1,1,0.5044,1337.4,1,1
ORD_114147,CUST_2025,Apparel,1593.76,0,1,0.1945,1678.5,3,0
ORD_105334,CUST_2241,Electronics,1733.26,1,0,0.163,1677.9,1,0
ORD_108311,CUST_4618,Footwear,3107.65,1,0,0.3315,1190.7,1,0
ORD_111120,CUST_3290,Home & Kitchen,561.07,0,0,0.3126,2230.0,1,0
ORD_103916,CUST_3014,Home & Kitchen,309.25,3,0,0.1307,938.2,1,0
ORD_113875,CUST_2076,Apparel,752.06,0,0,0.2195,1877.5,1,0
ORD_113742,CUST_2388,Home & Kitchen,5012.87,1,0,0.1078,1022.0,1,0
ORD_105251,CUST_3158,Home & Kitchen,702.2,0,1,0.0567,3048.4,1,0
ORD_104686,CUST_1125,Electronics,4089.3,0,0,0.1602,946.9,1,0
ORD_104800,CUST_3320,Apparel,1973.27,0,1,0.2886,2762.9,1,1
ORD_105424,CUST_1989,Apparel,886.29,0,0,0.2263,1121.5,1,0
ORD_110606,CUST_3064,Home & Kitchen,336.04,0,1,0.0434,379.9,2,1
ORD_113480,CUST_4199,Beauty,1087.67,4,1,0.2637,879.7,1,0
ORD_109291,CUST_1498,Footwear,1026.44,1,0,0.1355,2618.9,1,0
ORD_109959,CUST_1454,Apparel,1703.08,0,1,0.0389,2656.0,2,1
ORD_101727,CUST_4122,Footwear,3789.38,0,1,0.083,1025.2,1,0
ORD_106007,CUST_3008,Apparel,500.09,2,0,0.1993,2691.3,1,0
ORD_112481,CUST_2503,Apparel,1309.46,0,0,0.1333,1713.6,1,0
ORD_114325,CUST_3861,Home & Kitchen,1940.42,0,0,0.3679,3004.4,1,0
ORD_109386,CUST_3757,Home & Kitchen,369.04,2,0,0.2912,550.7,1,0
ORD_110242,CUST_4310,Apparel,2356.48,0,0,0.3446,3401.2,1,0
ORD_100999,CUST_4313,Electronics,1076.49,0,1,0.186,3173.1,12,0
ORD_109598,CUST_1912,Footwear,1587.23,0,0,0.4754,1107.9,1,0
ORD_108646,CUST_1147,Beauty,2612.31,0,0,0.2766,1736.6,1,0
ORD_104386,CUST_2327,Beauty,732.8,0,0,0.0913,2276.7,1,0
ORD_101046,CUST_4156,Home & Kitchen,773.78,2,1,0.323,3459.0,1,0
ORD_104409,CUST_3485,Electronics,456.93,3,1,0.2833,2568.3,1,0
ORD_103072,CUST_3852,Footwear,3005.05,0,0,0.2257,686.1,1,0
ORD_111083,CUST_3451,Apparel,618.55,0,1,0.022,564.8,1,0
ORD_109065,CUST_4807,Beauty,3418.88,1,1,0.0292,1929.3,1,0
ORD_103272,CUST_3906,Apparel,1947.76,1,0,0.059,550.7,2,0
ORD_108084,CUST_4789,Electronics,2094.85,0,1,0.5925,1581.1,1,1
ORD_102259,CUST_1825,Electronics,2758.36,0,1,0.0385,3028.7,1,0
ORD_100137,CUST_4910,Footwear,1570.7,0,1,0.4298,3055.3,1,0
ORD_108230,CUST_2230,Apparel,426.9,2,0,0.2187,955.7,3,1
ORD_110405,CUST_2216,Beauty,449.49,2,1,0.1854,1567.2,6,0
ORD_114907,CUST_4127,Electronics,931.29,0,1,0.2695,637.5,1,1
ORD_100084,CUST_1034,Footwear,2882.39,3,0,0.166,1180.0,1,0
ORD_114927,CUST_1552,Beauty,2435.97,0,1,0.2194,2117.1,3,1
ORD_110041,CUST_3532,Electronics,1417.95,5,1,0.3597,389.4,1,1
ORD_104422,CUST_4890,Footwear,373.63,2,1,0.2521,499.3,3,0
ORD_107199,CUST_3910,Beauty,2084.69,0,0,0.1169,2389.8,2,0
ORD_100404,CUST_2884,Apparel,3872.16,3,0,0.0075,827.6,1,0
ORD_112181,CUST_1875,Electronics,1157.05,0,1,0.2615,1510.1,1,0
ORD_106658,CUST_2698,Electronics,552.93,0,0,0.0933,3193.5,1,0
ORD_105610,CUST_3201,Apparel,2375.99,2,1,0.2264,554.0,1,0
ORD_106619,CUST_4191,Apparel,310.8,0,0,0.111,436.3,1,0
ORD_103456,CUST_3601,Electronics,451.26,3,1,0.1937,3065.1,1,1
ORD_102777,CUST_1489,Footwear,342.35,0,1,0.2545,3339.1,1,0
ORD_109023,CUST_4226,Apparel,410.3,0,1,0.1117,1321.7,6,0
ORD_114496,CUST_1671,Home & Kitchen,2689.23,0,0,0.0882,1403.2,3,1
ORD_114718,CUST_1416,Home & Kitchen,929.09,7,1,0.1843,2900.7,3,0
ORD_111166,CUST_1675,Electronics,477.44,0,1,0.0424,1780.5,1,0
ORD_105148,CUST_4607,Home & Kitchen,2084.23,1,1,0.2595,3238.2,1,0
ORD_102775,CUST_2229,Beauty,1271.16,0,1,0.1185,765.0,1,0
ORD_109436,CUST_3847,Electronics,3318.55,2,0,0.3037,2668.8,6,0
ORD_101419,CUST_3317,Apparel,3462.52,0,0,0.1363,1676.3,1,0
ORD_111984,CUST_2945,Apparel,848.0,3,0,0.3591,334.9,1,0
ORD_108440,CUST_4837,Apparel,1152.95,0,1,0.2434,2897.0,1,0
ORD_105715,CUST_4622,Home & Kitchen,720.16,0,1,0.2375,1586.8,1,0
ORD_114877,CUST_3635,Electronics,937.93,3,0,0.193,1533.9,2,1
ORD_101683,CUST_1193,Home & Kitchen,1867.18,10,0,0.0703,3209.5,1,0
ORD_104951,CUST_3958,Electronics,687.21,7,1,0.2158,366.6,1,1
ORD_111441,CUST_1280,Home & Kitchen,3027.64,0,0,0.2453,1288.8,1,0
ORD_114440,CUST_1765,Beauty,422.05,0,0,0.2545,2060.1,6,0
ORD_111295,CUST_1719,Electronics,356.59,0,1,0.0204,2322.5,2,0
ORD_100649,CUST_2008,Beauty,1593.98,0,0,0.2326,2656.4,12,0
ORD_101959,CUST_4152,Apparel,1053.09,1,1,0.4361,2982.0,1,1
ORD_114273,CUST_4856,Home & Kitchen,4773.05,1,0,0.1795,2707.6,3,0
ORD_105499,CUST_3801,Footwear,618.39,0,0,0.532,1702.0,1,0
ORD_106385,CUST_3463,Footwear,563.83,2,0,0.1775,241.0,2,1
ORD_109290,CUST_4253,Electronics,2953.65,0,1,0.1825,1857.0,1,0
ORD_106971,CUST_1529,Footwear,3804.57,0,0,0.1828,1386.2,1,1
ORD_109781,CUST_3666,Footwear,391.78,3,0,0.4111,2617.7,1,1
ORD_110227,CUST_2173,Beauty,786.99,0,1,0.346,965.8,1,0
ORD_104426,CUST_4740,Apparel,1550.03,0,1,0.166,1505.5,1,0
ORD_112167,CUST_3100,Apparel,2267.44,0,1,0.5974,2922.2,1,0
ORD_113140,CUST_2360,Footwear,866.93,2,0,0.2447,721.6,1,0
ORD_104198,CUST_1587,Home & Kitchen,1535.61,0,0,0.2298,782.3,2,1
ORD_109203,CUST_1847,Home & Kitchen,1194.41,0,0,0.1038,3117.8,1,0
ORD_110711,CUST_3486,Electronics,1538.86,10,0,0.1491,530.5,1,1
ORD_107971,CUST_4864,Apparel,392.05,2,0,0.3357,279.6,2,0
ORD_111430,CUST_3428,Beauty,547.06,3,1,0.1074,2617.8,1,1
ORD_111274,CUST_3056,Home & Kitchen,1794.1,0,0,0.0124,1933.7,2,0
ORD_109467,CUST_4140,Electronics,630.41,1,0,0.1795,1724.3,2,0
ORD_110320,CUST_2729,Electronics,1645.75,0,1,0.1748,1430.2,6,0
ORD_106533,CUST_2705,Beauty,4108.38,0,1,0.1161,233.4,1,1
ORD_107048,CUST_2260,Electronics,2145.61,1,0,0.0963,2874.8,3,0
ORD_108353,CUST_4377,Apparel,3212.3,4,0,0.0709,2015.6,1,0
ORD_109305,CUST_1469,Home & Kitchen,1603.98,5,0,0.1351,1914.4,3,1
ORD_100462,CUST_2215,Apparel,661.42,1,1,0.2779,3467.1,3,0
ORD_101516,CUST_1129,Home & Kitchen,4235.0,1,0,0.0358,1015.8,1,0
ORD_107566,CUST_2774,Apparel,3742.28,1,0,0.2032,1065.1,1,1
ORD_102658,CUST_1529,Apparel,2118.9,0,0,0.0737,3171.6,3,0
ORD_108786,CUST_3676,Apparel,2326.74,1,1,0.3043,475.2,1,0
ORD_101258,CUST_4596,Apparel,1321.0,0,1,0.1664,3421.8,1,0
ORD_112982,CUST_4854,Electronics,2716.04,2,1,0.1494,1602.4,1,0
ORD_113007,CUST_3653,Footwear,824.14,5,1,0.078,2847.4,1,1
ORD_110577,CUST_1403,Apparel,2636.24,5,1,0.0942,465.0,1,0
ORD_111685,CUST_4998,Electronics,2247.37,0,1,0.2159,1424.2,1,0
ORD_101517,CUST_4482,Apparel,978.4,0,0,0.0588,1329.6,1,0
ORD_106752,CUST_3324,Beauty,489.84,0,0,0.2808,831.9,6,0
ORD_106861,CUST_4814,Apparel,1117.77,0,1,0.4078,3115.6,6,0
ORD_109734,CUST_2102,Apparel,946.05,3,0,0.2467,2140.3,1,1
ORD_114754,CUST_1439,Apparel,695.16,1,1,0.2555,581.5,1,0
ORD_112363,CUST_1968,Home & Kitchen,1761.98,2,1,0.1726,723.2,1,0
ORD_102354,CUST_3006,Home & Kitchen,1494.17,0,1,0.1058,2327.0,1,0
ORD_107237,CUST_4218,Apparel,804.41,0,0,0.1341,1274.1,3,0
ORD_110179,CUST_4019,Electronics,981.52,1,1,0.1479,707.5,6,0
ORD_113199,CUST_3966,Apparel,6601.49,0,1,0.2782,890.4,1,1
ORD_103546,CUST_4839,Footwear,721.74,0,0,0.2982,2365.1,1,0
ORD_108043,CUST_4729,Apparel,600.23,4,0,0.4825,2986.4,1,0
ORD_113407,CUST_3713,Apparel,1388.75,2,0,0.2703,241.7,3,0
ORD_114218,CUST_1497,Apparel,1702.87,1,1,0.1284,3414.2,6,1
ORD_100217,CUST_2722,Home & Kitchen,628.91,0,1,0.459,3090.9,1,1
ORD_106098,CUST_1945,Footwear,1444.96,1,1,0.156,1116.1,1,0
ORD_111500,CUST_4737,Electronics,393.89,3,1,0.109,178.2,1,0
ORD_107179,CUST_3187,Electronics,388.95,3,1,0.2937,2031.8,1,1
ORD_100467,CUST_2243,Apparel,1323.98,10,1,0.0512,3435.9,1,1
ORD_112315,CUST_2031,Footwear,802.57,0,0,0.1835,1461.9,1,0
ORD_108099,CUST_1680,Electronics,1775.23,1,1,0.1019,616.6,1,1
ORD_114676,CUST_4574,Electronics,2542.83,2,1,0.1605,1257.5,1,1
ORD_106089,CUST_3040,Electronics,784.3,0,0,0.2033,3335.2,1,0
ORD_114108,CUST_4118,Electronics,953.89,0,0,0.1176,1503.1,1,0
ORD_113773,CUST_1442,Electronics,2128.17,3,1,0.202,1435.2,1,1
ORD_109401,CUST_3895,Beauty,1301.06,2,0,0.1819,393.5,1,0
ORD_109903,CUST_2579,Footwear,867.53,0,1,0.1701,3425.6,1,0
ORD_109049,CUST_2189,Apparel,525.09,2,1,0.2141,2203.1,1,1
ORD_110965,CUST_4382,Footwear,1754.27,0,0,0.3599,1602.6,1,0
ORD_106191,CUST_1120,Footwear,5322.9,0,1,0.2305,307.2,1,1
ORD_114602,CUST_4102,Electronics,2159.76,1,0,0.2188,2363.1,1,0
ORD_104999,CUST_4429,Home & Kitchen,941.16,0,1,0.0829,2172.3,1,0
ORD_103849,CUST_3301,Home & Kitchen,3142.76,0,0,0.1962,3145.9,1,0
ORD_103085,CUST_4325,Apparel,1003.03,2,0,0.1663,3153.6,1,0
ORD_113233,CUST_2051,Beauty,561.78,1,1,0.3486,299.3,1,0
ORD_100136,CUST_4928,Apparel,1049.49,2,1,0.3808,2443.3,1,1
ORD_107255,CUST_4359,Apparel,1595.43,10,1,0.3778,1877.7,3,1
ORD_104847,CUST_1882,Electronics,3993.3,0,1,0.072,180.2,1,1
ORD_114161,CUST_3214,Footwear,1706.11,5,1,0.2203,2293.9,12,1
ORD_103379,CUST_1123,Beauty,811.99,0,1,0.4025,623.5,1,1
ORD_107025,CUST_3235,Electronics,2483.45,2,1,0.2868,3215.2,3,1
ORD_101803,CUST_3768,Apparel,613.97,0,1,0.1655,279.8,2,0
ORD_100316,CUST_3931,Apparel,817.51,2,0,0.2634,1671.5,1,0
ORD_109270,CUST_2905,Apparel,1349.23,1,0,0.354,1896.3,1,0
ORD_102964,CUST_1323,Footwear,998.84,0,0,0.3282,615.1,1,0
ORD_111251,CUST_1139,Electronics,1013.38,0,1,0.2684,3338.4,1,0
ORD_100817,CUST_2062,Beauty,590.5,2,1,0.2031,2498.7,2,1
ORD_102204,CUST_4972,Footwear,465.54,0,1,0.2808,1904.8,1,1
ORD_105164,CUST_1912,Footwear,823.54,2,1,0.2042,2517.4,1,0
ORD_101306,CUST_2630,Apparel,558.17,0,0,0.0334,1939.6,2,0
ORD_109041,CUST_4609,Footwear,444.69,1,1,0.1597,2608.8,1,0
ORD_103701,CUST_1922,Apparel,391.24,0,1,0.3088,3278.5,6,0
ORD_112034,CUST_1559,Footwear,2513.71,0,0,0.1948,1787.1,1,0
ORD_103188,CUST_1236,Apparel,536.87,0,0,0.0883,969.1,3,0
ORD_100735,CUST_4974,Footwear,3206.1,1,0,0.3045,325.6,1,1
ORD_114394,CUST_2620,Apparel,1073.98,2,1,0.1008,1549.2,2,1
ORD_112112,CUST_2336,Apparel,1105.9,2,1,0.2264,1589.3,1,1
ORD_114559,CUST_1212,Beauty,2113.42,1,1,0.1493,883.6,6,0
ORD_111067,CUST_2148,Home & Kitchen,838.84,0,1,0.3838,2824.7,6,0
ORD_100596,CUST_2693,Footwear,469.09,0,0,0.0711,171.3,1,0
ORD_104075,CUST_2814,Apparel,631.93,0,0,0.0682,1871.7,1,0
ORD_102124,CUST_2607,Apparel,2436.6,7,1,0.5923,902.2,2,0
ORD_100029,CUST_1955,Home & Kitchen,846.89,1,0,0.1929,1463.1,6,0
ORD_110519,CUST_2070,Home & Kitchen,300.83,1,1,0.0408,728.0,6,0
ORD_112964,CUST_1712,Apparel,1606.06,1,1,0.1286,3024.7,1,1
ORD_108281,CUST_3163,Apparel,2419.94,0,0,0.4143,1617.9,6,0
ORD_100802,CUST_2390,Apparel,336.52,0,0,0.0332,2342.1,1,1
ORD_113072,CUST_4258,Home & Kitchen,1691.52,0,0,0.2106,1263.7,1,0
ORD_101288,CUST_1876,Electronics,604.84,1,1,0.2966,380.2,6,0
ORD_101673,CUST_1285,Apparel,380.94,1,1,0.0549,873.5,12,0
ORD_111220,CUST_4407,Apparel,1761.78,0,1,0.2854,3364.4,1,0
ORD_105814,CUST_3535,Apparel,1598.28,3,1,0.4375,2078.9,1,0
ORD_104205,CUST_2241,Apparel,320.42,3,1,0.1003,832.7,1,1
ORD_112558,CUST_2341,Apparel,1990.74,0,1,0.4807,2826.8,1,1
ORD_108347,CUST_1329,Footwear,3005.75,0,1,0.1579,3198.0,3,1
ORD_101292,CUST_2312,Apparel,5776.09,0,1,0.1984,2125.9,1,0
ORD_104749,CUST_3685,Electronics,1506.73,2,1,0.0718,368.1,6,0
ORD_114833,CUST_1688,Footwear,2317.32,1,1,0.0537,193.2,1,0
ORD_100932,CUST_4473,Footwear,323.16,0,0,0.1765,2084.9,1,1
ORD_113200,CUST_1235,Beauty,1398.43,0,1,0.3887,2556.0,1,0
ORD_109355,CUST_3472,Home & Kitchen,944.09,0,1,0.1905,1975.8,1,0
ORD_105879,CUST_2924,Home & Kitchen,1127.13,0,1,0.1853,1285.7,1,1
ORD_102361,CUST_3000,Apparel,2482.91,0,0,0.5002,374.9,1,0
ORD_103139,CUST_2735,Electronics,490.85,2,0,0.1883,2328.4,2,0
ORD_104707,CUST_3973,Apparel,365.87,0,1,0.0058,3433.3,1,0
ORD_112445,CUST_2678,Electronics,685.57,0,1,0.4448,682.6,1,0
ORD_101872,CUST_4776,Apparel,312.41,5,1,0.1416,2595.7,1,1
ORD_112492,CUST_4024,Beauty,318.16,0,1,0.1991,3173.6,3,0
ORD_100216,CUST_4910,Footwear,2012.9,0,1,0.4553,1318.3,1,1
ORD_103041,CUST_1719,Apparel,2156.92,0,0,0.2738,2916.2,1,0
ORD_108897,CUST_1787,Beauty,996.88,0,1,0.1249,491.7,1,0
ORD_107313,CUST_2028,Electronics,2100.08,10,1,0.2778,1297.1,2,1
ORD_109471,CUST_2913,Apparel,2116.07,0,1,0.118,3396.0,1,1
ORD_101876,CUST_2394,Electronics,1117.4,7,0,0.1296,1418.1,1,0
ORD_109452,CUST_2433,Home & Kitchen,392.47,0,1,0.4334,2049.4,1,1
ORD_104705,CUST_2457,Footwear,623.43,0,0,0.077,689.8,1,1
ORD_110082,CUST_4823,Electronics,569.55,3,0,0.2892,2379.7,1,0
ORD_105301,CUST_3602,Electronics,3943.76,2,1,0.0391,1340.1,1,0
ORD_113341,CUST_2567,Beauty,430.67,1,1,0.1644,2664.0,1,0
ORD_102433,CUST_1692,Apparel,1072.01,0,1,0.3171,1879.3,1,1
ORD_102545,CUST_2287,Apparel,2291.8,3,1,0.6075,1803.4,1,0
ORD_102009,CUST_1614,Apparel,2581.96,0,0,0.1712,3291.8,1,0
ORD_103847,CUST_4696,Home & Kitchen,1353.51,3,1,0.1517,322.9,1,0
ORD_103918,CUST_4800,Footwear,1111.51,2,0,0.4735,391.6,1,0
ORD_114317,CUST_3586,Footwear,486.84,4,1,0.3047,1385.0,1,0
ORD_112936,CUST_1252,Footwear,3434.76,0,1,0.1854,2875.6,1,0
ORD_104334,CUST_1397,Home & Kitchen,1099.62,0,0,0.2045,330.0,1,1
ORD_101049,CUST_2901,Apparel,391.3,0,0,0.1024,1902.2,3,0
ORD_114074,CUST_2637,Home & Kitchen,746.39,2,0,0.4015,787.8,6,0
ORD_112075,CUST_2422,Electronics,2123.0,4,1,0.3878,2535.0,6,1
ORD_112103,CUST_1974,Electronics,3072.98,1,1,0.1121,2646.9,2,0
ORD_100500,CUST_1569,Apparel,1911.07,7,1,0.3176,1915.3,1,1
ORD_106127,CUST_4821,Apparel,903.0,0,1,0.0606,2681.4,2,1
ORD_103975,CUST_3208,Apparel,2933.02,1,1,0.0594,910.5,2,0
ORD_103083,CUST_3556,Footwear,1408.31,3,1,0.3283,2412.3,1,0
ORD_108491,CUST_4243,Electronics,1877.78,3,1,0.32,1017.8,1,0
ORD_113974,CUST_1411,Electronics,1955.74,1,1,0.0292,1484.5,1,0
ORD_105487,CUST_3525,Apparel,490.97,2,0,0.1259,2229.0,1,0
ORD_102190,CUST_1520,Beauty,593.3,0,0,0.1723,1384.8,1,0
ORD_114248,CUST_3116,Apparel,4533.94,0,0,0.1423,2792.1,1,0
ORD_111432,CUST_1541,Footwear,1253.45,1,0,0.1016,1087.6,2,0
ORD_103409,CUST_4662,Electronics,2259.63,0,0,0.4501,1315.4,1,1
ORD_107282,CUST_3417,Footwear,375.57,0,1,0.0644,1624.4,1,0
ORD_100827,CUST_4234,Electronics,574.23,1,1,0.1572,1402.0,3,1
ORD_104410,CUST_4659,Electronics,656.59,0,1,0.0322,2677.0,1,0
ORD_104976,CUST_2098,Apparel,370.82,0,1,0.4845,1788.7,3,0
ORD_111831,CUST_4430,Electronics,784.74,1,1,0.084,657.6,1,0
ORD_104949,CUST_2572,Beauty,1796.14,0,1,0.3469,3140.1,2,0
ORD_102878,CUST_4525,Apparel,1009.11,0,1,0.1581,769.8,1,1
ORD_111034,CUST_1602,Beauty,544.32,1,1,0.5563,2311.4,1,1
ORD_104969,CUST_1801,Apparel,363.34,4,1,0.1816,2994.9,1,1
ORD_106938,CUST_3143,Apparel,676.19,4,0,0.0928,2402.7,1,0
ORD_108128,CUST_4795,Apparel,1488.45,1,1,0.1488,2802.3,1,0
ORD_110302,CUST_1044,Footwear,985.47,0,0,0.1004,2823.9,1,0
ORD_114757,CUST_1976,Beauty,1296.47,0,0,0.1599,1234.9,2,0
ORD_102603,CUST_3920,Footwear,777.98,0,1,0.2971,2280.3,2,0
ORD_110939,CUST_2005,Beauty,594.94,2,0,0.0849,1523.5,1,0
ORD_111017,CUST_2430,Footwear,1310.86,1,1,0.0774,1308.0,1,1
ORD_102898,CUST_1916,Beauty,668.55,1,1,0.5155,519.8,1,1
ORD_110848,CUST_2582,Apparel,1303.8,0,1,0.2324,2191.1,1,0
ORD_113405,CUST_2151,Beauty,422.02,10,1,0.0374,3281.5,1,0
ORD_113370,CUST_4896,Beauty,1027.73,2,0,0.1055,1997.0,2,0
ORD_107545,CUST_1431,Beauty,385.95,1,1,0.1292,3053.2,1,1
ORD_112864,CUST_2685,Beauty,572.37,7,0,0.167,2863.9,6,1
ORD_113289,CUST_4937,Footwear,3706.53,1,0,0.1473,3287.5,1,0
ORD_109539,CUST_1129,Home & Kitchen,1722.85,3,0,0.222,2797.5,1,0
ORD_105827,CUST_1901,Beauty,452.37,2,1,0.5,1542.8,1,1
ORD_100052,CUST_1562,Footwear,1054.89,1,0,0.0703,187.5,3,0
ORD_109036,CUST_2462,Beauty,648.92,3,0,0.2115,1338.5,1,0
ORD_108321,CUST_1684,Beauty,3533.49,1,1,0.1126,463.4,1,0
ORD_112937,CUST_1965,Apparel,2771.74,4,0,0.0846,2899.1,1,1
ORD_105311,CUST_1330,Apparel,2321.2,0,1,0.1436,3449.0,1,1
ORD_108512,CUST_1953,Electronics,872.02,1,0,0.1175,1465.1,1,0
ORD_105612,CUST_4716,Footwear,1388.99,2,0,0.2359,849.5,2,1
ORD_101054,CUST_4843,Apparel,871.18,7,1,0.1022,1099.0,6,0
ORD_107335,CUST_2711,Footwear,1821.5,0,1,0.2321,432.0,1,0
ORD_100168,CUST_4645,Home & Kitchen,2570.85,1,0,0.3396,163.7,6,0
ORD_110972,CUST_4161,Apparel,971.26,0,0,0.1555,163.0,1,0
ORD_106299,CUST_1498,Apparel,1377.61,0,0,0.0805,1877.0,3,1
ORD_107694,CUST_2750,Electronics,2724.86,3,1,0.1185,2686.7,1,0
ORD_111585,CUST_2598,Apparel,1012.68,0,1,0.27,2984.3,1,0
ORD_100323,CUST_3191,Electronics,543.29,1,1,0.1094,1073.6,1,0
ORD_102957,CUST_2147,Beauty,5125.33,0,1,0.3799,1741.1,1,0
ORD_104678,CUST_4515,Home & Kitchen,1639.21,0,0,0.2016,455.3,1,0
ORD_100490,CUST_3975,Footwear,519.27,0,1,0.3,3360.2,1,0
ORD_100364,CUST_1623,Apparel,1762.47,0,0,0.4606,295.6,1,1
ORD_100658,CUST_3521,Beauty,937.11,5,0,0.304,363.1,1,0
ORD_106977,CUST_3153,Home & Kitchen,380.82,3,0,0.2338,171.3,2,1
ORD_111814,CUST_3829,Home & Kitchen,432.87,4,1,0.226,1640.0,1,1
ORD_102037,CUST_4232,Footwear,320.08,0,0,0.2063,3034.6,6,0
ORD_110505,CUST_3044,Apparel,1086.16,1,0,0.3096,1527.6,1,0
ORD_104664,CUST_3487,Apparel,1100.08,4,1,0.0659,2647.4,1,0
ORD_107030,CUST_4203,Apparel,7612.22,2,1,0.2217,1723.8,1,1
ORD_104362,CUST_4944,Electronics,707.71,1,0,0.0916,2720.3,3,0
ORD_114285,CUST_4249,Electronics,1489.05,0,1,0.3001,3220.9,1,0
ORD_103948,CUST_3246,Home & Kitchen,2804.17,0,1,0.3201,2646.8,2,0
ORD_109266,CUST_3365,Apparel,696.65,0,0,0.2236,531.0,1,1
ORD_106980,CUST_3878,Apparel,870.04,0,0,0.1125,2457.0,1,0
ORD_112335,CUST_4758,Apparel,979.88,1,0,0.1147,2640.4,6,0
ORD_109583,CUST_1116,Footwear,445.73,0,1,0.3687,481.6,6,1
ORD_109450,CUST_2302,Footwear,1453.2,0,0,0.1254,680.1,3,0
ORD_111244,CUST_4368,Electronics,1576.9,2,1,0.1669,1435.5,1,0
ORD_111385,CUST_3008,Footwear,438.2,0,0,0.1485,3273.0,1,0
ORD_107435,CUST_3504,Apparel,401.99,3,1,0.2067,3238.9,1,0
ORD_113022,CUST_1087,Home & Kitchen,478.7,1,0,0.3056,1935.3,1,0
ORD_104174,CUST_3692,Home & Kitchen,946.76,0,1,0.2965,698.4,1,0
ORD_108884,CUST_3668,Electronics,407.8,0,1,0.2717,3309.6,3,0
ORD_108975,CUST_3899,Beauty,1850.27,2,1,0.0748,2952.1,1,0
ORD_103388,CUST_1767,Apparel,3933.58,0,0,0.1483,2122.1,1,0
ORD_100577,CUST_4691,Home & Kitchen,2838.54,10,0,0.229,565.4,1,0
ORD_103164,CUST_4619,Home & Kitchen,3749.51,2,1,0.0741,3041.7,6,0
ORD_113535,CUST_1076,Home & Kitchen,2665.17,1,1,0.111,2066.3,2,0
ORD_105870,CUST_1499,Home & Kitchen,2109.32,0,1,0.334,2778.6,1,0
ORD_100183,CUST_4289,Apparel,521.09,0,1,0.2584,3016.0,1,1
ORD_114745,CUST_3533,Apparel,2271.73,2,1,0.2268,2100.3,3,1
ORD_109344,CUST_4899,Footwear,330.01,0,0,0.3434,799.7,12,0
ORD_106813,CUST_4221,Electronics,1864.95,0,0,0.0959,3278.4,1,0
ORD_106927,CUST_2879,Home & Kitchen,2659.59,1,0,0.1635,605.6,1,0
ORD_113221,CUST_4420,Footwear,1958.6,3,1,0.2518,288.6,1,0
ORD_111822,CUST_3104,Apparel,721.33,1,1,0.1186,2157.2,3,1
ORD_112385,CUST_3432,Home & Kitchen,1109.37,0,0,0.1382,927.0,2,0
ORD_114913,CUST_3882,Beauty,1550.07,1,0,0.0636,718.9,1,0
ORD_103365,CUST_3811,Electronics,1674.91,0,1,0.3588,1432.3,1,0
ORD_111196,CUST_2699,Home & Kitchen,683.02,2,0,0.1206,307.8,3,0
ORD_107856,CUST_1840,Apparel,4248.05,2,1,0.0364,1431.5,1,0
ORD_108131,CUST_4272,Apparel,1407.79,0,1,0.0583,2498.7,12,0
ORD_103244,CUST_1341,Apparel,619.18,1,1,0.0521,1843.0,1,1
ORD_104466,CUST_3800,Footwear,1226.5,0,0,0.0788,3141.3,6,0
ORD_110776,CUST_4964,Home & Kitchen,521.56,0,1,0.2119,976.6,1,1
ORD_109782,CUST_3404,Apparel,2022.7,0,1,0.1877,3410.9,1,0
ORD_104034,CUST_3438,Electronics,1174.07,0,0,0.0881,1716.3,1,0
ORD_102653,CUST_2269,Electronics,1943.89,5,0,0.1659,2264.7,1,1
ORD_103246,CUST_4172,Home & Kitchen,1505.44,0,1,0.1108,337.8,3,0
ORD_114713,CUST_2682,Footwear,1957.42,0,1,0.0152,1467.0,6,0
ORD_109715,CUST_1729,Home & Kitchen,2169.59,2,0,0.3231,1053.9,1,0
ORD_100668,CUST_2785,Home & Kitchen,831.64,1,1,0.1714,159.9,1,1
ORD_109550,CUST_4583,Footwear,1647.73,3,1,0.1353,1912.6,1,1
ORD_102088,CUST_1145,Electronics,540.95,3,0,0.476,1816.4,1,0
ORD_101637,CUST_1661,Apparel,815.56,1,0,0.2941,3337.0,2,0
ORD_103071,CUST_4503,Apparel,538.94,0,0,0.1206,2926.4,1,0
ORD_108319,CUST_3547,Electronics,990.12,0,0,0.4458,2707.0,1,0
ORD_112165,CUST_4582,Home & Kitchen,559.74,0,1,0.2417,434.9,1,1
ORD_111164,CUST_3545,Home & Kitchen,1778.78,0,1,0.052,2171.2,6,0
ORD_105356,CUST_3409,Apparel,1733.76,1,1,0.1037,3357.2,1,1
ORD_102568,CUST_4771,Apparel,866.39,0,1,0.1979,406.3,1,0
ORD_101509,CUST_4719,Apparel,1730.51,4,0,0.3434,922.0,1,1
ORD_112948,CUST_3315,Beauty,319.6,0,0,0.0527,426.7,3,0
ORD_112814,CUST_1604,Apparel,390.07,0,1,0.1054,168.6,1,0
ORD_112490,CUST_4453,Footwear,1462.16,0,0,0.308,2323.0,1,0
ORD_107375,CUST_2326,Home & Kitchen,4651.3,0,0,0.1049,1414.8,1,0
ORD_107560,CUST_3873,Footwear,322.87,0,0,0.1434,1517.2,6,0
ORD_106837,CUST_2204,Apparel,1980.96,1,1,0.1377,1800.2,1,0
ORD_102508,CUST_1001,Home & Kitchen,1650.88,1,0,0.2378,549.7,2,0
ORD_101709,CUST_2201,Apparel,3644.13,1,0,0.1239,1870.7,1,0
ORD_101914,CUST_3248,Electronics,3062.39,0,0,0.5331,2253.4,1,0
ORD_110973,CUST_2721,Apparel,496.32,0,0,0.1844,1286.0,2,0
ORD_114455,CUST_2872,Footwear,513.74,0,1,0.1109,2286.4,1,0
ORD_108770,CUST_1648,Beauty,1057.97,2,0,0.1525,755.1,2,0
ORD_107824,CUST_3074,Footwear,323.48,2,1,0.1856,2177.6,1,0
ORD_102972,CUST_1963,Beauty,1023.69,5,1,0.0535,2658.1,3,0
ORD_101761,CUST_1914,Electronics,916.18,1,1,0.0515,3453.6,1,0
ORD_100223,CUST_3604,Apparel,1591.07,1,1,0.1756,2955.5,1,1
ORD_100971,CUST_4775,Apparel,703.62,1,1,0.1265,1221.2,3,0
ORD_108208,CUST_4925,Electronics,2661.91,1,0,0.0663,1299.2,1,0
ORD_110267,CUST_1706,Apparel,1885.23,1,1,0.2436,2991.8,3,1
ORD_109664,CUST_2798,Home & Kitchen,696.12,0,1,0.2276,296.6,2,0
ORD_112670,CUST_4391,Beauty,320.77,0,1,0.1006,2112.3,1,0
ORD_100768,CUST_4440,Electronics,1175.4,0,1,0.1738,922.3,3,0
ORD_112700,CUST_2926,Apparel,6956.39,0,1,0.2449,1207.5,1,0
ORD_100185,CUST_3814,Electronics,732.24,1,1,0.3584,361.1,2,1
ORD_105402,CUST_2946,Apparel,611.12,1,0,0.1148,1351.9,6,0
ORD_110478,CUST_3243,Electronics,767.82,0,0,0.0918,2411.4,1,0
ORD_106859,CUST_3323,Apparel,747.99,1,1,0.1005,453.3,3,1
ORD_102390,CUST_1083,Footwear,2623.19,0,1,0.1287,197.8,1,0
ORD_108939,CUST_1571,Apparel,575.74,0,0,0.2419,407.5,1,0
ORD_110511,CUST_2099,Beauty,929.5,1,1,0.2455,1300.8,6,0
ORD_105422,CUST_2757,Apparel,480.77,1,1,0.5648,1408.2,12,0
ORD_103329,CUST_2884,Home & Kitchen,1595.31,2,1,0.1255,2924.3,1,0
ORD_106461,CUST_3621,Electronics,1527.77,0,0,0.1054,1340.2,1,0
ORD_108282,CUST_4701,Electronics,2791.95,2,0,0.2279,3101.7,1,0
ORD_114410,CUST_4276,Footwear,355.02,0,0,0.1673,2260.6,1,0
ORD_102358,CUST_1737,Home & Kitchen,589.0,3,0,0.2392,2856.0,1,0
ORD_114029,CUST_1924,Apparel,533.69,0,0,0.031,859.2,1,0
ORD_100482,CUST_1606,Beauty,3660.14,4,1,0.1969,1368.3,1,1
ORD_107823,CUST_3212,Electronics,2072.95,1,1,0.2526,3232.2,1,1
ORD_107063,CUST_2567,Electronics,2332.15,0,1,0.1272,1471.3,1,0
ORD_107000,CUST_2234,Footwear,2523.19,1,0,0.1313,3427.1,1,0
ORD_107956,CUST_1194,Footwear,1259.08,0,1,0.4314,2710.2,1,0
ORD_113454,CUST_3990,Footwear,737.98,0,1,0.2105,2104.6,6,0
ORD_107049,CUST_3805,Footwear,318.35,0,0,0.2519,3470.4,12,0
ORD_112739,CUST_2382,Beauty,1285.41,1,0,0.3396,2620.8,12,0
ORD_114105,CUST_3291,Beauty,510.7,2,1,0.3668,3118.3,1,0
ORD_112637,CUST_4179,Apparel,860.47,5,1,0.2015,1841.2,1,1
ORD_109930,CUST_2041,Footwear,1211.39,1,0,0.1732,2488.7,3,1
ORD_114253,CUST_4520,Home & Kitchen,2933.54,0,0,0.0946,2585.6,1,0
ORD_113053,CUST_3368,Footwear,641.3,3,0,0.0317,1072.5,1,0
ORD_114802,CUST_3684,Electronics,1585.34,2,0,0.2506,3076.2,1,0
ORD_112271,CUST_1622,Footwear,1455.04,7,1,0.1806,2262.8,2,0
ORD_103830,CUST_2582,Apparel,797.27,0,1,0.1437,590.6,1,0
ORD_111213,CUST_2582,Footwear,1252.72,1,0,0.2675,1244.1,3,0
ORD_105200,CUST_3668,Footwear,518.44,2,0,0.1866,2435.4,1,0
ORD_101177,CUST_3885,Apparel,3836.76,1,1,0.1143,206.3,1,0
ORD_111988,CUST_1270,Footwear,825.03,0,0,0.1054,1399.9,1,0
ORD_100586,CUST_1046,Home & Kitchen,1938.96,1,0,0.0428,1223.0,1,0
ORD_110452,CUST_1574,Footwear,687.47,0,0,0.1641,511.1,1,0
ORD_105569,CUST_3161,Apparel,1491.93,0,1,0.1426,387.4,1,1
ORD_100097,CUST_4893,Apparel,3096.98,4,0,0.1782,2377.3,1,0
ORD_106275,CUST_4443,Home & Kitchen,1994.07,1,0,0.7265,3443.4,1,0
ORD_112277,CUST_4986,Beauty,1108.29,1,0,0.0827,2940.6,1,0
ORD_100228,CUST_2051,Apparel,822.52,4,0,0.3744,683.8,1,1
ORD_108174,CUST_1007,Apparel,2933.15,0,1,0.1621,829.0,2,0
ORD_107937,CUST_1320,Apparel,1594.14,2,0,0.1186,220.9,1,0
ORD_102112,CUST_4390,Apparel,646.57,1,0,0.3239,1483.1,1,0
ORD_110901,CUST_4483,Apparel,1166.37,0,0,0.0417,3263.6,3,0
ORD_112970,CUST_3747,Apparel,380.38,0,1,0.0963,3104.2,1,0
ORD_107254,CUST_4641,Electronics,3419.2,1,0,0.1555,425.5,1,0
ORD_105407,CUST_2145,Apparel,2145.05,2,0,0.2254,2974.6,1,0
ORD_105841,CUST_2506,Apparel,1169.96,0,1,0.0986,730.4,1,0
ORD_103738,CUST_2929,Beauty,421.34,0,1,0.1238,1902.7,1,0
ORD_104010,CUST_4183,Apparel,1050.29,0,0,0.0914,949.2,3,0
ORD_103077,CUST_4231,Electronics,372.97,3,0,0.3765,1935.1,3,0
ORD_100865,CUST_4398,Electronics,4111.97,0,1,0.2169,3415.8,3,1
ORD_102915,CUST_4021,Apparel,1212.78,1,0,0.2015,2743.4,1,0
ORD_104172,CUST_4453,Apparel,1085.29,4,1,0.0533,1869.9,12,0
ORD_105895,CUST_1049,Footwear,1094.07,0,0,0.354,1266.2,1,0
ORD_103497,CUST_3134,Electronics,2126.73,10,0,0.3657,3419.3,3,1
ORD_114890,CUST_2762,Apparel,1737.65,2,1,0.0809,1377.2,6,0
ORD_102852,CUST_3408,Electronics,587.21,0,0,0.307,3386.9,1,0
ORD_110318,CUST_4578,Home & Kitchen,959.6,0,0,0.1494,408.1,2,0
ORD_107156,CUST_3761,Electronics,877.08,1,0,0.1164,804.7,1,0
ORD_111294,CUST_4302,Electronics,458.99,5,1,0.0888,1106.2,3,1
ORD_108096,CUST_4598,Beauty,1041.28,2,1,0.1637,3305.7,1,0
ORD_100347,CUST_2959,Footwear,2028.89,0,1,0.2358,1463.8,1,1
ORD_110150,CUST_1544,Footwear,653.96,1,0,0.0701,2658.9,1,1
ORD_112870,CUST_2924,Beauty,3450.62,0,1,0.2176,2517.4,1,0
ORD_109058,CUST_2894,Footwear,4685.62,0,0,0.0697,2690.8,1,0
ORD_109312,CUST_3929,Apparel,1674.43,1,1,0.2592,2766.4,2,1
ORD_109000,CUST_3917,Apparel,481.4,0,1,0.0851,853.7,1,0
ORD_105038,CUST_3384,Apparel,2597.53,0,1,0.1113,2131.6,1,0
ORD_105694,CUST_3798,Apparel,600.82,2,1,0.2107,1284.5,1,1
ORD_113931,CUST_3513,Footwear,3527.88,1,1,0.2509,174.4,1,1
ORD_105721,CUST_3708,Apparel,424.93,0,1,0.1331,3108.9,1,0
ORD_111684,CUST_3775,Electronics,384.13,0,1,0.1098,589.8,1,0
ORD_100367,CUST_1880,Apparel,767.67,1,1,0.0779,2879.3,6,0
ORD_104106,CUST_1467,Electronics,1293.8,1,0,0.0687,979.1,1,0
ORD_109900,CUST_2317,Apparel,1033.79,1,0,0.0593,584.6,1,0
ORD_111450,CUST_1922,Beauty,894.91,0,0,0.0841,1467.8,1,0
ORD_103437,CUST_3355,Home & Kitchen,370.1,0,1,0.4905,425.7,1,0
ORD_109422,CUST_3637,Home & Kitchen,1331.46,3,1,0.0874,577.7,1,0
ORD_102441,CUST_4224,Home & Kitchen,866.89,5,1,0.2612,3243.1,1,1
ORD_104567,CUST_1935,Apparel,1413.27,0,0,0.1503,2874.1,1,0
ORD_101187,CUST_2753,Electronics,725.63,3,1,0.2179,1786.9,1,0
ORD_112567,CUST_2109,Apparel,865.3,1,1,0.3821,2060.1,1,1
ORD_113790,CUST_4417,Electronics,1894.54,3,1,0.1102,1288.2,1,1
ORD_110546,CUST_4579,Apparel,1150.33,0,0,0.317,2407.6,2,1
ORD_102710,CUST_3334,Home & Kitchen,1732.75,1,1,0.2049,427.8,2,0
ORD_104978,CUST_4655,Electronics,854.59,1,0,0.2124,2421.4,1,0
ORD_114251,CUST_1901,Apparel,317.55,5,1,0.1166,1168.1,1,0
ORD_114327,CUST_3079,Footwear,309.41,1,1,0.2271,690.0,1,0
ORD_109481,CUST_4618,Apparel,1558.18,0,0,0.4096,1240.6,1,0
ORD_114071,CUST_4033,Apparel,5713.31,1,0,0.3609,1241.5,6,0
ORD_113170,CUST_4247,Footwear,660.48,4,0,0.3416,1034.6,1,0
ORD_113658,CUST_3752,Electronics,1161.08,0,0,0.197,841.0,2,0
ORD_101179,CUST_3692,Apparel,4598.9,0,1,0.0758,3484.8,1,0
ORD_107548,CUST_2943,Apparel,2575.06,2,0,0.2154,2902.7,1,0
ORD_104046,CUST_3260,Electronics,2302.25,0,0,0.1993,614.2,1,0
ORD_112048,CUST_2991,Apparel,440.82,0,0,0.2234,3314.2,1,0
ORD_102947,CUST_1890,Electronics,489.18,3,1,0.1105,3471.6,1,0
ORD_112464,CUST_3668,Footwear,368.54,0,0,0.1132,3113.4,1,0
ORD_103868,CUST_3964,Footwear,3452.18,1,1,0.1262,2937.8,1,1
ORD_102741,CUST_3212,Electronics,3085.51,0,1,0.0725,447.7,1,0
ORD_105400,CUST_3993,Home & Kitchen,408.86,0,1,0.1262,263.8,1,0
ORD_111888,CUST_3856,Footwear,697.85,0,0,0.1802,1739.1,1,0
ORD_113295,CUST_1991,Beauty,2740.65,0,0,0.0042,927.5,1,0
ORD_100011,CUST_2238,Home & Kitchen,1067.63,0,1,0.1109,1992.4,1,0
ORD_110872,CUST_3941,Home & Kitchen,409.25,0,0,0.1543,1220.0,1,0
ORD_101032,CUST_3756,Home & Kitchen,1003.75,0,0,0.1949,1382.5,1,0
ORD_111782,CUST_4455,Apparel,432.47,5,1,0.2363,1578.8,1,1
ORD_107534,CUST_3798,Home & Kitchen,922.53,1,1,0.3806,1684.2,1,0
ORD_108999,CUST_2490,Apparel,3997.65,2,1,0.3727,560.5,1,1
ORD_104714,CUST_4843,Electronics,2474.09,3,1,0.1787,1119.1,1,0
ORD_104133,CUST_4037,Beauty,572.98,0,1,0.2024,3448.2,1,0
ORD_109225,CUST_3756,Footwear,3574.64,0,1,0.5163,588.8,3,1
ORD_106280,CUST_2424,Electronics,477.05,4,0,0.0533,2816.9,1,1
ORD_111461,CUST_1168,Home & Kitchen,492.02,0,1,0.2105,1111.9,1,0
ORD_103358,CUST_2179,Electronics,557.96,0,1,0.3194,3438.1,1,1
ORD_100929,CUST_2682,Apparel,1476.04,0,1,0.3568,1960.1,1,0
ORD_105746,CUST_1152,Home & Kitchen,1540.26,0,1,0.1493,3244.9,1,0
ORD_105057,CUST_1052,Footwear,1647.9,1,1,0.1783,1608.1,3,0
ORD_101174,CUST_4900,Apparel,1058.09,1,1,0.3695,479.3,1,1
ORD_111079,CUST_2025,Apparel,852.11,1,1,0.3787,1244.4,1,0
ORD_107949,CUST_4367,Home & Kitchen,774.99,2,1,0.2602,3169.1,1,0
ORD_105235,CUST_3100,Apparel,1470.59,1,1,0.3349,1510.4,3,0
ORD_100677,CUST_3809,Apparel,2967.96,0,0,0.1235,635.2,1,0
ORD_100466,CUST_4243,Beauty,2735.85,2,1,0.067,2523.6,1,0
ORD_106168,CUST_4733,Electronics,3265.96,2,1,0.2471,1000.9,3,0
ORD_100081,CUST_4499,Apparel,1505.3,0,1,0.0432,3257.3,1,1
ORD_114033,CUST_4052,Footwear,1934.03,10,1,0.2499,2912.5,1,0
ORD_109348,CUST_1988,Home & Kitchen,363.8,0,1,0.1805,3257.4,2,0
ORD_102855,CUST_2009,Apparel,427.67,0,0,0.1594,2900.8,3,0
ORD_103649,CUST_4633,Apparel,1409.13,0,0,0.4258,3167.5,1,0
ORD_102268,CUST_4741,Apparel,345.74,0,1,0.0381,2548.3,1,0
ORD_101067,CUST_1673,Footwear,543.73,0,0,0.0352,1220.4,1,0
ORD_100673,CUST_3849,Apparel,1286.08,1,0,0.3524,2778.7,3,1
ORD_100839,CUST_3960,Beauty,628.19,0,0,0.3512,652.7,1,0
ORD_101769,CUST_3756,Electronics,489.92,0,1,0.0183,3011.2,2,0
ORD_113352,CUST_3100,Apparel,6350.51,0,1,0.3873,2865.2,1,1
ORD_105787,CUST_3292,Electronics,593.77,1,1,0.548,3000.2,3,1
ORD_110089,CUST_4691,Home & Kitchen,3075.19,0,0,0.1108,192.2,1,0
ORD_100857,CUST_4719,Apparel,625.31,4,0,0.3112,417.3,1,0
ORD_113799,CUST_1269,Apparel,1358.88,1,1,0.1387,1569.2,1,0
ORD_102444,CUST_3502,Home & Kitchen,3575.95,0,0,0.1186,2751.4,6,0
ORD_114066,CUST_2543,Apparel,1856.11,0,1,0.0915,580.6,1,0
ORD_114481,CUST_3982,Electronics,418.1,3,0,0.1455,790.1,1,0
ORD_105184,CUST_3257,Footwear,2250.37,2,0,0.0216,744.4,1,0
ORD_104763,CUST_1364,Electronics,1178.2,0,1,0.1518,157.0,1,1
ORD_109324,CUST_4767,Home & Kitchen,603.9,3,1,0.0404,2485.7,1,0
ORD_112413,CUST_2126,Electronics,362.98,1,0,0.1938,1569.2,2,1
ORD_104132,CUST_3307,Beauty,1344.03,2,0,0.0461,587.7,1,1
ORD_104647,CUST_4243,Home & Kitchen,710.99,0,1,0.0642,1572.3,1,0
ORD_100468,CUST_3205,Apparel,599.89,5,1,0.1229,251.3,2,0
ORD_114016,CUST_2754,Apparel,677.51,3,1,0.2118,178.4,1,0
ORD_108020,CUST_4747,Electronics,381.27,0,0,0.1004,1572.8,1,0
ORD_112052,CUST_2442,Footwear,2186.13,0,0,0.1674,2285.0,1,0
ORD_109234,CUST_4797,Beauty,917.99,2,0,0.2623,252.7,1,0
ORD_113527,CUST_3883,Apparel,2767.0,0,0,0.3142,2137.2,3,0
ORD_107038,CUST_3533,Beauty,392.39,0,0,0.3474,255.2,1,0
ORD_107239,CUST_2051,Footwear,465.57,1,1,0.0789,562.5,1,0
ORD_105019,CUST_4701,Home & Kitchen,1518.8,0,1,0.2248,1170.9,1,0
ORD_100478,CUST_4420,Electronics,1148.58,0,1,0.1008,1997.6,1,0
ORD_103233,CUST_2203,Electronics,502.89,4,0,0.1154,327.5,1,0
ORD_100282,CUST_2636,Home & Kitchen,763.04,1,1,0.0334,478.6,1,0
ORD_102474,CUST_1606,Apparel,2528.84,0,0,0.2922,359.8,3,1
ORD_104704,CUST_2900,Footwear,1153.87,0,0,0.2188,2339.5,1,0
ORD_106474,CUST_1897,Footwear,949.97,1,1,0.1606,553.9,1,1
ORD_104600,CUST_2628,Electronics,3342.88,3,0,0.2042,1251.9,3,0
ORD_102589,CUST_4702,Footwear,523.26,3,0,0.109,339.0,2,0
ORD_105925,CUST_3761,Footwear,806.8,0,0,0.494,2193.7,1,1
ORD_108913,CUST_4567,Home & Kitchen,1967.13,0,0,0.1737,287.9,1,0
ORD_103334,CUST_3710,Beauty,486.98,0,1,0.1585,3086.0,1,0
ORD_101409,CUST_2319,Beauty,1968.17,0,1,0.0429,3156.5,1,0
ORD_107528,CUST_1555,Home & Kitchen,1586.02,10,0,0.1696,2964.7,2,1
ORD_114135,CUST_2352,Apparel,3212.43,3,0,0.6295,1983.4,1,1
ORD_108530,CUST_2902,Electronics,542.97,0,1,0.1846,2275.3,1,0
ORD_104265,CUST_1948,Home & Kitchen,2215.64,5,0,0.0165,969.5,1,0
ORD_107826,CUST_4059,Electronics,2091.33,0,0,0.0702,1951.4,1,1
ORD_113432,CUST_3741,Beauty,943.64,1,1,0.1858,2525.8,1,0
ORD_100433,CUST_4954,Apparel,592.29,0,0,0.2254,2717.2,12,1
ORD_108437,CUST_2124,Home & Kitchen,2042.88,0,0,0.3867,3316.9,12,0
ORD_105810,CUST_1850,Apparel,1308.84,1,1,0.0464,2868.0,3,1
ORD_105307,CUST_3670,Beauty,1241.24,0,0,0.0443,357.3,1,0
ORD_100600,CUST_1830,Footwear,1373.85,2,1,0.1497,2420.9,1,0
ORD_103090,CUST_1262,Footwear,886.94,1,1,0.1344,1805.6,1,0
ORD_105908,CUST_2107,Beauty,1549.03,0,0,0.1908,1447.6,3,0
ORD_108755,CUST_3987,Apparel,343.51,2,0,0.2709,1098.5,1,1
ORD_103290,CUST_3880,Electronics,868.99,4,0,0.3026,1480.4,1,0
ORD_104189,CUST_3990,Apparel,394.61,0,0,0.2543,1435.2,6,1
ORD_112040,CUST_4551,Beauty,876.6,0,1,0.268,3252.5,2,0
ORD_103146,CUST_4330,Electronics,1516.57,2,0,0.2258,1240.2,3,1
ORD_105418,CUST_3761,Apparel,683.54,0,0,0.0645,1734.4,1,0
ORD_114302,CUST_1737,Apparel,707.13,0,0,0.2874,3022.8,3,0
ORD_106305,CUST_1114,Apparel,308.73,0,0,0.1006,2480.7,1,0
ORD_113184,CUST_3440,Footwear,588.7,0,1,0.5721,2324.6,2,0
ORD_110026,CUST_2820,Footwear,495.24,7,1,0.1203,1104.1,1,1
ORD_105525,CUST_3936,Home & Kitchen,2169.21,10,0,0.0318,1848.7,6,0
ORD_110278,CUST_2334,Apparel,1974.17,1,1,0.2475,1436.6,12,0
ORD_108835,CUST_2938,Footwear,1523.32,0,0,0.1013,1457.7,1,0
ORD_113987,CUST_1243,Home & Kitchen,922.2,3,1,0.1975,355.4,1,1
ORD_106423,CUST_1383,Electronics,2403.8,4,1,0.1802,233.6,1,0
ORD_108675,CUST_2751,Beauty,1723.22,5,0,0.0433,3496.2,1,1
ORD_103444,CUST_1545,Footwear,1277.03,1,1,0.1791,2668.7,1,0
ORD_105385,CUST_1158,Beauty,606.83,0,1,0.1751,2577.0,1,0
ORD_103980,CUST_3537,Footwear,2914.17,0,0,0.1815,3169.5,1,0
ORD_106262,CUST_3518,Apparel,437.1,0,1,0.0678,3495.8,1,0
ORD_104019,CUST_4750,Beauty,330.22,2,1,0.2687,2261.3,1,1
ORD_111466,CUST_1366,Apparel,1488.5,3,0,0.2256,1037.5,1,1
ORD_106830,CUST_1975,Beauty,5878.16,1,1,0.1691,1847.6,1,1
ORD_109139,CUST_3851,Apparel,4516.65,1,0,0.1956,2640.6,1,0
ORD_104025,CUST_1570,Apparel,606.59,0,0,0.1426,1575.1,1,0
ORD_101418,CUST_2252,Apparel,1169.24,5,1,0.21,1793.9,1,1
ORD_109896,CUST_3952,Footwear,321.78,1,0,0.4235,2313.5,1,0
ORD_109005,CUST_3352,Home & Kitchen,867.54,0,1,0.0656,1515.3,2,1
ORD_101720,CUST_2790,Footwear,489.14,2,1,0.0523,1616.5,2,0
ORD_107430,CUST_3940,Electronics,1089.74,0,1,0.0959,751.5,12,0
ORD_106406,CUST_2222,Apparel,483.14,1,0,0.0565,2443.3,1,0
ORD_107582,CUST_2310,Electronics,477.82,1,0,0.0414,2560.2,1,0
ORD_100328,CUST_4397,Home & Kitchen,721.36,0,0,0.0414,1855.9,6,0
ORD_107518,CUST_1753,Home & Kitchen,1183.59,0,0,0.3387,3493.5,1,0
ORD_108851,CUST_2462,Beauty,513.03,0,1,0.3627,2422.3,1,0
ORD_112001,CUST_2729,Beauty,975.93,0,1,0.4125,1861.6,1,0
ORD_104029,CUST_3290,Beauty,759.33,1,1,0.1444,1601.8,1,0
ORD_101318,CUST_2246,Apparel,970.33,4,1,0.5236,792.8,2,0
ORD_100307,CUST_4510,Home & Kitchen,2208.92,4,0,0.1412,3001.1,1,1
ORD_106232,CUST_3591,Home & Kitchen,896.38,0,1,0.0801,3055.9,1,0
ORD_114793,CUST_1544,Home & Kitchen,4042.51,4,1,0.2905,2416.5,1,1
ORD_105854,CUST_2537,Footwear,4918.82,0,1,0.2537,200.9,1,1
ORD_114575,CUST_4132,Electronics,2573.03,1,1,0.0623,2524.8,1,0
ORD_111853,CUST_1612,Apparel,542.15,4,1,0.2051,3407.7,1,1
ORD_104298,CUST_3046,Footwear,1770.87,0,0,0.1571,972.6,3,0
ORD_103637,CUST_2368,Home & Kitchen,7523.52,1,1,0.1663,699.8,6,0
ORD_112194,CUST_3822,Footwear,2921.53,0,0,0.1204,1229.5,1,0
ORD_110538,CUST_2607,Electronics,837.63,0,1,0.1502,2747.6,1,0
ORD_103156,CUST_3401,Footwear,904.95,0,0,0.2228,344.0,3,0
ORD_104964,CUST_3241,Home & Kitchen,1996.12,3,1,0.2386,1006.8,1,0
ORD_110429,CUST_1372,Apparel,2498.84,3,1,0.3458,975.6,1,1
ORD_106034,CUST_2920,Home & Kitchen,1865.29,0,0,0.2118,376.8,2,0
ORD_102376,CUST_4155,Footwear,3963.68,0,0,0.1906,2166.1,1,1
ORD_107444,CUST_3590,Footwear,1959.06,0,0,0.2153,1495.1,1,0
ORD_102298,CUST_3461,Footwear,379.99,0,1,0.2875,3030.9,1,0
ORD_101086,CUST_3966,Apparel,627.04,3,0,0.3205,2807.6,1,0
ORD_100983,CUST_1924,Footwear,334.86,2,0,0.1461,1955.7,6,0
ORD_102727,CUST_2706,Apparel,833.04,1,1,0.1919,2522.3,3,0
ORD_100199,CUST_3790,Footwear,1725.14,0,1,0.3272,3402.8,1,0
ORD_108733,CUST_2669,Electronics,621.21,2,0,0.1395,485.5,2,0
ORD_111854,CUST_3593,Apparel,527.77,0,0,0.2964,190.6,3,0
ORD_105846,CUST_4626,Electronics,446.82,0,1,0.2039,634.2,1,0
ORD_101478,CUST_1419,Beauty,1334.88,0,1,0.1727,717.8,1,0
ORD_109630,CUST_3905,Apparel,882.67,7,0,0.2706,3174.1,1,1
ORD_114097,CUST_3597,Footwear,1754.35,2,0,0.0782,698.9,1,0
ORD_112794,CUST_3674,Apparel,436.84,1,0,0.1384,173.0,1,0
ORD_114353,CUST_4402,Electronics,1083.32,1,0,0.2623,1924.7,1,0
ORD_105507,CUST_4619,Home & Kitchen,928.19,0,1,0.0572,2550.8,1,0
ORD_108556,CUST_2159,Electronics,808.34,5,0,0.2474,1955.9,1,0
ORD_110086,CUST_3624,Apparel,930.13,1,0,0.0593,259.9,1,1
ORD_101310,CUST_1758,Home & Kitchen,805.95,4,1,0.2661,3342.9,2,1
ORD_103604,CUST_4506,Beauty,1070.38,0,0,0.2016,366.1,1,0
ORD_106244,CUST_3144,Apparel,1248.94,0,1,0.0979,1625.4,1,0
ORD_112436,CUST_1656,Electronics,521.24,0,0,0.1921,1557.6,1,0
ORD_112260,CUST_2372,Footwear,709.75,1,1,0.1072,3227.0,1,0
ORD_106952,CUST_2469,Home & Kitchen,3019.01,10,0,0.3124,2809.6,1,0
ORD_111155,CUST_1175,Home & Kitchen,670.74,10,1,0.06,1557.0,1,0
ORD_106682,CUST_3509,Beauty,698.54,3,0,0.1067,1428.3,3,0
ORD_108765,CUST_2455,Electronics,1649.71,0,1,0.2805,470.8,3,1
ORD_114409,CUST_2193,Beauty,360.89,2,0,0.0199,2329.0,1,0
ORD_102272,CUST_3403,Footwear,368.44,1,1,0.2515,3445.8,3,0
ORD_112887,CUST_3509,Electronics,3636.46,3,1,0.4307,592.8,1,0
ORD_109560,CUST_4188,Home & Kitchen,1419.92,0,1,0.097,1860.5,1,0
ORD_103009,CUST_1035,Apparel,681.86,10,0,0.0881,1329.6,3,1
ORD_106114,CUST_2187,Electronics,1554.22,1,1,0.1527,2250.1,1,1
ORD_104795,CUST_3913,Apparel,1331.65,0,1,0.0508,2304.9,2,0
ORD_110860,CUST_3607,Apparel,1090.47,0,1,0.0917,2398.0,1,0
ORD_109533,CUST_2744,Apparel,2018.81,1,0,0.0391,1996.8,1,0
ORD_112229,CUST_1283,Electronics,511.54,1,1,0.2661,1022.7,1,0
ORD_113115,CUST_3047,Apparel,2074.09,0,1,0.1442,1129.5,1,0
ORD_111358,CUST_2323,Electronics,415.1,0,1,0.0454,875.2,1,0
ORD_112915,CUST_1022,Electronics,893.83,0,1,0.2835,2390.9,6,1
ORD_108809,CUST_4956,Footwear,648.49,2,1,0.2238,964.8,12,0
ORD_110564,CUST_3214,Apparel,711.32,0,1,0.2807,1340.7,1,0
ORD_113980,CUST_3638,Beauty,1276.23,0,0,0.1863,661.6,1,0
ORD_114678,CUST_2406,Footwear,1076.71,0,1,0.3764,1948.5,1,0
ORD_112934,CUST_3223,Beauty,680.16,1,0,0.0165,3114.1,1,0
ORD_104718,CUST_3037,Electronics,321.68,0,1,0.4143,1240.0,1,0
ORD_111678,CUST_1266,Electronics,1941.19,0,0,0.1424,1351.9,3,1
ORD_109856,CUST_1636,Beauty,1811.82,0,1,0.0303,2323.9,1,0
ORD_101814,CUST_2781,Apparel,340.67,0,0,0.2353,2278.7,1,0
ORD_110900,CUST_3718,Apparel,513.09,0,0,0.0694,1094.8,1,0
ORD_105828,CUST_3936,Electronics,570.83,0,1,0.1435,1288.9,1,0
ORD_100597,CUST_2682,Electronics,389.59,0,0,0.5084,2323.7,1,0
ORD_112403,CUST_4718,Footwear,559.46,1,1,0.2639,671.8,1,0
ORD_103771,CUST_3947,Home & Kitchen,3802.5,1,1,0.3756,933.5,1,1
ORD_100840,CUST_4324,Footwear,1361.3,1,1,0.047,3411.5,6,1
ORD_114258,CUST_3793,Footwear,1302.06,3,1,0.1113,3117.9,1,1
ORD_110080,CUST_1254,Apparel,2740.06,0,0,0.0749,1306.4,12,0
ORD_110301,CUST_1413,Home & Kitchen,1196.14,0,0,0.1745,1799.6,1,0
ORD_112414,CUST_1395,Electronics,1954.42,3,1,0.2106,411.4,1,0
ORD_109972,CUST_1881,Apparel,1030.26,0,1,0.0758,2054.1,3,1
ORD_111151,CUST_3096,Electronics,459.11,5,1,0.2804,526.2,1,0
ORD_104022,CUST_1343,Apparel,648.79,0,1,0.1703,2397.7,3,1
ORD_111991,CUST_1213,Home & Kitchen,3230.6,0,1,0.1455,2898.2,1,0
ORD_106211,CUST_1963,Electronics,562.23,1,1,0.5068,2183.3,2,0
ORD_106906,CUST_2116,Home & Kitchen,481.64,0,1,0.0329,1404.0,1,0
ORD_106508,CUST_3618,Footwear,1063.89,1,1,0.1886,586.4,3,1
ORD_100662,CUST_2635,Home & Kitchen,366.84,0,0,0.0623,2027.7,12,0
ORD_106894,CUST_3040,Footwear,1308.82,0,1,0.2475,3276.3,1,0
ORD_108447,CUST_2547,Footwear,1433.83,0,1,0.3165,922.2,1,1
ORD_113066,CUST_2947,Electronics,305.72,1,0,0.1889,2927.0,1,0
ORD_109565,CUST_4495,Apparel,4132.23,1,1,0.2754,1253.1,1,0
ORD_101196,CUST_3286,Beauty,1846.33,0,0,0.0606,2953.8,1,0
ORD_114127,CUST_1273,Apparel,1242.93,4,0,0.172,1438.0,1,0
ORD_110015,CUST_2016,Footwear,2119.92,5,1,0.2006,1499.9,1,0
ORD_100138,CUST_3568,Apparel,1063.27,1,1,0.2091,2320.9,1,0
ORD_111564,CUST_3806,Footwear,883.32,0,1,0.0304,3401.9,3,0
ORD_109758,CUST_2532,Footwear,1404.4,3,1,0.0794,1068.4,3,0
ORD_100465,CUST_1016,Footwear,2976.61,0,1,0.07,1799.2,1,0
ORD_114565,CUST_1599,Electronics,1940.39,1,0,0.5403,262.0,1,1
ORD_100054,CUST_4638,Apparel,1044.76,0,0,0.0589,172.9,1,0
ORD_101132,CUST_1068,Apparel,892.77,1,1,0.1909,864.0,1,1
ORD_112212,CUST_2907,Apparel,1351.09,0,1,0.1195,1348.2,1,1
ORD_104690,CUST_2829,Apparel,1457.29,4,0,0.0367,2509.6,1,0
ORD_109441,CUST_1750,Apparel,813.21,0,0,0.2384,817.4,1,0
ORD_101344,CUST_3373,Footwear,2785.73,5,1,0.2271,3004.2,1,0
ORD_101158,CUST_4266,Footwear,743.62,0,1,0.1134,2736.4,2,0
ORD_101414,CUST_2372,Footwear,668.94,3,1,0.0903,2980.1,1,0
ORD_103700,CUST_2754,Apparel,4948.39,7,0,0.0278,1858.8,1,0
ORD_113422,CUST_3191,Electronics,744.22,1,0,0.4968,1407.1,1,0
ORD_105456,CUST_2162,Electronics,928.87,1,1,0.2982,2166.5,1,0
ORD_114283,CUST_1963,Footwear,1354.37,0,1,0.5106,193.2,1,0
ORD_111939,CUST_4930,Apparel,979.0,1,0,0.5347,847.4,1,0
ORD_114452,CUST_3666,Home & Kitchen,727.1,3,1,0.3322,2555.4,1,1
ORD_109591,CUST_3708,Footwear,1082.2,0,0,0.1159,2448.6,1,0
ORD_102076,CUST_4430,Apparel,1839.11,0,1,0.2019,385.8,1,0
ORD_112344,CUST_4184,Apparel,446.31,1,0,0.2175,1459.6,1,0
ORD_104326,CUST_3810,Footwear,1150.68,7,1,0.0049,2902.4,3,1
ORD_108228,CUST_3482,Beauty,581.24,1,1,0.1387,1148.7,1,1
ORD_109458,CUST_3841,Electronics,1285.12,0,1,0.1553,1720.1,1,1
ORD_106235,CUST_4460,Home & Kitchen,2562.63,0,1,0.4503,2708.8,1,0
ORD_111968,CUST_4567,Apparel,2190.54,1,1,0.1023,2944.0,1,0
ORD_104689,CUST_3928,Footwear,3706.31,0,1,0.2153,1632.2,2,1
ORD_102130,CUST_4314,Beauty,824.75,0,1,0.3386,2906.1,3,0
ORD_114406,CUST_1071,Apparel,1426.31,1,1,0.3279,1971.4,1,0
ORD_110332,CUST_2381,Electronics,1484.17,1,0,0.1291,2990.5,1,1
ORD_100197,CUST_4646,Footwear,1563.7,0,0,0.1084,384.1,1,0
ORD_102654,CUST_1636,Apparel,601.78,7,0,0.0133,3346.1,1,1
ORD_111616,CUST_2215,Beauty,813.5,2,1,0.1504,1999.8,2,0
ORD_112856,CUST_4544,Footwear,616.02,0,1,0.3205,2878.3,1,1
ORD_100371,CUST_3301,Apparel,3487.41,0,1,0.1584,3192.2,1,0
ORD_109870,CUST_1739,Home & Kitchen,320.38,0,0,0.3768,1995.8,1,0
ORD_111567,CUST_3544,Beauty,390.77,1,1,0.3445,1607.7,12,0
ORD_109155,CUST_4293,Home & Kitchen,1577.31,0,1,0.2381,1335.4,6,0
ORD_114167,CUST_1515,Home & Kitchen,1173.74,4,1,0.1571,2624.3,1,1
ORD_102300,CUST_1585,Beauty,1136.65,5,1,0.2098,1498.3,1,1
ORD_114669,CUST_2184,Footwear,4793.37,2,1,0.0494,3212.8,1,1
ORD_111549,CUST_4123,Footwear,989.86,1,1,0.5434,3409.6,1,0
ORD_104343,CUST_1264,Electronics,1881.01,0,1,0.0538,1472.7,1,0
ORD_109321,CUST_2867,Apparel,637.13,0,1,0.0105,3414.6,6,0
ORD_100626,CUST_1487,Apparel,1624.32,0,1,0.5167,3468.1,2,0
ORD_103942,CUST_4831,Electronics,2448.35,10,1,0.0952,1602.3,1,1
ORD_104325,CUST_4144,Home & Kitchen,736.9,0,0,0.3343,3466.5,1,0
ORD_105252,CUST_3661,Footwear,1062.65,2,0,0.2772,2662.4,3,0
ORD_100306,CUST_1835,Footwear,431.8,0,0,0.1188,2866.3,3,0
ORD_109259,CUST_3331,Apparel,2664.95,0,0,0.1071,1246.9,1,0
ORD_107285,CUST_1922,Apparel,1300.45,0,1,0.1101,288.4,1,0
ORD_110876,CUST_1028,Footwear,1115.21,0,0,0.2106,1726.8,3,0
ORD_112192,CUST_1834,Electronics,881.09,0,0,0.3228,438.6,1,0
ORD_112480,CUST_1421,Apparel,1158.91,0,0,0.2219,2281.4,1,0
ORD_112996,CUST_2395,Home & Kitchen,544.95,0,1,0.1517,1407.0,1,0
ORD_107080,CUST_2960,Electronics,667.39,0,1,0.1836,1384.7,1,1
ORD_111211,CUST_4883,Apparel,2355.44,0,1,0.1714,1383.9,2,0
ORD_103253,CUST_3725,Footwear,864.46,0,1,0.0762,2685.8,12,0
ORD_111893,CUST_2089,Beauty,316.2,1,0,0.2694,1000.4,2,0
ORD_102706,CUST_4747,Home & Kitchen,1288.75,0,1,0.4754,1275.6,3,0
ORD_105335,CUST_1515,Apparel,3392.33,2,1,0.1168,3147.5,3,1
ORD_103030,CUST_4097,Electronics,947.34,0,1,0.0636,3415.8,1,0
ORD_112021,CUST_2716,Electronics,4278.89,0,0,0.1874,343.0,1,0
ORD_104248,CUST_1967,Apparel,883.1,0,1,0.389,1520.9,1,0
ORD_112885,CUST_2583,Home & Kitchen,4788.56,0,0,0.2362,1153.2,1,0
ORD_108655,CUST_1174,Beauty,493.46,2,0,0.009,3167.4,3,0
ORD_111451,CUST_1551,Apparel,974.38,0,1,0.0714,1310.1,6,0
ORD_106218,CUST_3359,Electronics,686.12,1,1,0.151,1675.7,1,0
ORD_107550,CUST_3428,Home & Kitchen,2740.44,2,1,0.4037,2561.0,6,0
ORD_105589,CUST_2772,Electronics,712.12,0,1,0.4999,1037.2,2,1
ORD_111713,CUST_4388,Home & Kitchen,2796.91,3,0,0.1712,1169.6,1,0
ORD_108164,CUST_4966,Apparel,1989.41,5,1,0.1368,3056.2,1,1
ORD_104675,CUST_2810,Apparel,1889.9,0,0,0.2952,2280.9,1,1
ORD_107599,CUST_1102,Electronics,2471.07,0,1,0.2764,2272.6,1,1
ORD_100514,CUST_1784,Apparel,679.37,2,0,0.2011,1320.2,1,0
ORD_102479,CUST_1728,Apparel,667.74,0,1,0.2406,1917.1,2,0
ORD_112387,CUST_1117,Footwear,3307.13,0,1,0.2057,3101.1,2,1
ORD_106118,CUST_3551,Beauty,485.01,0,1,0.0359,2250.9,2,0
ORD_113654,CUST_2199,Apparel,639.72,0,1,0.2767,2964.1,1,1
ORD_113631,CUST_1984,Home & Kitchen,451.02,0,0,0.1259,1082.4,1,0
ORD_108369,CUST_2283,Apparel,377.58,0,0,0.0676,1075.7,6,1
ORD_110211,CUST_4238,Home & Kitchen,899.32,3,0,0.2487,622.2,1,0
ORD_101888,CUST_3791,Electronics,827.96,0,0,0.0578,3100.8,6,0
ORD_102170,CUST_3030,Electronics,302.9,1,0,0.1584,444.1,1,0
ORD_108183,CUST_2498,Beauty,625.36,0,1,0.394,3098.9,1,1
ORD_111694,CUST_4594,Apparel,658.14,0,1,0.4263,3415.3,1,1
ORD_113598,CUST_1560,Footwear,705.62,1,1,0.2009,1151.2,1,0
ORD_103647,CUST_3483,Apparel,956.1,5,1,0.4715,2413.5,1,0
ORD_109282,CUST_1170,Electronics,2703.5,0,1,0.3715,2067.2,1,1
ORD_109286,CUST_1976,Home & Kitchen,1999.33,4,1,0.3637,3364.0,6,0
ORD_111764,CUST_3931,Apparel,1275.29,1,1,0.1019,3282.5,1,1
ORD_104574,CUST_3702,Home & Kitchen,399.54,1,1,0.1151,2894.6,2,0
ORD_108544,CUST_4218,Apparel,3118.65,0,0,0.0362,3482.5,1,0
ORD_107140,CUST_2117,Apparel,867.06,0,0,0.0317,1602.8,2,0
ORD_105995,CUST_4397,Apparel,731.47,2,0,0.4152,1215.7,12,1
ORD_103789,CUST_2132,Electronics,8765.22,1,0,0.3664,525.3,1,1
ORD_101580,CUST_4476,Home & Kitchen,3899.28,0,1,0.2082,3201.0,1,0
ORD_101352,CUST_1112,Apparel,4083.97,0,0,0.3705,3186.7,1,0
ORD_108686,CUST_2873,Apparel,748.32,1,1,0.2996,1562.2,1,0
ORD_107238,CUST_3231,Home & Kitchen,2061.22,0,0,0.247,1720.5,6,0
ORD_105454,CUST_4064,Electronics,1077.65,2,0,0.3397,2128.2,1,1
ORD_105452,CUST_4161,Electronics,790.78,3,1,0.3126,3051.4,1,0
ORD_103603,CUST_4359,Apparel,896.36,0,1,0.0707,917.4,1,0
ORD_114821,CUST_2937,Apparel,2086.86,1,1,0.2712,952.7,2,0
ORD_104590,CUST_3760,Electronics,748.45,2,1,0.0847,3030.0,1,0
ORD_114904,CUST_2635,Apparel,701.39,0,1,0.3987,2188.2,2,1
ORD_103319,CUST_4724,Electronics,1740.04,2,1,0.2103,2684.1,6,0
ORD_109780,CUST_3612,Apparel,2053.68,0,0,0.3604,1349.2,1,0
ORD_100061,CUST_1646,Apparel,2739.9,10,1,0.243,1263.7,3,0
ORD_105571,CUST_4129,Footwear,500.21,0,1,0.2026,1904.0,1,1
ORD_112262,CUST_2737,Apparel,1817.17,7,0,0.1517,2959.7,1,1
ORD_112871,CUST_1729,Beauty,725.4,3,1,0.1982,2399.5,1,0
ORD_110233,CUST_3246,Apparel,1762.88,2,0,0.115,1634.4,1,0
ORD_108848,CUST_2871,Footwear,2941.68,0,0,0.3203,2935.4,1,0
ORD_112133,CUST_4803,Beauty,867.96,1,1,0.107,2334.9,1,1
ORD_100511,CUST_1154,Footwear,1032.81,0,1,0.2405,1763.8,1,1
ORD_114126,CUST_4575,Apparel,1376.55,2,1,0.235,1271.2,1,0
ORD_109010,CUST_2714,Footwear,558.47,0,1,0.4877,1445.8,1,1
ORD_105526,CUST_1348,Footwear,659.5,0,1,0.0903,826.7,1,0
ORD_114601,CUST_1079,Footwear,1390.75,0,1,0.074,3480.8,1,0
ORD_104952,CUST_2572,Footwear,483.3,0,1,0.1331,719.8,1,0
ORD_102747,CUST_3203,Home & Kitchen,476.45,0,1,0.3972,3341.9,1,1
ORD_102731,CUST_1575,Apparel,1571.56,0,0,0.0492,2592.8,2,0
ORD_106737,CUST_4749,Electronics,1317.84,0,0,0.0276,2581.3,1,0
ORD_110837,CUST_4863,Footwear,1494.01,0,0,0.1811,1420.1,1,0
ORD_112549,CUST_3681,Apparel,1683.0,2,0,0.3116,3097.8,3,0
ORD_113279,CUST_1782,Beauty,1281.51,0,0,0.2731,1518.7,1,0
ORD_113151,CUST_1238,Beauty,302.61,0,1,0.2884,2822.1,1,0
ORD_113836,CUST_2907,Electronics,6282.85,1,1,0.0787,3247.3,1,1
ORD_114362,CUST_3162,Electronics,2419.9,1,1,0.5633,1074.6,1,1
ORD_112027,CUST_1294,Footwear,1668.63,2,1,0.0673,592.9,1,1
ORD_110613,CUST_4323,Footwear,1622.62,0,1,0.4114,2543.0,1,0
ORD_102858,CUST_2608,Apparel,1667.34,0,0,0.1492,690.1,1,1
ORD_105160,CUST_2746,Apparel,1675.16,2,0,0.2498,2217.2,1,0
ORD_110280,CUST_2847,Apparel,321.64,1,1,0.3978,2378.8,1,0
ORD_101160,CUST_4266,Beauty,2370.07,0,0,0.115,2955.5,3,0
ORD_104927,CUST_4752,Footwear,416.81,0,1,0.1205,2664.1,1,1
ORD_103678,CUST_4257,Apparel,452.96,0,1,0.3351,170.9,2,0
ORD_111927,CUST_2759,Footwear,716.39,4,1,0.0336,2467.7,2,0
ORD_107601,CUST_2148,Beauty,394.05,2,0,0.3788,1536.4,1,0
ORD_107009,CUST_2830,Home & Kitchen,3180.93,0,1,0.0147,1627.9,1,0
ORD_102331,CUST_3353,Home & Kitchen,352.5,0,1,0.0399,3148.5,1,0
ORD_105025,CUST_3960,Electronics,524.5,1,0,0.2333,2433.1,1,0
ORD_107632,CUST_4217,Beauty,1470.29,0,0,0.0852,611.6,3,0
ORD_101284,CUST_2761,Footwear,982.83,0,1,0.1289,2761.9,2,0
ORD_111729,CUST_1012,Apparel,2069.99,0,1,0.1343,1785.9,1,0
ORD_105052,CUST_4085,Apparel,559.03,0,0,0.0756,1962.4,2,0
ORD_102220,CUST_1317,Home & Kitchen,451.14,0,0,0.0853,2782.9,1,1
ORD_111007,CUST_2820,Apparel,2519.08,3,1,0.018,717.1,1,0
ORD_109674,CUST_3608,Electronics,1968.21,1,0,0.2188,331.5,1,0
ORD_102563,CUST_1409,Apparel,4589.24,0,0,0.1958,1977.6,1,0
ORD_109892,CUST_4091,Beauty,373.22,5,0,0.2315,698.4,3,0
ORD_102598,CUST_4794,Electronics,820.35,3,1,0.1265,1503.6,1,0
ORD_101453,CUST_2248,Electronics,4341.22,2,1,0.0854,3232.7,6,0
ORD_112667,CUST_3641,Electronics,2436.88,0,1,0.0714,2357.2,1,0
ORD_104917,CUST_4906,Apparel,1216.84,1,1,0.1513,2846.2,1,1
ORD_110537,CUST_3475,Apparel,3294.78,0,1,0.2059,2720.6,1,1
ORD_105860,CUST_3566,Home & Kitchen,1125.5,0,0,0.2241,1754.1,1,0
ORD_101053,CUST_1716,Electronics,769.67,1,1,0.4395,3070.8,3,0
ORD_110914,CUST_1491,Footwear,863.46,0,0,0.311,1036.5,1,0
ORD_107422,CUST_1843,Footwear,745.03,1,1,0.0774,1338.2,1,0
ORD_108893,CUST_4891,Apparel,1145.32,0,0,0.2234,1884.2,6,0
ORD_111542,CUST_3280,Apparel,1672.44,3,1,0.157,946.6,6,1
ORD_100208,CUST_3278,Apparel,1436.65,0,1,0.178,3236.0,3,0
ORD_102936,CUST_4022,Footwear,722.56,0,1,0.2379,522.2,1,0
ORD_108610,CUST_2819,Apparel,954.69,0,0,0.197,1740.0,1,0
ORD_110649,CUST_4905,Apparel,798.0,2,1,0.1128,1614.5,1,0
ORD_104750,CUST_2523,Apparel,2059.83,0,1,0.4862,2213.2,1,1
ORD_113342,CUST_2129,Apparel,646.62,0,1,0.1678,508.8,1,0
ORD_113328,CUST_4286,Beauty,2276.25,0,0,0.0846,2653.9,3,0
ORD_101221,CUST_4287,Beauty,5612.0,0,1,0.275,481.0,1,0
ORD_105194,CUST_2482,Footwear,849.49,1,1,0.008,2975.6,1,0
ORD_101171,CUST_2489,Apparel,779.08,0,0,0.2812,1955.3,1,0
ORD_112198,CUST_3413,Apparel,369.4,2,0,0.042,3240.8,1,0
ORD_113389,CUST_2646,Footwear,718.34,2,1,0.198,2247.9,1,0
ORD_113089,CUST_1105,Home & Kitchen,723.87,4,1,0.2513,2885.1,1,0
ORD_112946,CUST_3763,Footwear,595.42,0,0,0.1377,2438.3,1,0
ORD_109260,CUST_3153,Home & Kitchen,1458.67,0,1,0.1413,1236.0,1,0
ORD_101355,CUST_3048,Home & Kitchen,954.92,4,1,0.2194,974.4,1,0
ORD_113827,CUST_1735,Apparel,525.81,0,0,0.1483,475.5,1,0
ORD_100497,CUST_2816,Apparel,749.3,1,1,0.1319,2456.2,1,0
ORD_103638,CUST_3581,Electronics,1364.69,5,1,0.0449,2206.3,1,0
ORD_106407,CUST_1717,Footwear,696.35,0,1,0.2574,801.7,1,1
ORD_101068,CUST_1437,Apparel,377.31,1,0,0.2064,1580.6,3,0
ORD_109050,CUST_2212,Home & Kitchen,5408.18,7,0,0.1758,889.2,2,1
ORD_103026,CUST_2300,Apparel,895.52,0,0,0.2502,2877.0,1,0
ORD_107853,CUST_1691,Electronics,1326.51,3,1,0.2339,2870.6,1,0
ORD_100891,CUST_2683,Apparel,720.04,1,1,0.189,2836.5,1,0
ORD_101645,CUST_2107,Footwear,934.25,1,0,0.0496,3381.0,2,0
ORD_102678,CUST_4052,Home & Kitchen,426.05,5,0,0.1866,547.3,3,1
ORD_104209,CUST_2698,Apparel,1392.96,1,0,0.0928,293.2,1,0
ORD_101641,CUST_2492,Electronics,1593.62,0,1,0.2319,3198.9,1,0
ORD_109649,CUST_3635,Apparel,396.49,3,0,0.1014,1314.5,1,0
ORD_100943,CUST_4330,Apparel,2007.89,0,0,0.168,2430.1,1,0
ORD_106391,CUST_3715,Apparel,2519.99,2,0,0.0708,3000.9,1,0
ORD_114846,CUST_1679,Electronics,524.37,2,1,0.3197,534.0,1,0
ORD_102412,CUST_3539,Apparel,1290.93,0,1,0.1834,2457.7,3,0
ORD_108476,CUST_2209,Electronics,1068.44,10,1,0.2013,2258.9,1,0
ORD_106829,CUST_3566,Footwear,2564.96,0,1,0.2791,1693.3,1,0
ORD_110377,CUST_2848,Electronics,1956.8,0,0,0.0426,2793.4,6,0
ORD_100613,CUST_2931,Electronics,654.55,1,0,0.2237,782.9,6,1
ORD_103897,CUST_1547,Apparel,536.25,0,1,0.1745,2619.0,2,1
ORD_112382,CUST_4046,Footwear,712.18,0,0,0.2169,1953.3,1,1
ORD_107212,CUST_1945,Electronics,3139.28,1,1,0.1138,1714.8,1,0
ORD_112809,CUST_1798,Home & Kitchen,578.23,0,1,0.2883,1339.7,1,0
ORD_114467,CUST_1565,Apparel,3735.28,0,0,0.4207,2009.0,1,1
ORD_107068,CUST_1698,Footwear,889.97,0,0,0.2289,2442.0,1,0
ORD_113021,CUST_3196,Electronics,5094.51,1,0,0.1356,1579.5,1,1
ORD_113838,CUST_1780,Apparel,3685.32,0,1,0.2188,2843.9,1,1
ORD_105909,CUST_4765,Apparel,1052.39,0,0,0.4879,3050.5,12,1
ORD_108086,CUST_3443,Apparel,2017.63,0,0,0.1428,1571.9,1,1
ORD_114816,CUST_1272,Footwear,368.71,1,0,0.1572,487.6,6,0
ORD_101345,CUST_2433,Apparel,1455.2,4,0,0.3325,1726.2,1,0
ORD_102872,CUST_4452,Footwear,647.51,0,1,0.538,2912.3,1,1
ORD_100005,CUST_2095,Footwear,651.92,2,0,0.3034,1749.3,1,1
ORD_111617,CUST_2695,Apparel,2807.82,2,0,0.221,1923.4,1,0
ORD_110885,CUST_3068,Footwear,1300.26,0,1,0.0404,3371.0,3,0
ORD_111024,CUST_3479,Apparel,1125.91,1,1,0.1745,797.9,1,1
ORD_101518,CUST_1094,Electronics,1612.74,0,0,0.1227,2421.6,1,0
ORD_105894,CUST_2341,Beauty,1468.57,0,1,0.2905,2567.2,1,0
ORD_103125,CUST_4046,Beauty,1728.18,0,0,0.1269,1904.1,6,0
ORD_108487,CUST_3652,Home & Kitchen,1602.46,0,1,0.0546,3310.9,1,1
ORD_113813,CUST_1496,Home & Kitchen,1665.09,1,1,0.2226,3347.4,1,0
ORD_105254,CUST_4851,Footwear,1182.93,0,0,0.3807,2170.4,2,0
ORD_113985,CUST_1782,Home & Kitchen,1310.23,0,0,0.3848,1217.9,3,0
ORD_113425,CUST_2612,Electronics,1003.52,0,0,0.1111,1234.7,1,0
ORD_108533,CUST_1777,Apparel,586.15,0,0,0.1307,2928.1,1,0
ORD_110559,CUST_3436,Apparel,468.1,0,1,0.0793,3293.7,1,0
ORD_110782,CUST_3689,Apparel,637.66,4,0,0.5387,3463.0,1,0
ORD_101011,CUST_3224,Apparel,1820.04,0,0,0.1265,1935.5,1,0
ORD_105881,CUST_1139,Footwear,338.17,0,1,0.1527,1272.6,1,0
ORD_112665,CUST_2810,Apparel,360.75,1,1,0.0107,893.5,2,0
ORD_103788,CUST_1663,Apparel,506.53,0,0,0.0421,1154.6,3,0
ORD_106895,CUST_2831,Home & Kitchen,1465.74,2,0,0.0451,547.4,6,1
ORD_110275,CUST_2659,Footwear,611.81,1,1,0.1165,3165.3,1,0
ORD_105532,CUST_3787,Electronics,761.44,5,1,0.0979,1472.1,2,1
ORD_103058,CUST_4040,Home & Kitchen,1566.48,0,1,0.1368,3204.4,1,1
ORD_113994,CUST_2233,Electronics,616.43,0,1,0.1832,2424.6,1,0
ORD_105759,CUST_1894,Home & Kitchen,1038.81,4,0,0.1757,2010.8,1,0
ORD_103534,CUST_4423,Electronics,767.51,5,0,0.1534,2786.8,1,0
ORD_110468,CUST_4459,Electronics,657.5,0,1,0.0854,752.7,6,0
ORD_102590,CUST_3356,Apparel,480.49,0,0,0.0541,1636.6,3,0
ORD_104377,CUST_2058,Footwear,377.73,0,1,0.0629,2633.3,3,1
ORD_102244,CUST_3828,Electronics,442.15,0,0,0.3103,2158.8,1,0
ORD_107799,CUST_1075,Footwear,1134.61,1,0,0.1055,1862.5,1,0
ORD_105349,CUST_1277,Apparel,770.29,0,1,0.2673,442.1,1,1
ORD_104701,CUST_2054,Beauty,868.65,0,1,0.1089,706.7,1,0
ORD_101610,CUST_4877,Footwear,808.5,4,1,0.2088,2397.7,1,1
ORD_105601,CUST_3329,Home & Kitchen,1555.72,0,0,0.1424,837.2,1,0
ORD_108031,CUST_3571,Footwear,1000.23,0,1,0.129,2010.1,1,1
ORD_102672,CUST_1525,Electronics,1662.31,1,1,0.0313,901.4,1,0
ORD_103403,CUST_1385,Apparel,324.84,0,1,0.1722,1385.0,1,1
ORD_107029,CUST_1309,Footwear,1594.87,0,0,0.328,1919.7,1,0
ORD_109529,CUST_4598,Footwear,601.48,2,1,0.2217,3464.7,6,0
ORD_102374,CUST_2710,Beauty,1065.34,5,0,0.066,3432.7,3,0
ORD_111510,CUST_1105,Apparel,503.95,0,1,0.0444,3315.4,1,0
ORD_108063,CUST_2119,Electronics,2326.56,0,1,0.243,664.6,1,1
ORD_113963,CUST_4959,Electronics,5801.15,3,0,0.1616,788.7,1,1
ORD_108384,CUST_2834,Apparel,979.46,0,1,0.1048,537.9,1,0
ORD_110271,CUST_2137,Apparel,349.74,5,0,0.1889,1992.7,1,0
ORD_111876,CUST_3063,Beauty,711.65,0,1,0.1375,253.9,1,1
ORD_113890,CUST_1252,Footwear,3341.05,1,0,0.0791,572.4,1,1
ORD_104968,CUST_4336,Apparel,886.94,1,0,0.087,2941.6,2,0
ORD_107804,CUST_2805,Electronics,2576.66,0,0,0.1393,856.7,1,0
ORD_104601,CUST_2701,Footwear,399.79,0,1,0.2267,988.5,3,0
ORD_107299,CUST_2602,Apparel,1667.06,1,0,0.3039,1638.0,1,1
ORD_100369,CUST_3944,Apparel,1160.59,3,1,0.176,867.7,1,1
ORD_100034,CUST_1021,Apparel,3138.41,1,1,0.163,355.2,6,0
ORD_110473,CUST_1203,Home & Kitchen,478.04,0,0,0.0125,1477.3,1,0
ORD_107286,CUST_1136,Footwear,1490.09,0,0,0.1311,3118.7,3,1
ORD_101349,CUST_1723,Apparel,443.18,0,1,0.0841,1947.5,1,0
ORD_113043,CUST_2231,Apparel,2648.17,3,1,0.1921,2162.1,1,1
ORD_100935,CUST_4376,Apparel,439.42,1,0,0.0557,407.8,1,0
ORD_108580,CUST_2514,Apparel,834.83,0,0,0.2216,2935.6,1,0
ORD_103786,CUST_3258,Electronics,657.42,0,1,0.0137,2834.2,1,0
ORD_111992,CUST_3865,Home & Kitchen,487.56,3,1,0.2128,342.5,1,1
ORD_104768,CUST_1946,Footwear,3091.41,0,1,0.13,2439.5,3,1
ORD_112091,CUST_2367,Footwear,1898.88,3,0,0.5424,2318.0,1,1
ORD_107673,CUST_2538,Footwear,1589.49,1,0,0.049,1968.7,1,0
ORD_100900,CUST_2996,Apparel,1536.04,1,1,0.1649,2571.8,1,1
ORD_109007,CUST_1110,Apparel,940.81,0,0,0.146,1245.8,1,0
ORD_103419,CUST_3260,Home & Kitchen,3735.92,0,0,0.069,150.1,1,1
ORD_113302,CUST_2518,Beauty,1204.58,4,0,0.0779,3431.2,1,0
ORD_114894,CUST_2585,Footwear,1131.39,2,1,0.3339,1333.9,1,1
ORD_105664,CUST_1253,Apparel,959.19,1,0,0.1428,1585.5,1,0
ORD_100899,CUST_3434,Apparel,915.64,1,1,0.2144,1445.8,1,1
ORD_112784,CUST_4896,Footwear,4717.03,0,0,0.0414,2328.1,1,0
ORD_110792,CUST_1048,Footwear,699.92,7,1,0.1429,1046.2,1,0
ORD_101791,CUST_4577,Footwear,1693.78,2,1,0.288,2974.0,1,0
ORD_111307,CUST_4001,Electronics,1675.59,3,0,0.1277,1092.9,1,0
ORD_114906,CUST_2040,Electronics,396.21,3,0,0.3728,3224.6,1,0
ORD_100733,CUST_1114,Beauty,801.13,0,0,0.0728,676.8,1,0
ORD_107660,CUST_1725,Footwear,1036.24,0,1,0.2781,1429.3,1,0
ORD_106219,CUST_1745,Apparel,1546.27,0,0,0.1948,2395.2,6,0
ORD_101422,CUST_2314,Electronics,1440.7,0,1,0.1333,1967.1,2,1
ORD_100959,CUST_2371,Footwear,1236.85,0,1,0.0921,1257.1,1,1
ORD_113613,CUST_4808,Apparel,2870.49,0,0,0.1776,852.9,2,1
ORD_109015,CUST_4571,Apparel,1538.13,1,1,0.0121,872.8,1,1
ORD_112291,CUST_4640,Electronics,2680.87,1,0,0.1597,1971.1,1,0
ORD_106311,CUST_4082,Apparel,620.03,0,0,0.3299,2576.4,1,0
ORD_107131,CUST_4582,Beauty,540.74,3,0,0.0521,3404.6,2,0
ORD_110985,CUST_1485,Footwear,3141.57,0,0,0.5995,1787.6,1,1
ORD_106558,CUST_4249,Beauty,1173.63,4,1,0.1892,2295.8,1,1
ORD_108603,CUST_2450,Home & Kitchen,1991.91,0,1,0.308,1851.9,1,0
ORD_100501,CUST_2346,Apparel,1045.05,0,1,0.1405,1110.7,2,0
ORD_109354,CUST_2522,Apparel,1482.03,0,1,0.1819,2064.8,1,0
ORD_107998,CUST_4231,Apparel,5352.27,1,0,0.2347,1568.8,1,0
ORD_111957,CUST_3133,Electronics,2509.63,1,1,0.2582,1129.9,1,1
ORD_100638,CUST_4147,Home & Kitchen,1678.52,0,0,0.2413,2258.0,1,1
ORD_100224,CUST_2597,Apparel,3417.11,0,0,0.1461,319.3,1,1
ORD_108555,CUST_1556,Apparel,3665.94,1,1,0.1663,333.7,1,1
ORD_104077,CUST_3426,Footwear,867.09,0,1,0.2337,3428.6,1,0
ORD_101065,CUST_3201,Apparel,603.08,4,1,0.2851,2498.6,1,0
ORD_114834,CUST_3897,Beauty,4221.21,1,1,0.3088,3376.1,1,1
ORD_100025,CUST_4485,Footwear,7234.85,2,1,0.3507,2054.6,6,1
ORD_108193,CUST_4858,Apparel,801.52,1,0,0.2323,3447.7,1,0
ORD_102695,CUST_4928,Footwear,1370.36,0,1,0.1083,2405.5,1,0
ORD_111904,CUST_4638,Home & Kitchen,1411.79,0,1,0.3938,1996.3,2,0
ORD_107463,CUST_2232,Beauty,3912.4,2,0,0.1752,1094.3,3,0
ORD_113241,CUST_3151,Apparel,428.98,0,0,0.122,1204.0,1,0
ORD_104184,CUST_3258,Home & Kitchen,627.53,3,0,0.0478,2059.1,1,0
ORD_109977,CUST_4837,Electronics,5787.7,2,0,0.2533,3383.9,6,0
ORD_105327,CUST_3657,Electronics,1072.04,5,1,0.4764,1378.9,1,1
ORD_110281,CUST_3755,Beauty,1843.33,1,0,0.114,2986.3,1,0
ORD_101991,CUST_4590,Home & Kitchen,2692.12,0,1,0.0586,1553.8,1,1
ORD_103884,CUST_3659,Home & Kitchen,1475.15,0,1,0.1429,2364.7,1,0
ORD_100455,CUST_1452,Footwear,556.43,1,0,0.1664,842.5,1,1
ORD_101227,CUST_2335,Electronics,475.24,1,1,0.5362,2957.2,1,0
ORD_107315,CUST_2977,Footwear,456.91,0,1,0.3802,3387.0,12,0
ORD_104726,CUST_3172,Beauty,1127.56,2,1,0.3175,348.1,1,0
ORD_101674,CUST_4215,Home & Kitchen,2225.2,0,1,0.2388,437.8,1,0
ORD_101686,CUST_2136,Apparel,1525.71,0,1,0.3181,1255.5,3,1
ORD_100443,CUST_3485,Electronics,833.55,0,1,0.0536,2769.8,6,0
ORD_112408,CUST_2760,Apparel,4205.52,3,0,0.0703,2039.0,3,1
ORD_106616,CUST_2614,Home & Kitchen,335.11,0,0,0.5025,3045.0,1,1
ORD_100945,CUST_1470,Home & Kitchen,388.72,0,1,0.1337,3302.5,1,0
ORD_111397,CUST_3073,Electronics,532.42,0,0,0.1594,1154.2,3,1
ORD_100368,CUST_3049,Electronics,1080.39,3,1,0.4461,1360.7,2,0
ORD_111190,CUST_1618,Apparel,1461.17,1,0,0.2553,2165.2,12,0
ORD_107135,CUST_1012,Apparel,1959.69,1,1,0.0413,1288.0,1,0
ORD_106134,CUST_3556,Apparel,327.15,0,1,0.1585,959.0,1,1
ORD_105553,CUST_4696,Footwear,1232.15,2,0,0.2284,2051.2,3,0
ORD_102503,CUST_1935,Footwear,1050.28,1,0,0.0619,1150.4,1,0
ORD_102179,CUST_1951,Electronics,433.86,0,0,0.2256,3450.2,1,0
ORD_103601,CUST_2748,Home & Kitchen,536.33,2,1,0.1357,823.5,1,0
ORD_108056,CUST_4093,Footwear,2208.19,5,0,0.0556,1183.9,1,0
ORD_102902,CUST_2496,Footwear,426.52,1,1,0.1471,2028.3,1,0
ORD_108729,CUST_1084,Apparel,1446.19,1,0,0.2168,2180.2,1,1
ORD_112845,CUST_2069,Home & Kitchen,435.69,3,1,0.1392,1725.2,1,1
ORD_101651,CUST_3523,Home & Kitchen,629.88,5,0,0.3008,403.5,1,0
ORD_103266,CUST_4597,Apparel,1889.78,0,1,0.313,2952.5,3,1
ORD_101971,CUST_4642,Apparel,442.91,0,0,0.0531,1941.4,3,0
ORD_110049,CUST_4033,Apparel,1417.44,1,1,0.1113,235.1,6,1
ORD_111816,CUST_1432,Footwear,4291.79,0,1,0.1114,789.6,1,0
ORD_112342,CUST_2824,Apparel,1310.54,0,0,0.2269,535.7,2,1
ORD_102868,CUST_1488,Beauty,660.69,0,0,0.2008,2776.2,3,0
ORD_111679,CUST_2092,Home & Kitchen,2939.36,0,1,0.1558,2135.1,1,0
ORD_107047,CUST_2666,Home & Kitchen,2273.59,0,0,0.2919,560.1,3,0
ORD_106259,CUST_1086,Home & Kitchen,959.93,0,0,0.2006,1644.2,1,0
ORD_109463,CUST_1566,Beauty,2294.17,2,1,0.1588,2653.7,1,0
ORD_105383,CUST_2592,Apparel,456.02,0,1,0.0522,2399.0,2,0
ORD_103413,CUST_4897,Home & Kitchen,2116.1,2,1,0.3436,2878.9,12,1
ORD_113161,CUST_1036,Electronics,1338.17,0,0,0.338,1382.9,1,0
ORD_111937,CUST_2726,Apparel,896.99,3,1,0.0359,1148.6,3,0
ORD_102648,CUST_2797,Footwear,357.06,2,1,0.2306,3346.2,1,0
ORD_112987,CUST_2445,Home & Kitchen,1209.13,3,0,0.1076,2299.3,3,0
ORD_107107,CUST_4129,Home & Kitchen,763.94,2,0,0.2169,1568.8,12,0
ORD_110754,CUST_3590,Apparel,4146.95,4,0,0.0483,1714.0,1,0
ORD_105394,CUST_2843,Apparel,3971.77,2,1,0.2059,452.0,1,0
ORD_103684,CUST_1514,Home & Kitchen,2000.71,0,1,0.0343,2412.3,1,0
ORD_112281,CUST_3282,Footwear,2121.56,0,0,0.1246,2707.9,1,0
ORD_100905,CUST_2531,Apparel,989.85,0,0,0.2318,421.4,1,0
ORD_104592,CUST_4622,Beauty,588.48,3,1,0.1485,3452.2,1,0
ORD_113458,CUST_1395,Beauty,3589.48,3,0,0.0914,310.1,6,0
ORD_104324,CUST_4134,Apparel,3201.9,0,1,0.4068,2912.8,1,0
ORD_114049,CUST_1711,Beauty,1454.35,0,0,0.2855,1482.9,1,0
ORD_113605,CUST_2550,Home & Kitchen,361.83,0,1,0.2576,928.7,1,0
ORD_108635,CUST_1903,Apparel,627.93,0,0,0.1093,1978.4,1,1
ORD_107951,CUST_2194,Apparel,1004.04,0,1,0.3594,397.0,2,0
ORD_108078,CUST_3708,Electronics,2055.68,0,1,0.2022,3014.2,1,1
ORD_100441,CUST_4436,Footwear,1537.93,2,0,0.0707,3327.8,6,1
ORD_100894,CUST_1828,Apparel,4950.1,0,1,0.2456,1545.5,3,1
ORD_102910,CUST_3009,Home & Kitchen,413.2,3,0,0.3146,2330.5,3,0
ORD_100559,CUST_3197,Home & Kitchen,1832.08,0,0,0.2349,1929.3,3,0
ORD_105181,CUST_1891,Apparel,453.23,1,0,0.2444,1413.2,2,0
ORD_108841,CUST_2522,Apparel,1339.72,0,0,0.05,1646.6,1,0
ORD_110042,CUST_4029,Beauty,1147.72,2,0,0.1389,640.7,1,0
ORD_101330,CUST_3551,Footwear,765.12,4,0,0.0788,1642.3,2,1
ORD_105618,CUST_1083,Beauty,650.16,3,1,0.1379,3325.3,1,1
ORD_112024,CUST_3999,Apparel,1888.06,0,1,0.1259,2592.3,1,0
ORD_104378,CUST_1778,Home & Kitchen,545.56,0,0,0.1866,396.1,1,0
ORD_107349,CUST_1627,Electronics,2080.0,1,0,0.1676,504.7,1,0
ORD_107153,CUST_1142,Footwear,3656.39,0,0,0.3902,3423.1,6,1
ORD_114679,CUST_2241,Apparel,746.61,0,1,0.5084,160.4,1,1
ORD_104304,CUST_1423,Footwear,358.86,0,0,0.2428,3017.7,1,0
ORD_105009,CUST_2313,Apparel,711.86,0,1,0.2773,3082.1,1,0
ORD_110284,CUST_4486,Footwear,2040.94,0,1,0.0983,190.9,1,1
ORD_106402,CUST_2387,Apparel,861.29,3,1,0.0553,2572.8,1,0
ORD_100632,CUST_1703,Footwear,367.62,0,1,0.0593,2624.6,1,0
ORD_111392,CUST_1885,Apparel,3820.28,0,1,0.2916,1575.8,1,1
ORD_104932,CUST_1056,Apparel,1806.37,1,1,0.0356,1299.4,1,0
ORD_104218,CUST_4000,Apparel,400.77,2,0,0.0314,3013.0,1,0
ORD_101007,CUST_4136,Electronics,687.37,0,0,0.2351,1584.3,1,0
ORD_101225,CUST_1525,Home & Kitchen,375.0,3,0,0.1238,332.1,2,1
ORD_102991,CUST_3137,Apparel,1112.94,2,0,0.3793,552.2,1,0
ORD_103203,CUST_2107,Apparel,1854.85,1,0,0.2956,1275.9,1,0
ORD_100922,CUST_3933,Footwear,1233.58,2,1,0.2353,1177.5,1,0
ORD_100258,CUST_4296,Footwear,468.11,1,0,0.382,2829.8,2,0
ORD_113360,CUST_3030,Home & Kitchen,697.61,4,0,0.1123,904.8,1,0
ORD_111577,CUST_3698,Footwear,800.67,2,1,0.0495,2241.6,1,0
ORD_106997,CUST_4915,Apparel,803.6,3,1,0.1657,3047.0,1,1
ORD_108775,CUST_3580,Home & Kitchen,749.45,3,0,0.2486,336.3,1,0
ORD_108643,CUST_4340,Beauty,490.43,1,1,0.2372,1478.5,2,1
ORD_114298,CUST_4775,Apparel,1358.17,1,1,0.1729,563.2,1,0
ORD_114487,CUST_3304,Beauty,1091.5,4,1,0.1626,2781.5,1,0
ORD_112805,CUST_2075,Footwear,1976.19,1,0,0.0645,2634.9,6,0
ORD_103370,CUST_2575,Footwear,641.9,7,1,0.3918,2223.7,1,1
ORD_112645,CUST_3006,Home & Kitchen,5414.08,0,0,0.2103,2350.2,1,1
ORD_100916,CUST_3719,Electronics,1143.91,0,0,0.0194,375.3,1,0
ORD_103644,CUST_3588,Apparel,760.36,10,0,0.1514,3051.0,6,1
ORD_114615,CUST_2410,Apparel,1493.7,1,1,0.1976,1106.6,1,0
ORD_101981,CUST_1400,Home & Kitchen,453.18,0,1,0.3581,1098.1,1,1
ORD_100398,CUST_4298,Electronics,1143.3,0,1,0.1944,208.8,1,0
ORD_110167,CUST_1181,Apparel,1178.9,0,0,0.1263,2725.3,1,1
ORD_101127,CUST_2353,Home & Kitchen,1851.23,1,1,0.2681,3404.8,1,1
ORD_109366,CUST_2317,Apparel,3017.67,4,1,0.0465,3498.5,1,0
ORD_112750,CUST_3063,Apparel,387.46,0,0,0.1751,1301.6,12,0
ORD_101097,CUST_1763,Apparel,623.5,0,1,0.0539,1564.8,2,0
ORD_103045,CUST_2316,Home & Kitchen,6246.85,1,1,0.1788,648.7,1,0
ORD_114451,CUST_2972,Footwear,4289.27,1,0,0.51,2172.8,1,1
ORD_101165,CUST_1060,Home & Kitchen,2415.32,0,0,0.2768,2693.4,3,0
ORD_112114,CUST_1667,Footwear,1699.44,1,1,0.0965,2187.1,1,0
ORD_112110,CUST_1555,Home & Kitchen,2135.17,0,0,0.3429,2656.9,1,0
ORD_102922,CUST_4865,Apparel,460.66,0,1,0.1985,1687.2,1,0
ORD_110447,CUST_3376,Apparel,1317.4,0,1,0.1168,3283.9,1,0
ORD_101900,CUST_2785,Apparel,416.77,0,1,0.3356,2136.4,1,1
ORD_110605,CUST_3169,Footwear,2829.8,3,1,0.2281,1276.6,1,1
ORD_113831,CUST_4920,Footwear,3541.05,0,1,0.0524,509.0,1,0
ORD_105915,CUST_4474,Home & Kitchen,2430.06,0,0,0.1302,2250.2,1,0
ORD_102151,CUST_4170,Electronics,1149.18,0,1,0.299,2947.0,1,0
ORD_108342,CUST_4349,Footwear,354.21,0,1,0.3048,2745.8,1,1
ORD_108486,CUST_2121,Footwear,2439.51,1,0,0.1281,1263.7,1,0
ORD_105679,CUST_2638,Beauty,554.61,0,1,0.2209,1422.6,1,0
ORD_106609,CUST_3622,Home & Kitchen,831.45,1,1,0.2334,1254.7,2,0
ORD_105534,CUST_2461,Apparel,450.71,0,0,0.1639,2969.3,1,0
ORD_104491,CUST_4828,Footwear,1229.92,0,1,0.2166,902.5,1,1
ORD_108794,CUST_2521,Apparel,1126.84,0,0,0.5785,1058.9,1,0
ORD_113092,CUST_1669,Apparel,1889.73,5,0,0.1325,1086.7,1,0
ORD_108692,CUST_1698,Electronics,1168.36,2,0,0.1922,1864.4,1,0
ORD_100395,CUST_1103,Electronics,2036.24,0,1,0.108,522.5,1,1
ORD_103062,CUST_3734,Apparel,452.98,0,1,0.4516,290.1,1,1
ORD_109320,CUST_2454,Electronics,450.57,2,0,0.2705,3230.1,1,0
ORD_103190,CUST_1347,Footwear,1338.58,0,1,0.151,2898.6,1,0
ORD_105292,CUST_1032,Footwear,1201.8,0,0,0.2352,432.0,12,1
ORD_114654,CUST_1929,Footwear,1896.35,7,1,0.1428,426.9,1,1
ORD_109183,CUST_2380,Apparel,425.29,0,0,0.2717,3173.2,6,1
ORD_111126,CUST_2802,Apparel,692.55,0,0,0.1486,2406.2,1,1
ORD_114915,CUST_1998,Apparel,5382.49,3,0,0.4002,2221.1,3,1
ORD_109340,CUST_1981,Electronics,8010.52,0,0,0.1861,2148.8,1,0
ORD_112067,CUST_3765,Electronics,1198.58,0,1,0.0811,847.8,3,1
ORD_113885,CUST_4129,Apparel,1204.64,0,0,0.0643,499.2,6,0
ORD_105985,CUST_3965,Electronics,2222.08,3,0,0.2227,3146.2,3,1
ORD_104374,CUST_3479,Electronics,905.3,2,0,0.1182,286.9,2,0
ORD_109744,CUST_2722,Apparel,814.34,10,1,0.1105,3250.5,1,1
ORD_110942,CUST_3004,Electronics,570.28,0,0,0.1353,1403.2,12,0
ORD_109178,CUST_1391,Electronics,940.37,0,0,0.1205,1548.4,1,0
ORD_105503,CUST_4115,Apparel,3055.37,3,0,0.3453,2953.9,6,1
ORD_109840,CUST_1865,Beauty,1495.86,0,1,0.2776,172.1,3,1
ORD_100095,CUST_2129,Apparel,832.99,0,0,0.2536,919.7,1,1
ORD_104470,CUST_2314,Apparel,2881.16,0,1,0.0939,1902.4,1,1
ORD_108926,CUST_2187,Apparel,2817.6,1,0,0.0978,810.6,2,0
ORD_105305,CUST_4718,Beauty,734.7,0,0,0.1639,2366.7,2,0
ORD_107269,CUST_3042,Footwear,402.73,1,1,0.0428,1703.7,1,0
ORD_100614,CUST_2012,Apparel,1314.34,0,0,0.0259,1438.2,1,0
ORD_103560,CUST_3216,Footwear,392.63,0,1,0.1432,3307.2,3,0
ORD_109940,CUST_1109,Beauty,629.25,1,1,0.2548,1365.7,1,0
ORD_107118,CUST_2134,Apparel,3079.87,0,0,0.0329,2234.7,2,0
ORD_112245,CUST_1769,Electronics,459.55,2,0,0.1814,1867.8,3,0
ORD_109221,CUST_2640,Home & Kitchen,3070.72,0,0,0.4662,1799.3,1,1
ORD_103689,CUST_2247,Beauty,616.96,0,1,0.0507,2312.3,1,0
ORD_105645,CUST_2982,Footwear,378.97,0,1,0.0998,291.5,1,0
ORD_106801,CUST_2857,Apparel,1827.36,1,1,0.0436,1574.8,1,0
ORD_106429,CUST_3565,Apparel,2005.16,0,1,0.3373,2345.2,1,1
ORD_102822,CUST_4873,Apparel,1559.96,5,1,0.2704,1187.2,1,1
ORD_102080,CUST_4760,Apparel,395.16,0,1,0.2055,3262.5,6,0
ORD_101813,CUST_4272,Apparel,307.53,0,1,0.2729,1256.3,1,1
ORD_107931,CUST_1907,Electronics,456.98,2,0,0.3524,2979.8,3,0
ORD_114208,CUST_1324,Electronics,1515.59,0,1,0.3083,1304.6,1,1
ORD_112215,CUST_3840,Apparel,1433.99,4,1,0.1504,2128.4,1,1
ORD_101153,CUST_1899,Footwear,382.51,0,0,0.058,835.8,6,0
ORD_103327,CUST_1389,Beauty,2123.87,4,1,0.0233,2358.3,2,0
ORD_113797,CUST_2195,Footwear,1799.49,0,1,0.0752,476.7,1,0
ORD_103739,CUST_3583,Footwear,2192.1,0,0,0.2734,2788.0,1,0
ORD_101548,CUST_4694,Footwear,1625.04,0,0,0.2951,1825.9,3,1
ORD_109438,CUST_4411,Apparel,613.14,0,0,0.0508,604.1,1,0
ORD_114117,CUST_4413,Footwear,2855.81,0,0,0.1332,1150.5,1,0
ORD_112512,CUST_3682,Apparel,1550.47,0,1,0.1456,2443.6,1,0
ORD_107587,CUST_4854,Apparel,705.53,5,0,0.2529,2210.7,1,1
ORD_109377,CUST_3616,Apparel,581.18,0,1,0.2213,842.7,1,0
ORD_109206,CUST_1129,Footwear,2990.27,1,0,0.1493,555.1,1,0
ORD_103962,CUST_4202,Beauty,1128.81,0,1,0.5088,1608.2,6,1
ORD_112706,CUST_3374,Electronics,4755.8,0,0,0.3236,2067.6,3,1
ORD_103656,CUST_3325,Apparel,1181.7,10,0,0.2999,185.3,1,1
ORD_106279,CUST_2068,Footwear,736.54,1,0,0.3014,2075.6,6,1
ORD_113152,CUST_4603,Home & Kitchen,1714.33,0,0,0.1578,2917.7,1,0
ORD_105216,CUST_1539,Footwear,706.9,3,1,0.1123,1288.4,3,0
ORD_102513,CUST_3636,Apparel,4790.39,0,0,0.0776,2341.2,1,0
ORD_107866,CUST_1147,Electronics,2417.99,0,0,0.3317,1718.4,1,0
ORD_105728,CUST_4273,Electronics,3261.82,0,1,0.2656,3468.8,12,0
ORD_110337,CUST_3439,Home & Kitchen,942.56,0,0,0.5388,2195.9,1,0
ORD_110553,CUST_3541,Electronics,1786.88,0,1,0.0715,1772.8,1,0
ORD_109063,CUST_2811,Beauty,552.38,2,0,0.342,1399.3,3,1
ORD_102147,CUST_4118,Home & Kitchen,760.39,4,0,0.4004,1750.9,1,0
ORD_107234,CUST_3042,Electronics,1621.07,2,1,0.3791,2730.4,1,0
ORD_113148,CUST_3720,Beauty,679.06,0,0,0.2657,2895.3,1,0
ORD_105575,CUST_4699,Apparel,460.34,5,0,0.1557,1664.8,1,1
ORD_108685,CUST_4346,Footwear,2094.87,5,1,0.1626,555.1,3,0
ORD_112160,CUST_4163,Apparel,1590.7,0,1,0.1097,465.8,1,1
ORD_110112,CUST_3383,Home & Kitchen,307.32,1,1,0.0772,745.8,1,0
ORD_114536,CUST_2123,Home & Kitchen,930.93,0,0,0.3251,2828.4,1,0
ORD_111109,CUST_3496,Beauty,410.18,1,1,0.1572,653.3,3,0
ORD_102385,CUST_4675,Apparel,675.61,2,0,0.3638,2616.5,1,1
ORD_112454,CUST_2736,Home & Kitchen,1370.36,2,1,0.2515,552.3,1,0
ORD_111599,CUST_1355,Electronics,576.51,0,0,0.1681,2434.8,1,0
ORD_106862,CUST_2332,Apparel,767.62,0,1,0.247,1872.3,1,0
ORD_105901,CUST_4962,Electronics,858.66,0,0,0.3837,1861.9,1,1
ORD_106996,CUST_1446,Apparel,673.2,1,1,0.1462,2149.0,1,0
ORD_113683,CUST_3104,Apparel,931.16,4,0,0.1553,2671.0,2,0
ORD_110390,CUST_3533,Electronics,695.83,0,0,0.305,1040.2,3,0
ORD_106100,CUST_4901,Home & Kitchen,2763.61,1,0,0.5403,1610.2,1,0
ORD_112636,CUST_3092,Footwear,2164.77,0,0,0.0489,3455.8,1,0
ORD_106282,CUST_4687,Apparel,1828.45,0,1,0.2204,2344.4,3,0
ORD_113245,CUST_2564,Apparel,355.02,0,1,0.1333,1611.0,1,0
ORD_108726,CUST_1084,Home & Kitchen,2470.43,0,0,0.123,1370.0,1,0
ORD_101815,CUST_2301,Apparel,490.48,3,1,0.3022,2774.0,1,1
ORD_101360,CUST_2828,Electronics,1095.74,2,1,0.2006,1947.9,1,0
ORD_100618,CUST_1512,Electronics,1523.94,1,0,0.1707,533.1,1,0
ORD_106467,CUST_4193,Electronics,4992.28,0,1,0.5362,2041.8,12,0
ORD_109879,CUST_1459,Apparel,958.33,1,1,0.3258,2905.2,1,0
ORD_100108,CUST_4934,Apparel,1517.38,0,0,0.1597,1960.1,1,0
ORD_103314,CUST_4083,Home & Kitchen,950.34,7,1,0.1858,3461.3,1,0
ORD_110636,CUST_3261,Beauty,554.34,0,0,0.1738,161.6,3,0
ORD_104150,CUST_4604,Apparel,6458.83,1,0,0.0909,2071.0,1,0
ORD_104222,CUST_4733,Apparel,1949.78,3,1,0.3056,1766.1,1,1
ORD_107985,CUST_1420,Footwear,2448.84,1,1,0.2908,1864.2,1,0
ORD_114143,CUST_3829,Home & Kitchen,582.46,3,0,0.1357,919.7,1,0
ORD_100106,CUST_1995,Beauty,718.01,0,0,0.1734,916.7,1,1
ORD_112000,CUST_2527,Apparel,862.95,0,1,0.075,2035.5,1,0
ORD_109418,CUST_3861,Electronics,541.83,1,0,0.0347,3306.0,1,0
ORD_113465,CUST_4324,Electronics,339.04,1,1,0.1606,1542.3,1,1
ORD_100173,CUST_2895,Electronics,335.73,0,0,0.2404,1746.9,1,1
ORD_114564,CUST_3341,Beauty,3948.03,0,0,0.1144,1682.7,1,0
ORD_107235,CUST_1272,Electronics,1339.98,0,0,0.29,1509.0,1,1
ORD_108231,CUST_3486,Apparel,2991.48,3,0,0.0264,2653.5,1,1
ORD_100592,CUST_1268,Apparel,1157.69,4,0,0.1191,553.6,1,0
ORD_109769,CUST_2269,Footwear,598.46,5,0,0.1716,1934.8,1,0
ORD_113290,CUST_3956,Electronics,2934.89,2,1,0.1687,850.8,12,0
ORD_106097,CUST_1060,Beauty,2480.78,1,1,0.2533,505.4,1,1
ORD_107072,CUST_2822,Apparel,3472.26,0,1,0.3482,2340.5,1,1
ORD_113669,CUST_3626,Beauty,749.93,0,1,0.2984,1025.3,1,1
ORD_107773,CUST_3750,Apparel,2333.03,2,0,0.0687,1645.4,1,0
ORD_109634,CUST_2177,Home & Kitchen,2641.56,2,1,0.1713,1958.1,1,0
ORD_100822,CUST_3982,Footwear,2137.63,1,0,0.2471,745.0,1,0
ORD_103182,CUST_2931,Beauty,1027.31,0,0,0.2211,2779.9,1,0
ORD_101862,CUST_4028,Apparel,842.83,0,1,0.0648,1379.7,1,0
ORD_103540,CUST_1991,Footwear,1127.75,0,0,0.2707,1472.6,2,0
ORD_107386,CUST_2986,Apparel,2340.0,3,1,0.215,1831.4,2,0
ORD_106924,CUST_2983,Apparel,826.47,0,0,0.551,1951.1,1,1
ORD_101809,CUST_3599,Apparel,2691.98,3,1,0.1441,2135.0,3,0
ORD_109729,CUST_2959,Footwear,1708.52,0,1,0.3355,912.9,1,1
ORD_102175,CUST_2380,Electronics,1265.87,0,0,0.1329,3174.1,2,0
ORD_101454,CUST_4054,Footwear,420.38,0,0,0.1082,656.6,1,0
ORD_106173,CUST_2228,Electronics,789.01,0,0,0.3798,3437.1,1,0
ORD_104161,CUST_4711,Apparel,2120.12,2,1,0.0613,1263.8,6,1
ORD_112655,CUST_4361,Footwear,2634.31,2,1,0.2134,2863.3,6,0
ORD_110586,CUST_2158,Footwear,811.53,3,1,0.1159,2309.3,1,0
ORD_107879,CUST_2977,Home & Kitchen,2131.47,3,0,0.0983,2610.5,1,1
ORD_102189,CUST_1169,Apparel,5197.41,0,0,0.1626,2668.7,1,0
ORD_105274,CUST_4675,Electronics,1172.84,5,0,0.1416,3430.2,1,0
ORD_106328,CUST_4246,Footwear,1109.18,0,0,0.1033,1363.6,1,0
ORD_105180,CUST_1872,Footwear,1323.42,0,1,0.1938,478.6,1,1
ORD_114107,CUST_1986,Electronics,558.92,1,0,0.1481,1441.4,3,0
ORD_103416,CUST_1900,Footwear,1086.17,2,0,0.2411,3131.5,2,0
ORD_105603,CUST_3450,Apparel,592.72,3,0,0.4392,2746.3,1,1
ORD_111669,CUST_1961,Electronics,1755.86,4,1,0.0409,798.1,1,0
ORD_110601,CUST_1585,Electronics,556.48,2,1,0.113,3151.3,3,0
ORD_109140,CUST_3294,Footwear,1187.01,0,0,0.2653,304.8,1,0
ORD_102948,CUST_3474,Home & Kitchen,2182.66,0,1,0.3139,1715.8,12,1
ORD_108690,CUST_2883,Footwear,443.75,1,0,0.1408,2371.8,1,1
ORD_106694,CUST_4426,Home & Kitchen,1488.13,2,1,0.443,834.4,1,1
ORD_102307,CUST_3382,Electronics,2400.9,2,1,0.3766,2265.8,2,1
ORD_114355,CUST_4810,Beauty,826.85,0,1,0.3297,3049.7,1,0
ORD_114239,CUST_1568,Beauty,895.66,1,0,0.2914,254.7,1,0
ORD_113397,CUST_2861,Apparel,877.97,2,1,0.1168,2798.2,1,0
ORD_112829,CUST_2029,Apparel,378.47,0,1,0.0613,684.8,1,0
ORD_102435,CUST_4899,Footwear,1484.14,1,0,0.4288,1582.5,1,0
ORD_109037,CUST_2872,Beauty,879.04,0,0,0.1338,1162.6,1,0
ORD_114047,CUST_1709,Footwear,392.85,1,0,0.3149,2668.0,1,0
ORD_105260,CUST_3456,Apparel,1993.79,1,0,0.2402,1197.5,3,1
ORD_103451,CUST_2768,Home & Kitchen,2204.9,3,0,0.4297,220.9,3,0
ORD_102887,CUST_4712,Electronics,1136.74,1,0,0.6871,2911.0,1,0
ORD_109272,CUST_1471,Beauty,1236.74,0,0,0.2061,2749.7,1,0
ORD_100290,CUST_3267,Footwear,553.32,1,1,0.0645,581.5,1,0
ORD_104928,CUST_4735,Electronics,1265.93,0,0,0.3387,2301.8,2,0
ORD_109823,CUST_4309,Apparel,440.09,1,1,0.0828,3006.9,1,1
ORD_113900,CUST_2748,Electronics,923.56,3,0,0.1187,1829.3,1,0
ORD_112238,CUST_2045,Apparel,2475.51,2,1,0.1317,3219.8,3,1
ORD_106478,CUST_3952,Home & Kitchen,711.83,1,1,0.5665,793.6,2,0
ORD_112468,CUST_2913,Beauty,3041.38,0,1,0.1717,1183.6,3,1
ORD_106541,CUST_2082,Footwear,726.96,0,0,0.0564,3011.6,1,0
ORD_112358,CUST_1824,Electronics,562.47,0,1,0.2654,2011.7,1,1
ORD_112018,CUST_3923,Electronics,457.78,2,1,0.1514,3442.3,2,0
ORD_106948,CUST_4426,Apparel,954.79,0,0,0.0324,2884.6,12,0
ORD_113162,CUST_3691,Apparel,831.16,2,0,0.0429,1094.0,3,0
ORD_109306,CUST_4577,Apparel,2325.49,3,1,0.1909,566.2,1,1
ORD_106337,CUST_2001,Apparel,552.75,0,1,0.1634,2297.4,1,0
ORD_109187,CUST_4165,Electronics,1234.69,0,0,0.1095,2726.5,1,0
ORD_110060,CUST_4044,Apparel,2432.54,1,1,0.1528,665.6,1,0
ORD_106122,CUST_1869,Home & Kitchen,963.23,0,1,0.2574,2302.6,3,0
ORD_110766,CUST_2969,Electronics,1296.17,0,1,0.186,3109.4,1,0
ORD_111798,CUST_1977,Apparel,1575.73,1,1,0.0725,3218.5,1,1
ORD_102923,CUST_3375,Apparel,1426.04,0,1,0.0387,719.4,1,1
ORD_113135,CUST_1486,Footwear,2677.3,4,1,0.2098,1214.5,2,0
ORD_108532,CUST_2362,Beauty,1121.22,7,0,0.1451,3391.9,1,0
ORD_107469,CUST_3055,Home & Kitchen,391.12,1,1,0.1276,2147.5,2,1
ORD_100110,CUST_4342,Apparel,1688.06,0,0,0.3447,1829.3,1,1
ORD_109293,CUST_3809,Home & Kitchen,427.38,0,0,0.1159,254.4,1,0
ORD_106104,CUST_2551,Footwear,1459.0,2,0,0.3451,1274.3,1,0
ORD_113358,CUST_4185,Footwear,1167.53,0,1,0.3593,901.0,1,0
ORD_113507,CUST_2076,Apparel,1591.64,0,1,0.2881,1314.9,3,0
ORD_111124,CUST_2294,Footwear,565.31,0,1,0.0882,865.0,2,1
ORD_106615,CUST_4746,Apparel,6162.18,1,1,0.2992,2207.7,1,1
ORD_110974,CUST_4901,Beauty,972.69,0,0,0.1926,986.6,1,1
ORD_114149,CUST_2741,Electronics,391.91,1,1,0.2541,999.6,3,1
ORD_108137,CUST_4861,Electronics,502.93,3,1,0.1974,228.1,2,0
ORD_112500,CUST_4951,Apparel,630.74,3,1,0.047,2560.6,1,1
ORD_111114,CUST_2559,Electronics,388.05,3,1,0.0517,1878.0,3,0
ORD_104646,CUST_2179,Apparel,1739.21,0,1,0.2036,1991.8,2,0
ORD_101763,CUST_2308,Apparel,336.36,1,1,0.2363,3037.9,1,1
ORD_108262,CUST_2944,Footwear,2358.93,0,0,0.1403,2934.9,1,0
ORD_111872,CUST_2030,Electronics,343.13,2,1,0.1839,557.1,1,0
ORD_100460,CUST_4587,Footwear,902.41,0,0,0.2588,161.9,1,0
ORD_106194,CUST_4109,Electronics,1394.0,10,1,0.3389,1913.2,1,1
ORD_112241,CUST_1104,Beauty,5516.27,2,1,0.0192,2040.1,1,1
ORD_109146,CUST_1972,Footwear,2101.59,2,1,0.1798,2104.7,1,1
ORD_105495,CUST_3640,Home & Kitchen,5416.44,10,0,0.1628,475.3,1,1
ORD_100169,CUST_2751,Footwear,558.99,0,1,0.1511,1534.6,6,0
ORD_108264,CUST_4737,Electronics,1585.21,5,0,0.3477,867.6,6,1
ORD_100515,CUST_4175,Apparel,615.77,5,0,0.233,2581.6,1,0
ORD_113684,CUST_1375,Apparel,1784.44,0,1,0.2115,259.6,3,1
ORD_109311,CUST_1051,Beauty,847.51,0,1,0.3591,1312.1,1,1
ORD_109534,CUST_4903,Electronics,1155.0,0,1,0.08,756.8,1,0
ORD_104542,CUST_4524,Apparel,591.68,0,1,0.174,2400.1,1,0
ORD_110504,CUST_2723,Apparel,504.67,3,0,0.0644,2520.7,1,0
ORD_111598,CUST_2429,Beauty,1095.19,0,1,0.2307,675.6,2,0
ORD_103668,CUST_2053,Beauty,560.87,3,0,0.2862,1346.8,1,1
ORD_106732,CUST_2923,Electronics,302.53,0,0,0.3269,3436.0,1,0
ORD_108329,CUST_1506,Apparel,640.55,3,0,0.1539,2170.9,1,0
ORD_102985,CUST_2443,Footwear,721.65,0,0,0.1654,3267.3,3,0
ORD_114186,CUST_1140,Footwear,873.89,0,0,0.1276,2090.2,1,0
ORD_113722,CUST_1652,Footwear,1038.24,1,0,0.1096,685.5,1,0
ORD_103991,CUST_3075,Apparel,463.84,1,1,0.4172,3132.7,1,0
ORD_100780,CUST_2903,Beauty,636.82,2,0,0.1995,2282.4,1,0
ORD_106491,CUST_1249,Footwear,1621.36,0,1,0.1885,874.1,2,0
ORD_107830,CUST_1837,Footwear,1473.38,0,0,0.244,2358.0,1,0
ORD_106064,CUST_1072,Electronics,1462.5,0,1,0.0208,942.4,3,0
ORD_110264,CUST_4051,Electronics,2123.81,1,0,0.0832,3062.1,1,0
ORD_103621,CUST_4069,Apparel,1060.34,0,1,0.227,3475.5,1,0
ORD_108413,CUST_3155,Electronics,2195.9,0,1,0.0758,732.3,1,0
ORD_106501,CUST_4792,Apparel,550.52,0,0,0.196,3014.3,3,0
ORD_102273,CUST_4329,Electronics,3851.89,2,1,0.147,408.3,1,0
ORD_111250,CUST_2411,Apparel,4201.18,1,1,0.3201,812.6,1,1
ORD_112039,CUST_3027,Home & Kitchen,1720.05,0,0,0.2891,1035.6,2,0
ORD_114018,CUST_4282,Footwear,351.08,1,0,0.3569,1183.6,1,0
ORD_113150,CUST_1797,Electronics,617.79,3,1,0.4237,1753.9,3,1
ORD_111584,CUST_4675,Apparel,1106.26,0,0,0.1504,2322.7,1,0
ORD_107730,CUST_4792,Apparel,1399.25,0,0,0.0715,3193.2,2,0
ORD_112420,CUST_1873,Beauty,482.18,0,0,0.0587,746.6,1,0
ORD_113054,CUST_4568,Footwear,1339.7,0,0,0.4675,313.6,6,0
ORD_105652,CUST_4075,Apparel,2464.89,5,1,0.2439,856.0,1,0
ORD_103250,CUST_4310,Electronics,1250.66,4,0,0.6009,1646.5,3,0
ORD_114589,CUST_4568,Home & Kitchen,448.23,1,1,0.0395,780.0,2,1
ORD_114490,CUST_1051,Apparel,4199.89,0,0,0.4459,1198.7,1,1
ORD_100506,CUST_4359,Apparel,395.89,1,1,0.2448,474.4,1,0
ORD_108171,CUST_4996,Footwear,919.93,1,1,0.0473,2793.4,1,0
ORD_106557,CUST_3561,Beauty,506.44,1,0,0.145,2946.2,1,1
ORD_100342,CUST_3911,Footwear,1882.54,0,1,0.2488,1590.9,1,1
ORD_100622,CUST_4709,Home & Kitchen,416.79,3,0,0.5201,674.5,6,0
ORD_112851,CUST_1412,Footwear,661.6,3,1,0.2805,2662.7,1,1
ORD_112176,CUST_2030,Apparel,473.77,0,1,0.2679,1056.8,1,0
ORD_104288,CUST_3605,Home & Kitchen,3550.58,2,1,0.21,1931.2,1,0
ORD_101684,CUST_3549,Footwear,2437.56,0,1,0.0541,152.6,1,1
ORD_110134,CUST_1196,Apparel,1432.79,0,1,0.0568,1588.7,3,1
ORD_110879,CUST_3144,Electronics,809.78,0,0,0.0069,1622.2,3,0
ORD_111760,CUST_1211,Electronics,1074.48,3,0,0.2877,3486.2,1,0
ORD_112220,CUST_2359,Beauty,1767.49,0,0,0.2678,1473.7,1,0
ORD_111901,CUST_2989,Apparel,1272.87,0,0,0.3326,1264.4,1,1
ORD_108527,CUST_4854,Apparel,2522.41,0,1,0.1457,1844.4,2,0
ORD_107297,CUST_4582,Electronics,885.19,0,1,0.304,2159.4,3,0
ORD_101340,CUST_2458,Apparel,652.38,2,1,0.1582,240.8,6,1
ORD_101197,CUST_2079,Apparel,1308.0,0,1,0.0234,1577.7,1,0
ORD_109060,CUST_1826,Home & Kitchen,421.69,0,1,0.1951,2720.5,1,1
ORD_105954,CUST_3145,Apparel,878.02,0,0,0.0292,1885.3,3,0
ORD_109753,CUST_1077,Beauty,1370.69,3,0,0.223,2469.2,1,0
ORD_107621,CUST_4973,Footwear,1025.82,3,1,0.0788,927.7,3,1
ORD_100284,CUST_3999,Apparel,1368.12,3,1,0.4189,209.7,1,0
ORD_108124,CUST_1799,Electronics,535.27,0,0,0.2843,1580.3,1,0
ORD_113744,CUST_4723,Footwear,825.97,0,0,0.4008,1959.4,1,0
ORD_111239,CUST_3542,Home & Kitchen,744.52,1,1,0.1166,2764.9,1,0
ORD_103285,CUST_3869,Footwear,808.63,0,0,0.1649,1457.9,1,0
ORD_108517,CUST_3774,Footwear,2149.62,2,1,0.1116,2601.1,1,0
ORD_114519,CUST_4857,Footwear,2218.34,0,1,0.2086,2289.3,1,0
ORD_110550,CUST_3440,Home & Kitchen,991.37,0,1,0.4555,2598.3,2,1
ORD_108442,CUST_2565,Home & Kitchen,3962.01,2,1,0.2092,1530.4,3,0
ORD_105169,CUST_3587,Home & Kitchen,495.11,1,1,0.0393,2542.6,1,1
ORD_103097,CUST_4238,Apparel,341.65,3,1,0.2218,3245.5,1,0
ORD_110036,CUST_4018,Apparel,1314.37,0,1,0.4673,3333.2,1,1
ORD_103507,CUST_4506,Beauty,681.03,1,1,0.1476,3158.0,3,0
ORD_104534,CUST_3492,Beauty,1047.78,1,1,0.1502,1187.1,1,0
ORD_108010,CUST_3552,Apparel,321.42,1,0,0.3181,540.9,6,0
ORD_103807,CUST_2169,Footwear,685.82,4,1,0.0132,2835.1,3,0
ORD_106834,CUST_1951,Apparel,2846.97,0,1,0.4471,645.1,1,0
ORD_107180,CUST_2504,Electronics,1757.68,0,1,0.2026,2576.2,6,0
ORD_110210,CUST_4584,Home & Kitchen,1321.79,1,0,0.0572,1427.0,2,1
ORD_100410,CUST_3869,Apparel,2462.9,2,1,0.2515,1017.3,6,1
ORD_107075,CUST_4908,Footwear,1366.53,0,0,0.2777,1939.2,2,0
ORD_102000,CUST_3641,Footwear,2081.25,0,1,0.0511,1097.7,1,0
ORD_102979,CUST_3798,Footwear,1174.78,4,0,0.3586,1111.0,1,0
ORD_103994,CUST_2704,Apparel,4052.32,2,0,0.1619,1653.8,1,0
ORD_114611,CUST_3121,Footwear,405.87,0,1,0.3473,1636.8,1,1
ORD_108800,CUST_3597,Footwear,994.45,5,1,0.3815,3319.8,1,0
ORD_110707,CUST_3521,Home & Kitchen,658.63,0,0,0.4085,1852.8,1,0
ORD_103359,CUST_1189,Apparel,413.78,2,1,0.099,1409.3,1,0
ORD_103297,CUST_3946,Footwear,7746.15,0,1,0.1044,579.9,6,0
ORD_101434,CUST_2065,Footwear,1048.79,2,1,0.2762,2838.1,1,0
ORD_103142,CUST_4061,Footwear,674.37,0,1,0.1034,920.4,2,0
ORD_114500,CUST_4022,Home & Kitchen,2671.57,1,0,0.3546,278.5,12,0
ORD_102667,CUST_3799,Footwear,708.75,0,0,0.0539,3153.4,6,0
ORD_111860,CUST_1343,Apparel,797.22,0,1,0.2014,1469.5,3,1
ORD_112855,CUST_3434,Apparel,337.61,0,0,0.0951,3179.3,1,0
ORD_100201,CUST_1563,Apparel,6338.44,3,1,0.2155,1202.2,1,1
ORD_112514,CUST_4548,Electronics,585.47,0,1,0.1705,762.0,2,0
ORD_107965,CUST_4387,Apparel,1424.37,5,1,0.1183,1548.3,1,0
ORD_105325,CUST_1488,Footwear,1740.57,3,1,0.1206,1747.5,1,0
ORD_105688,CUST_2838,Apparel,1149.75,5,0,0.2256,2412.4,1,0
ORD_106591,CUST_4508,Apparel,2159.52,0,1,0.3008,1450.3,1,0
ORD_107475,CUST_3649,Apparel,557.09,1,0,0.1812,2247.1,1,1
ORD_100074,CUST_3612,Apparel,2573.8,0,1,0.1278,3445.0,1,0
ORD_100542,CUST_1971,Home & Kitchen,957.07,0,0,0.0909,3166.3,1,0
ORD_111277,CUST_2052,Beauty,1044.3,0,1,0.1378,1861.4,3,0
ORD_102132,CUST_2389,Apparel,368.09,5,1,0.3996,1891.2,6,1
ORD_114836,CUST_3386,Footwear,971.13,1,1,0.1548,1109.6,12,0
ORD_106323,CUST_2687,Apparel,400.82,3,1,0.0095,1728.5,1,0
ORD_107896,CUST_1162,Apparel,1215.64,0,1,0.0651,202.9,1,0
ORD_113655,CUST_3675,Electronics,5229.52,0,1,0.1762,2215.9,1,0
ORD_108157,CUST_2753,Electronics,789.31,1,0,0.1361,410.4,1,0
ORD_109278,CUST_3741,Apparel,1116.06,1,1,0.4138,2584.0,1,1
ORD_110894,CUST_1337,Apparel,2740.6,1,1,0.2148,1518.0,1,0
ORD_109970,CUST_4874,Apparel,1609.75,1,0,0.2811,2117.7,3,0
ORD_106872,CUST_1493,Apparel,605.77,0,0,0.2237,3333.1,1,1
ORD_102277,CUST_2547,Apparel,874.04,1,1,0.1309,2945.8,1,0
ORD_101240,CUST_3786,Footwear,608.35,0,1,0.3876,3192.9,6,0
ORD_109361,CUST_3159,Electronics,474.31,0,1,0.1723,2053.3,6,0
ORD_101824,CUST_4798,Electronics,1621.47,1,0,0.1174,2871.7,1,0
ORD_108032,CUST_3660,Apparel,5282.49,1,0,0.1744,879.3,1,1
ORD_100317,CUST_4681,Apparel,403.77,0,1,0.0783,2121.5,1,0
ORD_106986,CUST_3440,Apparel,700.36,4,1,0.3364,1631.1,12,0
ORD_100131,CUST_4112,Apparel,2209.76,5,0,0.197,699.9,2,1
ORD_103336,CUST_3334,Home & Kitchen,1660.73,0,1,0.0979,3184.2,1,0
ORD_105438,CUST_2546,Apparel,673.82,5,0,0.0613,1702.7,1,0
ORD_104121,CUST_3267,Footwear,515.92,0,1,0.0933,585.7,1,0
ORD_113600,CUST_4317,Apparel,617.05,1,1,0.2888,3214.1,1,1
ORD_111740,CUST_3017,Apparel,1277.26,3,1,0.1252,1513.8,1,0
ORD_100517,CUST_4882,Apparel,604.87,0,1,0.0782,481.0,2,0
ORD_112336,CUST_2901,Apparel,518.01,0,1,0.1383,1225.1,1,0
ORD_105820,CUST_1700,Footwear,498.88,1,0,0.2244,648.5,3,0
ORD_100451,CUST_3331,Apparel,2997.6,3,0,0.2598,2915.8,1,0
ORD_111923,CUST_4386,Apparel,797.57,0,1,0.488,2619.9,2,0
ORD_113628,CUST_3204,Apparel,910.36,1,0,0.1251,2444.3,1,0
ORD_100878,CUST_1090,Apparel,1156.94,0,0,0.3764,847.0,1,1
ORD_103118,CUST_2922,Footwear,1885.98,0,1,0.0856,2537.6,1,0
ORD_100863,CUST_2680,Electronics,1637.69,0,1,0.0939,1425.8,2,0
ORD_105282,CUST_3222,Apparel,1501.9,5,1,0.0892,815.7,12,1
ORD_112148,CUST_1285,Apparel,3067.31,0,1,0.1057,2866.8,2,0
ORD_114857,CUST_1783,Electronics,407.42,0,1,0.6566,2241.9,1,0
ORD_105623,CUST_1220,Apparel,2431.33,1,0,0.1678,223.2,2,0
ORD_102506,CUST_3043,Electronics,885.28,0,1,0.1507,750.0,2,1
ORD_103175,CUST_3717,Home & Kitchen,2043.4,0,0,0.0822,904.6,1,0
ORD_110005,CUST_1953,Apparel,594.41,0,0,0.1566,2016.9,1,1
ORD_110177,CUST_4352,Beauty,3596.83,0,1,0.1338,2387.2,1,0
ORD_106633,CUST_1103,Footwear,1554.3,1,1,0.2576,683.7,6,0
ORD_112257,CUST_1712,Apparel,727.48,4,0,0.1759,415.2,2,0
ORD_107517,CUST_2471,Footwear,2310.36,0,0,0.1731,1926.0,1,0
ORD_101331,CUST_3021,Electronics,395.57,0,0,0.2125,2330.6,3,0
ORD_108889,CUST_1271,Electronics,1566.52,0,1,0.0517,1961.7,1,1
ORD_114430,CUST_1769,Electronics,3251.24,0,0,0.0365,1753.2,1,0
ORD_111133,CUST_2860,Beauty,1868.42,1,0,0.3515,1298.3,6,1
ORD_112469,CUST_1362,Apparel,1944.67,1,1,0.3199,2533.5,1,0
ORD_114825,CUST_2536,Home & Kitchen,1230.5,0,0,0.0847,981.0,1,0
ORD_105523,CUST_3660,Footwear,1170.68,0,0,0.1833,2259.2,1,0
ORD_109196,CUST_4855,Footwear,304.23,2,1,0.1167,3062.3,1,0
ORD_109248,CUST_1512,Apparel,2078.9,2,1,0.1685,3216.3,6,1
ORD_104438,CUST_2515,Footwear,2654.85,1,1,0.1276,1666.3,1,1
ORD_105189,CUST_3945,Apparel,954.0,0,0,0.215,2969.3,1,0
ORD_114486,CUST_4019,Apparel,320.16,0,0,0.1824,965.2,3,0
ORD_100777,CUST_4952,Apparel,776.89,0,1,0.3618,1688.9,1,1
ORD_103925,CUST_2719,Home & Kitchen,1903.34,7,1,0.0152,2011.8,1,1
ORD_102911,CUST_4338,Apparel,926.85,2,0,0.2674,642.3,1,0
ORD_106851,CUST_3678,Footwear,2313.35,1,0,0.1548,531.7,1,0
ORD_101711,CUST_4420,Footwear,3821.37,0,1,0.0779,2832.4,1,0
ORD_105966,CUST_4510,Electronics,1939.89,0,0,0.3879,2815.9,1,0
ORD_104648,CUST_3894,Home & Kitchen,1130.95,0,1,0.2028,3204.4,1,1
ORD_103955,CUST_3189,Home & Kitchen,1607.05,2,0,0.4018,623.9,1,0
ORD_108226,CUST_3799,Apparel,3209.5,1,1,0.1986,1615.2,1,1
ORD_114912,CUST_2677,Footwear,1199.27,7,0,0.3272,779.1,1,0
ORD_111014,CUST_1548,Electronics,2696.93,4,1,0.0972,2919.0,1,0
ORD_111518,CUST_2808,Apparel,966.48,2,1,0.2579,1029.3,1,0
ORD_107535,CUST_2003,Apparel,1310.42,1,0,0.2855,2435.9,1,0
ORD_102449,CUST_2763,Home & Kitchen,930.61,0,0,0.2151,2519.9,3,0
ORD_102057,CUST_2914,Electronics,444.07,0,0,0.0811,3339.1,1,0
ORD_104688,CUST_1816,Home & Kitchen,1199.18,1,0,0.181,1202.9,1,0
ORD_103800,CUST_4756,Apparel,1122.31,1,0,0.1031,3469.1,3,0
ORD_109480,CUST_4225,Electronics,1164.66,0,1,0.3848,654.1,1,1
ORD_102084,CUST_1375,Beauty,694.05,0,0,0.1557,638.8,1,1
ORD_113523,CUST_3260,Electronics,1966.11,0,1,0.2471,789.0,1,0
ORD_110593,CUST_1177,Footwear,367.63,1,1,0.2305,887.6,1,0
ORD_113530,CUST_3428,Apparel,1126.88,0,0,0.0425,861.6,3,0
ORD_108211,CUST_3035,Beauty,898.94,2,0,0.0723,1299.4,1,0
ORD_114884,CUST_4911,Home & Kitchen,1522.22,7,1,0.2849,1696.4,1,0
ORD_102071,CUST_2262,Beauty,4284.38,0,1,0.3536,2273.5,2,1
ORD_104235,CUST_2953,Beauty,1545.94,2,1,0.228,2612.2,6,1
ORD_111615,CUST_2865,Home & Kitchen,1657.92,0,0,0.3459,778.8,3,0
ORD_111056,CUST_3584,Footwear,1271.8,0,1,0.3123,1965.7,1,0
ORD_109850,CUST_4083,Home & Kitchen,320.18,1,0,0.1898,613.2,1,0
ORD_105226,CUST_2548,Home & Kitchen,497.69,0,0,0.2253,3282.6,1,0
ORD_108687,CUST_3123,Footwear,4264.27,0,1,0.0876,839.6,1,1
ORD_114371,CUST_3969,Apparel,474.66,1,1,0.0747,1270.2,1,0
ORD_100966,CUST_1539,Footwear,5647.59,1,1,0.1508,1253.1,1,0
ORD_108805,CUST_3881,Footwear,1846.73,1,1,0.0171,2756.8,1,0
ORD_102643,CUST_4811,Apparel,602.4,0,0,0.1492,2518.0,1,0
ORD_101848,CUST_4358,Home & Kitchen,583.94,4,0,0.1381,2399.4,12,0
ORD_103108,CUST_3601,Apparel,521.35,0,0,0.0554,1241.2,1,0
ORD_110891,CUST_3650,Footwear,1358.11,1,1,0.0625,2386.4,1,0
ORD_103869,CUST_4145,Beauty,2059.12,0,1,0.1587,882.8,6,1
ORD_101661,CUST_3262,Footwear,1513.68,2,1,0.3652,322.7,1,1
ORD_104830,CUST_4211,Apparel,1224.79,0,0,0.1138,2888.4,1,0
ORD_114025,CUST_1081,Footwear,640.19,3,1,0.0864,2099.4,1,0
ORD_112447,CUST_1743,Apparel,2238.52,0,0,0.1111,828.4,6,0
ORD_113037,CUST_4786,Electronics,596.77,2,1,0.2265,2594.5,1,0
ORD_101129,CUST_4579,Home & Kitchen,487.98,3,0,0.1572,438.0,1,0
ORD_113815,CUST_1987,Beauty,956.01,0,0,0.2594,879.4,3,0
ORD_103796,CUST_1867,Electronics,1961.23,3,1,0.3437,1777.8,6,1
ORD_113947,CUST_2822,Apparel,429.54,1,1,0.1355,2940.8,1,1
ORD_103499,CUST_2031,Beauty,554.91,3,0,0.2667,2647.0,1,0
ORD_105271,CUST_4758,Apparel,332.82,2,0,0.1153,875.6,1,0
ORD_103750,CUST_3249,Apparel,447.98,0,1,0.1983,984.7,6,1
ORD_105265,CUST_3277,Home & Kitchen,901.56,5,1,0.1674,3184.7,1,0
ORD_108049,CUST_1331,Electronics,418.79,1,1,0.1618,1865.2,1,1
ORD_104490,CUST_1340,Electronics,1000.18,2,1,0.3676,2268.3,2,0
ORD_109838,CUST_3985,Electronics,1563.09,4,0,0.0397,2996.4,1,0
ORD_113109,CUST_2915,Home & Kitchen,1380.39,0,1,0.1938,2435.5,1,0
ORD_111568,CUST_2426,Home & Kitchen,1534.86,3,0,0.2044,868.6,2,0
ORD_111704,CUST_4604,Beauty,2921.73,0,0,0.189,640.7,1,0
ORD_106766,CUST_4135,Apparel,2054.13,0,0,0.1252,1759.4,1,0
ORD_108588,CUST_4416,Beauty,1148.13,1,1,0.2626,1668.4,1,0
ORD_111440,CUST_4559,Electronics,575.81,1,1,0.0813,1366.6,1,0
ORD_106960,CUST_1824,Electronics,705.75,3,1,0.0794,818.3,2,0
ORD_110382,CUST_1091,Apparel,1228.24,3,0,0.3867,390.1,1,1
ORD_114796,CUST_3239,Home & Kitchen,1206.98,0,1,0.3217,3497.9,3,1
ORD_104738,CUST_4158,Apparel,2120.58,0,1,0.3436,1648.9,1,0
ORD_107637,CUST_1456,Home & Kitchen,1195.7,3,1,0.0348,317.4,3,1
ORD_109990,CUST_4257,Footwear,595.24,1,0,0.2174,959.1,1,0
ORD_110527,CUST_2169,Apparel,518.14,0,1,0.1696,2171.7,1,0
ORD_112786,CUST_2596,Beauty,2589.54,0,1,0.0418,2420.1,1,0
ORD_105306,CUST_4299,Apparel,531.9,1,0,0.1249,3202.7,1,1
ORD_102413,CUST_3255,Apparel,2948.25,0,1,0.1919,1987.0,1,1
ORD_109100,CUST_3212,Footwear,1605.85,4,0,0.2643,733.4,1,0
ORD_100956,CUST_1372,Apparel,3912.01,2,0,0.3414,1651.9,2,0
ORD_114478,CUST_4254,Electronics,1884.66,0,0,0.352,1890.1,3,1
ORD_107311,CUST_4906,Home & Kitchen,661.41,1,0,0.4456,1673.9,1,0
ORD_101756,CUST_3198,Apparel,695.74,0,1,0.0939,931.8,1,1
ORD_110932,CUST_4566,Beauty,1550.04,1,0,0.4409,2460.6,1,0
ORD_107476,CUST_2676,Footwear,2282.11,0,1,0.401,1739.4,1,1
ORD_112203,CUST_3568,Home & Kitchen,5452.54,0,0,0.1871,1661.1,6,0
ORD_102897,CUST_3190,Beauty,436.65,0,1,0.0869,1207.8,1,0
ORD_102359,CUST_4356,Apparel,1018.31,5,0,0.2007,3278.3,1,0
ORD_105755,CUST_3610,Footwear,2941.36,0,0,0.2413,1175.8,1,1
ORD_114950,CUST_2868,Electronics,537.84,2,1,0.0664,1604.5,1,0
ORD_104891,CUST_1115,Apparel,2810.87,4,0,0.3043,1938.3,1,1
ORD_101076,CUST_1235,Beauty,382.43,2,1,0.08,1030.0,3,0
ORD_106361,CUST_1070,Apparel,1210.11,0,1,0.1425,1558.2,1,1
ORD_101675,CUST_4495,Apparel,504.59,3,0,0.0656,2381.3,1,0
ORD_104097,CUST_1904,Apparel,1339.06,2,1,0.347,1803.6,1,0
ORD_114351,CUST_1016,Beauty,406.75,5,1,0.0793,1562.3,1,0
ORD_109319,CUST_2786,Electronics,2026.17,0,0,0.1796,2704.2,1,0
ORD_108152,CUST_2958,Electronics,3876.16,0,1,0.047,2607.3,3,0
ORD_103804,CUST_3160,Electronics,428.69,0,1,0.174,2113.0,12,0
ORD_105259,CUST_1170,Apparel,389.91,0,1,0.1564,455.5,2,0
ORD_101932,CUST_4569,Electronics,1556.73,1,1,0.3649,515.2,1,0
ORD_110843,CUST_1922,Apparel,432.65,0,0,0.1463,217.2,1,1
ORD_104353,CUST_4048,Apparel,381.78,0,0,0.1317,348.7,3,0
ORD_105396,CUST_3506,Beauty,2014.2,0,0,0.1507,898.5,1,0
ORD_110598,CUST_4942,Apparel,3276.36,1,1,0.1472,2752.0,12,0
ORD_113377,CUST_1877,Electronics,1868.54,3,0,0.0913,2744.3,1,1
ORD_112149,CUST_3375,Apparel,1508.47,0,0,0.1075,642.7,1,0
ORD_101431,CUST_1131,Electronics,1512.93,4,1,0.214,892.7,1,1
ORD_102301,CUST_2256,Electronics,1109.92,0,1,0.0743,1088.5,1,0
ORD_107069,CUST_4147,Electronics,527.3,0,0,0.4175,3354.0,12,0
ORD_100046,CUST_1975,Beauty,1769.87,0,0,0.1012,1276.8,1,1
ORD_102847,CUST_2999,Home & Kitchen,375.1,10,1,0.2933,1160.4,12,1
ORD_105174,CUST_2519,Home & Kitchen,1647.38,0,1,0.1234,1216.1,1,1
ORD_103340,CUST_2953,Footwear,1160.49,1,1,0.093,1928.6,1,0
ORD_109070,CUST_2644,Home & Kitchen,2562.67,0,1,0.1601,1417.7,1,1
ORD_108522,CUST_4514,Home & Kitchen,1572.91,0,0,0.247,2677.6,2,0
ORD_107536,CUST_3466,Footwear,1177.68,0,1,0.6025,2138.3,6,0
ORD_101941,CUST_3322,Apparel,968.34,0,1,0.2022,2594.6,1,0
ORD_107445,CUST_2587,Electronics,392.27,3,1,0.2057,1748.0,1,0
ORD_113680,CUST_1132,Apparel,556.37,0,1,0.3604,3072.2,1,0
ORD_101622,CUST_1762,Apparel,4618.67,0,0,0.143,1360.8,3,0
ORD_107690,CUST_2092,Apparel,2062.0,1,0,0.1328,3365.9,6,1
ORD_109621,CUST_3312,Home & Kitchen,602.35,5,1,0.3332,2828.0,1,1
ORD_107488,CUST_1071,Apparel,2662.82,2,0,0.1822,2547.2,1,1
ORD_103938,CUST_3686,Apparel,1800.45,2,1,0.1385,3442.7,1,0
ORD_110243,CUST_1926,Beauty,1680.1,0,1,0.1477,1463.8,1,0
ORD_112348,CUST_3900,Apparel,360.08,0,0,0.1427,2630.3,1,0
ORD_100791,CUST_4986,Apparel,647.7,1,0,0.0862,3333.0,1,0
ORD_112613,CUST_3365,Home & Kitchen,1911.99,2,1,0.0864,1105.2,1,0
ORD_111072,CUST_4397,Apparel,2363.01,2,0,0.358,591.4,1,0
ORD_101553,CUST_4051,Apparel,911.55,2,0,0.1329,3083.2,3,0
ORD_105393,CUST_4667,Home & Kitchen,2511.37,2,1,0.1723,565.3,1,0
ORD_105153,CUST_1430,Apparel,633.72,0,0,0.3196,324.9,1,1
ORD_108706,CUST_2506,Home & Kitchen,906.48,3,1,0.1665,2906.9,1,0
ORD_111189,CUST_4799,Home & Kitchen,2181.71,0,0,0.2732,1587.9,1,0
ORD_110852,CUST_3500,Apparel,5962.28,0,1,0.1793,599.4,1,1
ORD_104747,CUST_1058,Home & Kitchen,411.45,0,1,0.1779,791.8,3,1
ORD_104125,CUST_4591,Beauty,970.71,1,1,0.2952,1562.6,1,1
ORD_103864,CUST_4903,Home & Kitchen,3218.26,2,1,0.1455,920.2,1,0
ORD_101933,CUST_2252,Apparel,688.97,2,0,0.1511,1336.8,1,0
ORD_103778,CUST_2938,Footwear,409.19,0,0,0.1107,599.0,6,0
ORD_107771,CUST_3119,Footwear,1394.57,0,1,0.2669,2608.0,1,0
ORD_114551,CUST_1852,Apparel,2677.42,0,0,0.3701,1325.4,1,0
ORD_100087,CUST_2955,Electronics,1224.02,0,0,0.1253,3085.9,1,1
ORD_109277,CUST_2041,Footwear,1003.02,0,0,0.3055,345.4,6,0
ORD_108615,CUST_2464,Home & Kitchen,1953.98,1,1,0.4237,3418.0,1,0
ORD_111141,CUST_1296,Apparel,1231.13,0,1,0.3652,1373.0,1,1
ORD_101621,CUST_1875,Apparel,2244.15,0,0,0.0496,234.7,1,0
ORD_111346,CUST_4869,Apparel,1926.75,0,0,0.2436,407.5,1,1
ORD_104269,CUST_1459,Apparel,395.26,1,1,0.1009,2139.6,1,0
ORD_101877,CUST_1793,Home & Kitchen,350.41,1,1,0.2827,658.3,1,0
ORD_111882,CUST_3068,Footwear,1946.98,0,1,0.1139,3498.1,1,0
ORD_100363,CUST_3393,Apparel,570.32,0,1,0.4205,2439.9,1,0
ORD_112199,CUST_2313,Footwear,434.46,0,1,0.2119,1336.5,1,0
ORD_101085,CUST_4374,Home & Kitchen,621.31,0,1,0.5519,1380.9,2,1
ORD_106292,CUST_1288,Apparel,492.24,0,0,0.0461,198.2,3,0
ORD_113847,CUST_3234,Apparel,1452.06,0,1,0.2115,2894.3,3,0
ORD_108021,CUST_4479,Footwear,1539.62,4,1,0.2687,2301.5,1,0
ORD_107798,CUST_4246,Electronics,4450.56,1,1,0.0732,3128.8,1,1
ORD_102904,CUST_1304,Footwear,450.79,1,1,0.3095,174.4,1,0
ORD_109859,CUST_4518,Home & Kitchen,352.7,0,1,0.1981,739.8,1,0
ORD_106313,CUST_4750,Electronics,4221.4,0,1,0.2095,776.8,1,0
ORD_105950,CUST_4654,Home & Kitchen,3051.32,0,1,0.2068,1734.6,1,0
ORD_109922,CUST_1069,Apparel,2334.34,0,0,0.1266,199.0,1,1
ORD_102817,CUST_2381,Apparel,1203.41,5,0,0.0249,2093.7,1,0
ORD_105635,CUST_3883,Electronics,870.14,0,1,0.2949,1166.4,1,1
ORD_100174,CUST_3773,Home & Kitchen,710.85,1,0,0.2355,317.1,1,0
ORD_106799,CUST_1012,Beauty,1847.92,0,0,0.0923,1781.2,1,0
ORD_111544,CUST_2524,Home & Kitchen,931.01,1,1,0.0839,1726.4,1,0
ORD_104748,CUST_3478,Footwear,1597.58,1,1,0.0318,1860.5,1,0
ORD_113082,CUST_2439,Footwear,927.09,0,1,0.0377,3351.1,1,0
ORD_100188,CUST_3842,Apparel,2029.92,3,0,0.2808,3471.0,3,1
ORD_101530,CUST_2865,Home & Kitchen,390.82,0,1,0.229,1015.9,1,0
ORD_107387,CUST_4623,Electronics,351.79,3,0,0.3049,2728.0,3,1
ORD_102377,CUST_4093,Footwear,407.45,1,0,0.271,929.6,3,0
ORD_101207,CUST_3055,Electronics,2882.81,1,1,0.1623,464.8,2,0
ORD_109224,CUST_2736,Footwear,1312.35,3,1,0.1744,1272.1,3,0
ORD_112081,CUST_3269,Apparel,2300.94,0,1,0.4332,2188.3,1,1
ORD_108182,CUST_3756,Apparel,514.29,1,1,0.0827,838.5,2,1
ORD_103001,CUST_3206,Apparel,4866.19,0,1,0.1235,2078.8,1,1
ORD_114935,CUST_4792,Apparel,416.59,4,1,0.3853,2391.3,1,1
ORD_107247,CUST_4289,Apparel,530.7,2,0,0.0667,1423.4,1,1
ORD_110839,CUST_2882,Footwear,793.49,1,1,0.1728,1247.3,2,0
ORD_114041,CUST_3370,Footwear,817.21,0,0,0.0994,2565.4,1,0
ORD_107410,CUST_1584,Electronics,3091.75,2,1,0.2417,2864.3,1,1
ORD_114544,CUST_3033,Apparel,1622.03,0,0,0.1778,619.2,1,0
ORD_107914,CUST_1143,Electronics,669.66,0,0,0.0973,1765.4,1,0
ORD_110426,CUST_3006,Footwear,1278.98,4,0,0.0674,2150.5,1,0
ORD_110194,CUST_2997,Beauty,1252.01,2,0,0.147,797.6,3,0
ORD_103964,CUST_2753,Footwear,4178.31,1,1,0.1441,2287.4,1,0
ORD_108984,CUST_2390,Home & Kitchen,535.16,2,1,0.0436,1932.2,2,0
ORD_108241,CUST_2471,Home & Kitchen,6044.98,0,0,0.1833,645.9,1,0
ORD_100991,CUST_1255,Home & Kitchen,1570.49,0,0,0.5151,1350.7,1,0
ORD_109061,CUST_2351,Footwear,2039.13,1,0,0.3101,579.6,1,1
ORD_107474,CUST_3037,Beauty,2490.11,4,0,0.3949,616.8,1,0
ORD_107818,CUST_4858,Footwear,1957.24,1,0,0.2018,583.5,1,0
ORD_106554,CUST_2359,Apparel,1361.42,2,0,0.2122,349.8,12,1
ORD_108349,CUST_2464,Electronics,2505.04,1,1,0.4586,1715.8,1,1
ORD_107091,CUST_4628,Apparel,545.85,0,1,0.3978,3253.4,1,0
ORD_106693,CUST_4513,Electronics,660.68,0,0,0.4411,3050.0,1,0
ORD_112407,CUST_4511,Footwear,1561.55,0,0,0.1625,2180.2,1,0
ORD_103066,CUST_2249,Footwear,1430.5,0,1,0.084,311.9,2,0
ORD_104079,CUST_2450,Home & Kitchen,2110.9,1,1,0.2607,748.7,1,1
ORD_103723,CUST_3634,Footwear,1001.56,2,0,0.4348,2011.9,12,1
ORD_105255,CUST_4253,Apparel,2636.29,0,1,0.1939,581.0,1,0
ORD_103556,CUST_4453,Apparel,4077.67,0,0,0.1333,271.5,2,0
ORD_102896,CUST_1710,Beauty,324.67,2,1,0.5785,2419.8,1,1
ORD_108874,CUST_3647,Apparel,419.37,0,1,0.0971,2541.4,2,0
ORD_114765,CUST_1003,Electronics,1717.24,7,1,0.1166,2328.3,12,0
ORD_103487,CUST_4984,Footwear,668.69,0,0,0.4463,2280.4,1,0
ORD_100440,CUST_3277,Apparel,1787.17,0,0,0.4125,221.5,6,0
ORD_101984,CUST_4028,Apparel,1317.22,1,0,0.1574,3407.4,1,1
ORD_102255,CUST_3054,Apparel,879.29,0,1,0.162,1947.1,1,1
ORD_112419,CUST_1230,Electronics,666.25,3,0,0.1261,622.9,6,0
ORD_110330,CUST_3441,Electronics,756.03,5,0,0.0314,3425.9,1,0
ORD_114970,CUST_4152,Electronics,1184.61,0,1,0.0607,2153.8,1,0
ORD_107022,CUST_1978,Beauty,959.26,1,1,0.1772,2810.6,1,0
ORD_112955,CUST_2587,Electronics,666.47,0,1,0.218,418.8,1,0
ORD_101844,CUST_4945,Beauty,2304.86,4,1,0.4344,860.2,1,1
ORD_106441,CUST_1081,Apparel,1740.29,0,1,0.1202,3221.6,1,1
ORD_113462,CUST_4746,Home & Kitchen,582.69,2,1,0.1641,476.9,2,1
ORD_111526,CUST_4317,Footwear,3254.43,2,0,0.2399,209.5,1,0
ORD_105145,CUST_4084,Electronics,2601.11,2,0,0.2492,2898.4,1,0
ORD_103481,CUST_3849,Electronics,1186.5,0,1,0.1137,2899.3,1,1
ORD_105695,CUST_4240,Electronics,784.11,1,1,0.1101,1059.1,12,0
ORD_112175,CUST_3456,Footwear,1274.6,1,0,0.1693,2872.1,1,0
ORD_110419,CUST_3003,Beauty,1263.71,0,1,0.1921,1460.8,1,0
ORD_108313,CUST_1347,Footwear,4579.38,5,1,0.0249,1944.2,1,0
ORD_104826,CUST_1266,Footwear,314.29,0,0,0.1855,1012.8,1,0
ORD_107679,CUST_1224,Beauty,434.25,0,1,0.3971,1762.9,1,1
ORD_102681,CUST_2525,Electronics,598.03,0,0,0.2744,3496.2,2,0
ORD_109092,CUST_4624,Home & Kitchen,2168.0,1,1,0.1081,1129.7,1,0
ORD_101506,CUST_4767,Electronics,868.41,0,1,0.0275,1957.2,1,0
ORD_106537,CUST_1053,Apparel,356.23,2,0,0.5433,988.0,1,1
ORD_106758,CUST_4582,Electronics,1574.74,2,0,0.4044,3174.0,1,0
ORD_113118,CUST_3763,Beauty,2376.88,0,0,0.239,3411.9,6,1
ORD_111065,CUST_1664,Beauty,1646.37,0,0,0.3445,3288.7,2,0
ORD_112369,CUST_4977,Apparel,374.96,0,0,0.0148,1009.8,1,0
ORD_106787,CUST_1206,Apparel,794.58,4,0,0.2879,2869.5,2,0
ORD_111718,CUST_4457,Home & Kitchen,4516.42,0,1,0.2323,1522.3,1,0
ORD_106343,CUST_1140,Apparel,766.37,4,0,0.3908,261.2,3,0
ORD_108886,CUST_3201,Beauty,3207.17,4,0,0.1974,2710.5,1,0
ORD_103817,CUST_2019,Footwear,1688.13,0,0,0.1122,1536.0,1,0
ORD_105015,CUST_1631,Home & Kitchen,766.18,0,0,0.1814,1566.6,1,0
ORD_104455,CUST_1261,Apparel,666.28,0,0,0.354,2273.0,1,0
ORD_101242,CUST_4086,Footwear,1883.22,0,0,0.1216,286.8,1,0
ORD_103457,CUST_3068,Apparel,1133.46,0,0,0.3076,2972.6,1,0
ORD_106340,CUST_1945,Beauty,579.23,0,0,0.3621,890.2,1,0
ORD_105884,CUST_4168,Electronics,556.51,0,0,0.4037,1337.9,1,0
ORD_103025,CUST_4189,Beauty,1211.95,4,1,0.3673,2651.3,1,0
ORD_112957,CUST_2824,Footwear,2276.81,0,1,0.2223,2552.7,1,0
ORD_113620,CUST_1557,Footwear,1365.04,5,1,0.2694,875.1,1,1
ORD_111409,CUST_3032,Home & Kitchen,780.52,0,1,0.3047,2085.9,1,0
ORD_105515,CUST_2787,Electronics,410.13,0,1,0.1175,3297.4,1,0
ORD_112686,CUST_2772,Apparel,1120.84,1,1,0.0092,1538.1,1,0
ORD_104755,CUST_2301,Electronics,1657.35,0,0,0.0857,2540.8,1,1
ORD_114703,CUST_3528,Footwear,732.92,0,1,0.2368,1950.1,1,1
ORD_105071,CUST_2950,Footwear,1199.86,0,0,0.127,3107.0,1,1
ORD_113464,CUST_2354,Apparel,1388.91,4,1,0.027,2624.4,1,0
ORD_106560,CUST_1370,Footwear,1082.23,1,0,0.2993,2184.1,1,0
ORD_108322,CUST_3126,Apparel,869.27,0,1,0.0445,2175.8,1,0
ORD_100803,CUST_1143,Apparel,1356.93,0,1,0.2923,1718.8,1,0
ORD_100469,CUST_3524,Beauty,918.72,2,1,0.0293,1073.7,1,1
ORD_107573,CUST_2935,Footwear,423.76,3,1,0.0955,1775.1,1,0
ORD_108674,CUST_2451,Apparel,1845.66,0,1,0.2344,1240.4,1,1
ORD_106987,CUST_1039,Footwear,666.42,0,1,0.2283,664.8,1,0
ORD_106460,CUST_3998,Electronics,888.06,3,1,0.3199,2633.8,1,0
ORD_106525,CUST_1803,Home & Kitchen,820.16,1,1,0.1489,2552.4,1,0
ORD_102198,CUST_1983,Apparel,5073.41,0,1,0.0212,2416.9,1,1
ORD_100279,CUST_4457,Home & Kitchen,700.24,0,1,0.1353,2691.4,6,1
ORD_103648,CUST_1282,Footwear,795.94,1,1,0.0366,1588.6,6,0
ORD_110738,CUST_2570,Apparel,1140.13,0,1,0.0565,3384.6,1,0
ORD_106998,CUST_4499,Apparel,565.0,0,0,0.3667,291.1,2,0
ORD_105074,CUST_4831,Apparel,2314.5,3,0,0.1606,2728.2,1,0
ORD_111115,CUST_3587,Beauty,1185.03,1,0,0.1804,2058.0,1,0
ORD_111547,CUST_2544,Apparel,1024.65,2,0,0.2675,776.0,3,0
ORD_103541,CUST_3415,Footwear,1753.81,7,1,0.0864,2209.8,2,1
ORD_106863,CUST_2654,Electronics,938.21,0,1,0.2543,3192.6,1,0
ORD_112729,CUST_2313,Electronics,3675.62,1,1,0.1511,2314.7,1,0
ORD_107052,CUST_1405,Beauty,6526.5,0,1,0.2407,1582.7,1,0
ORD_112535,CUST_1502,Apparel,550.33,3,0,0.3405,184.3,1,0
ORD_106652,CUST_3527,Apparel,1598.78,0,1,0.2201,1637.3,1,1
ORD_101797,CUST_4229,Home & Kitchen,996.65,0,0,0.0635,1825.4,6,0
ORD_108832,CUST_2935,Home & Kitchen,1304.54,0,0,0.1256,1802.4,1,0
ORD_104818,CUST_3211,Electronics,935.78,0,0,0.1446,599.3,3,0
ORD_103301,CUST_2048,Electronics,2205.76,3,1,0.0916,973.2,2,1
ORD_100244,CUST_2400,Apparel,383.68,2,1,0.4106,602.2,1,1
ORD_111334,CUST_2055,Footwear,3170.7,2,0,0.1477,209.3,3,0
ORD_111747,CUST_3434,Footwear,984.58,1,1,0.0759,2098.7,2,0
ORD_107355,CUST_1883,Beauty,1499.9,0,1,0.1822,2692.4,1,0
ORD_104744,CUST_3416,Apparel,763.53,0,0,0.0613,1835.6,1,0
ORD_110836,CUST_3707,Home & Kitchen,450.4,1,1,0.1863,639.2,1,0
ORD_108303,CUST_1920,Home & Kitchen,4454.33,0,1,0.4587,3097.1,2,0
ORD_109440,CUST_1437,Footwear,1034.85,2,0,0.0534,2328.5,1,0
ORD_114879,CUST_4812,Electronics,386.82,2,1,0.1253,2771.9,1,0
ORD_100584,CUST_3931,Home & Kitchen,1042.76,3,0,0.261,1509.0,2,0
ORD_112832,CUST_1716,Apparel,356.72,1,1,0.4533,1039.5,1,1
ORD_100534,CUST_1035,Apparel,1357.58,1,1,0.1326,2535.2,3,0
ORD_104070,CUST_2011,Apparel,714.89,0,1,0.1724,1597.3,3,0
ORD_107251,CUST_3105,Footwear,3698.94,0,0,0.2624,1212.3,1,0
ORD_102077,CUST_1339,Apparel,1775.06,0,0,0.1993,1534.6,1,0
ORD_104486,CUST_1891,Apparel,2315.72,0,0,0.2451,3031.4,1,0
ORD_105185,CUST_3788,Footwear,1442.73,1,1,0.2024,1724.5,2,0
ORD_102551,CUST_2341,Apparel,1124.63,0,0,0.1554,1895.5,2,0
ORD_100806,CUST_4170,Electronics,704.03,3,0,0.1495,2961.5,1,0
ORD_110207,CUST_4140,Footwear,2674.99,7,0,0.1477,1199.9,1,0
ORD_104120,CUST_3976,Apparel,6369.59,0,0,0.2938,1295.5,1,0
ORD_101209,CUST_2890,Electronics,459.28,3,0,0.1895,1362.3,1,0
ORD_114103,CUST_3872,Beauty,1156.81,0,0,0.1319,474.7,1,0
ORD_113851,CUST_4368,Home & Kitchen,962.38,2,1,0.1302,798.3,6,0
ORD_102460,CUST_2367,Electronics,836.02,0,0,0.0384,1113.6,2,0
ORD_103005,CUST_4312,Electronics,705.68,0,1,0.1506,1359.6,2,1
ORD_111066,CUST_2717,Apparel,3869.07,0,0,0.0827,886.7,1,0
ORD_102046,CUST_4241,Apparel,3524.53,0,0,0.2783,981.6,1,0
ORD_106026,CUST_3928,Footwear,575.24,0,1,0.2854,2782.9,3,0
ORD_111786,CUST_3554,Home & Kitchen,1907.01,0,1,0.126,3380.9,1,0
ORD_101134,CUST_4845,Home & Kitchen,1147.12,1,0,0.3131,940.8,2,1
ORD_100140,CUST_2152,Beauty,1149.65,0,0,0.1922,973.5,1,0
ORD_102369,CUST_3204,Apparel,913.72,1,1,0.1136,788.5,1,0
ORD_104489,CUST_2830,Home & Kitchen,1188.99,0,1,0.0838,1482.5,12,0
ORD_109552,CUST_1985,Electronics,891.04,0,0,0.0635,1450.1,6,0
ORD_113591,CUST_4535,Footwear,1276.58,5,0,0.2634,1469.1,1,0
ORD_101842,CUST_2622,Apparel,2268.91,2,0,0.0535,2433.3,1,1
ORD_106516,CUST_4513,Apparel,784.06,2,1,0.3497,2330.2,6,1
ORD_104510,CUST_1182,Footwear,1019.31,1,1,0.1401,406.5,3,0
ORD_104794,CUST_2134,Apparel,575.27,7,1,0.34,208.9,1,0
ORD_106061,CUST_1643,Home & Kitchen,1292.33,0,1,0.2116,2699.7,1,0
ORD_107672,CUST_4049,Apparel,604.09,0,1,0.3805,2284.2,2,1
ORD_107929,CUST_4950,Electronics,1611.17,0,1,0.1247,416.8,1,0
ORD_103124,CUST_3472,Apparel,1196.52,0,0,0.0618,1214.3,2,0
ORD_112900,CUST_1447,Footwear,1104.46,3,0,0.1998,1567.4,1,1
ORD_108769,CUST_2370,Home & Kitchen,2952.45,1,1,0.2883,3423.3,3,0
ORD_112749,CUST_2020,Apparel,626.13,0,0,0.0974,3244.5,1,0
ORD_114225,CUST_1576,Footwear,2400.97,0,1,0.2003,1615.3,1,0
ORD_102496,CUST_1591,Apparel,1469.98,1,1,0.0682,1197.9,1,0
ORD_107070,CUST_2200,Apparel,2342.58,0,0,0.0721,2636.4,1,0
ORD_102511,CUST_2768,Apparel,1315.45,2,1,0.0993,1952.5,1,1
ORD_113438,CUST_2253,Footwear,1689.19,3,1,0.1135,1023.4,3,1
ORD_109824,CUST_1545,Beauty,1740.58,1,1,0.123,3488.0,1,0
ORD_100013,CUST_2482,Home & Kitchen,7354.97,3,0,0.1174,593.8,1,1
ORD_113371,CUST_3225,Apparel,1944.4,2,1,0.0916,1780.2,1,0
ORD_114992,CUST_1887,Beauty,1953.82,0,1,0.0733,1442.0,1,0
ORD_102368,CUST_3844,Apparel,366.58,0,0,0.0487,779.0,2,0
ORD_106984,CUST_3896,Apparel,2375.11,2,1,0.2267,1867.7,1,1
ORD_111260,CUST_1505,Apparel,849.71,7,0,0.0939,2438.8,1,1
ORD_106315,CUST_4630,Footwear,454.55,0,0,0.1808,570.4,1,0
ORD_109148,CUST_4937,Electronics,2133.61,1,1,0.1618,1949.4,1,1
ORD_111975,CUST_4598,Apparel,505.45,3,0,0.4143,2551.3,6,1
ORD_111795,CUST_1168,Apparel,1190.21,0,1,0.0702,2350.6,1,0
ORD_104302,CUST_2904,Apparel,325.46,0,1,0.4913,2292.5,1,0
ORD_100535,CUST_1684,Electronics,760.08,1,0,0.2423,3428.9,1,0
ORD_108731,CUST_4560,Beauty,341.43,0,0,0.0493,2136.0,1,1
ORD_105562,CUST_1860,Apparel,2704.31,0,1,0.1154,3314.9,1,0
ORD_114026,CUST_1491,Home & Kitchen,1240.02,1,0,0.2778,1998.6,3,0
ORD_109957,CUST_2822,Footwear,1315.19,0,0,0.2829,3185.8,6,0
ORD_114843,CUST_3553,Apparel,768.24,0,0,0.0689,1439.6,1,0
ORD_114961,CUST_3088,Apparel,963.72,0,1,0.0793,2032.1,1,0
ORD_109772,CUST_4122,Beauty,1548.06,0,0,0.2429,3101.0,3,0
ORD_105339,CUST_1630,Footwear,1949.52,0,1,0.0864,949.5,2,0
ORD_101115,CUST_2019,Electronics,1826.3,0,0,0.1229,1349.6,6,0
ORD_111310,CUST_3617,Footwear,425.29,3,1,0.4107,1316.8,1,1
ORD_105994,CUST_1559,Apparel,2028.24,0,1,0.1963,3240.8,1,1
ORD_100253,CUST_2479,Home & Kitchen,381.5,4,0,0.0845,1375.1,2,0
ORD_114695,CUST_1690,Home & Kitchen,4955.79,3,1,0.0818,1791.4,1,1
ORD_114360,CUST_2578,Footwear,316.13,5,0,0.1499,3371.5,1,0
ORD_111179,CUST_1438,Beauty,856.13,1,1,0.2992,1664.6,3,0
ORD_113500,CUST_2885,Footwear,3016.96,0,0,0.2669,3198.6,1,1
ORD_110229,CUST_1432,Footwear,879.79,1,0,0.046,1083.3,1,0
ORD_100072,CUST_3824,Apparel,2068.89,0,1,0.3617,1955.7,2,0
ORD_109584,CUST_3865,Home & Kitchen,408.68,4,0,0.0867,857.0,1,0
ORD_108947,CUST_4740,Electronics,861.09,0,0,0.139,2957.3,1,1
ORD_100962,CUST_4719,Home & Kitchen,482.35,0,0,0.1166,3331.8,6,0
ORD_106068,CUST_2271,Beauty,1483.09,0,1,0.0859,2475.2,2,0
ORD_105696,CUST_2988,Footwear,821.74,0,0,0.0597,394.6,1,0
ORD_104856,CUST_4070,Apparel,2875.31,1,0,0.0894,3097.7,1,0
ORD_104221,CUST_1895,Apparel,608.92,0,1,0.2491,3004.1,2,1
ORD_105522,CUST_3837,Apparel,891.66,3,1,0.1672,906.5,1,1
ORD_111743,CUST_2228,Footwear,3117.04,1,1,0.3774,3288.6,6,1
ORD_110153,CUST_4176,Apparel,855.25,1,0,0.1363,3140.3,1,1
ORD_106552,CUST_1394,Apparel,330.97,0,0,0.2001,1950.7,1,0
ORD_103829,CUST_2733,Apparel,588.91,0,1,0.3576,1939.7,6,0
ORD_110030,CUST_3938,Home & Kitchen,575.43,7,1,0.054,2976.7,1,0
ORD_100510,CUST_4710,Footwear,381.24,4,1,0.1747,1497.7,1,0
ORD_108459,CUST_1746,Electronics,3149.29,4,1,0.0575,815.8,1,0
ORD_111157,CUST_4073,Beauty,341.73,2,0,0.0849,2520.9,6,0
ORD_109690,CUST_4304,Electronics,455.83,0,1,0.116,2455.7,3,0
ORD_102930,CUST_2177,Electronics,2112.81,0,0,0.1911,156.6,6,0
ORD_109632,CUST_3585,Electronics,833.66,0,1,0.0235,1957.7,1,0
ORD_109389,CUST_1178,Beauty,342.04,1,1,0.2268,2145.4,1,0
ORD_111583,CUST_4162,Beauty,321.5,0,0,0.1796,3277.9,1,0
ORD_112780,CUST_3371,Footwear,794.01,1,1,0.1789,2773.0,3,0
ORD_103514,CUST_3324,Apparel,3007.16,0,0,0.1249,1742.8,6,0
ORD_108683,CUST_4511,Apparel,1217.3,1,0,0.234,805.8,3,0
ORD_110637,CUST_4925,Home & Kitchen,889.88,0,0,0.2051,2230.7,6,0
ORD_100093,CUST_4461,Electronics,912.8,0,1,0.1247,2637.2,1,0
ORD_100669,CUST_3569,Apparel,617.64,0,1,0.105,1831.3,1,1
ORD_111595,CUST_3991,Apparel,1504.73,0,0,0.0853,3080.3,1,0
ORD_112640,CUST_4901,Apparel,316.91,0,0,0.0729,1887.6,3,1
ORD_114356,CUST_2896,Beauty,2055.31,0,0,0.1073,2360.7,3,0
ORD_109826,CUST_3569,Electronics,2710.57,1,1,0.2364,3006.1,6,0
ORD_102762,CUST_1281,Electronics,1064.31,0,1,0.681,3261.7,1,1
ORD_111101,CUST_2354,Home & Kitchen,1445.64,0,0,0.5421,337.1,1,0
ORD_112476,CUST_2394,Apparel,609.41,0,0,0.0242,2353.6,1,1
ORD_113028,CUST_4153,Home & Kitchen,706.01,1,0,0.142,3351.4,1,0
ORD_102906,CUST_4568,Footwear,1535.55,0,1,0.0631,1616.6,1,0
ORD_101965,CUST_2223,Apparel,1383.24,0,1,0.1026,1414.6,12,0
ORD_106584,CUST_4852,Footwear,626.38,3,0,0.524,3347.2,2,0
ORD_106654,CUST_3505,Apparel,888.53,2,0,0.0368,3322.4,2,0
ORD_112393,CUST_3850,Apparel,1069.65,0,1,0.1655,1807.1,1,0
ORD_103027,CUST_3773,Electronics,1224.38,1,1,0.1668,2602.0,1,0
ORD_104931,CUST_2309,Home & Kitchen,1311.48,0,0,0.3562,976.2,1,1
ORD_114781,CUST_4911,Beauty,3251.13,0,0,0.2477,2724.9,1,1
ORD_114631,CUST_1066,Electronics,1769.68,0,1,0.1147,3023.4,1,1
ORD_102491,CUST_3635,Footwear,329.69,0,1,0.6061,763.1,2,1
ORD_111668,CUST_2739,Apparel,574.14,2,1,0.348,422.4,2,1
ORD_100591,CUST_3703,Electronics,2777.02,0,0,0.2165,2883.4,2,0
ORD_112838,CUST_3515,Apparel,1248.36,3,1,0.0837,1771.6,1,0
ORD_106077,CUST_4751,Electronics,1488.38,0,1,0.1014,231.8,1,0
ORD_112319,CUST_1560,Apparel,1204.18,2,1,0.388,771.6,1,1
ORD_112616,CUST_3871,Apparel,3144.32,3,0,0.1746,1875.2,2,0
ORD_111493,CUST_1116,Beauty,993.39,0,1,0.2827,2102.9,2,1
ORD_105586,CUST_4349,Electronics,1996.14,0,0,0.1115,3426.4,6,0
ORD_100569,CUST_4050,Electronics,1091.2,5,1,0.2137,2011.2,2,1
ORD_113989,CUST_3916,Electronics,3972.72,1,0,0.125,2995.0,1,0
ORD_111788,CUST_2009,Home & Kitchen,1702.88,1,1,0.121,677.4,3,0
ORD_103707,CUST_3547,Footwear,694.0,4,1,0.2341,2997.8,1,0
ORD_106797,CUST_1089,Footwear,2347.74,4,1,0.2169,3034.6,1,0
ORD_112614,CUST_3070,Footwear,1794.72,3,0,0.2544,2238.3,1,0
ORD_113903,CUST_4127,Electronics,1113.33,10,1,0.1689,2309.9,1,0
ORD_104431,CUST_3395,Apparel,1268.96,0,1,0.2044,1430.4,2,0
ORD_108924,CUST_4369,Electronics,746.19,2,0,0.0874,854.5,3,0
ORD_106471,CUST_4930,Apparel,1535.76,1,1,0.0227,1139.5,12,0
ORD_100491,CUST_3006,Apparel,1481.49,0,1,0.2666,1511.2,1,1
ORD_114944,CUST_4959,Apparel,653.98,0,0,0.0343,3389.0,1,0
ORD_112494,CUST_3650,Apparel,619.59,0,1,0.108,2151.3,1,1
ORD_100422,CUST_2527,Home & Kitchen,1628.69,1,1,0.1831,2528.9,1,0
ORD_109284,CUST_1188,Electronics,1980.18,0,0,0.1361,740.7,1,0
ORD_114094,CUST_4180,Electronics,868.52,0,0,0.4493,3367.1,6,0
ORD_112038,CUST_1371,Apparel,1055.91,1,1,0.0359,2887.7,1,0
ORD_102388,CUST_3350,Electronics,889.43,1,0,0.1926,1347.5,1,0
ORD_100647,CUST_2092,Home & Kitchen,552.86,0,1,0.1732,560.8,6,0
ORD_106748,CUST_2745,Electronics,361.21,1,1,0.4164,690.0,6,0
ORD_100973,CUST_3549,Footwear,539.03,5,0,0.1959,911.0,1,0
ORD_111204,CUST_4752,Electronics,582.73,4,0,0.4359,1681.7,3,0
ORD_112923,CUST_3437,Apparel,1695.58,2,0,0.1891,2565.0,1,0
ORD_103597,CUST_4697,Apparel,911.34,3,1,0.3152,280.6,2,1
ORD_110292,CUST_3575,Apparel,1294.3,0,0,0.295,2354.4,2,0
ORD_111168,CUST_2051,Home & Kitchen,506.42,0,0,0.0373,3128.9,1,0
ORD_105859,CUST_1839,Home & Kitchen,1725.12,1,0,0.1821,256.7,1,0
ORD_105312,CUST_3823,Beauty,746.58,3,0,0.1966,924.7,1,0
ORD_101967,CUST_3513,Electronics,2528.79,1,1,0.2845,888.5,1,0
ORD_107150,CUST_3983,Electronics,1745.6,4,1,0.0918,2940.5,12,0
ORD_110884,CUST_4040,Apparel,1518.12,0,1,0.2269,3448.0,1,0
ORD_100838,CUST_3539,Beauty,1356.99,0,0,0.0449,1790.3,1,0
ORD_113818,CUST_1909,Apparel,936.67,0,0,0.0541,2353.6,1,0
ORD_114789,CUST_2651,Beauty,870.91,1,1,0.2695,2506.9,3,1
ORD_109825,CUST_4240,Apparel,377.95,1,1,0.1123,378.3,1,0
ORD_102223,CUST_3745,Footwear,1852.21,1,1,0.2958,3197.7,1,0
ORD_114035,CUST_1122,Apparel,450.59,0,0,0.0535,922.2,1,0
ORD_100775,CUST_2821,Footwear,4816.84,0,1,0.1428,686.2,1,1
ORD_104676,CUST_4740,Footwear,514.94,0,0,0.2769,2483.4,2,0
ORD_114546,CUST_3464,Footwear,515.8,0,1,0.0544,1662.8,1,0
ORD_112761,CUST_4975,Apparel,3886.3,5,0,0.0389,1273.5,1,0
ORD_113948,CUST_2862,Home & Kitchen,784.39,7,1,0.08,2243.9,1,1
ORD_110830,CUST_2860,Apparel,1181.17,0,0,0.2325,2318.1,1,0
ORD_103815,CUST_1970,Home & Kitchen,1387.93,2,0,0.0872,1766.4,2,1
ORD_103821,CUST_3448,Beauty,3710.58,0,0,0.0308,1387.3,1,0
ORD_111214,CUST_3086,Footwear,2132.07,2,1,0.1343,496.7,1,1
ORD_114272,CUST_2596,Electronics,1967.49,0,0,0.1737,1883.0,1,0
ORD_109424,CUST_1326,Electronics,1193.88,0,1,0.344,1027.3,1,0
ORD_112615,CUST_4629,Beauty,398.55,1,0,0.1923,2119.6,1,0
ORD_113142,CUST_1729,Beauty,1063.52,1,0,0.1498,388.1,2,0
ORD_109966,CUST_3976,Beauty,1183.51,0,0,0.0748,2352.6,3,0
ORD_105023,CUST_4878,Apparel,4613.82,3,0,0.1261,2757.2,1,0
ORD_112577,CUST_3042,Electronics,1587.08,1,0,0.1842,1436.3,1,1
ORD_106717,CUST_3902,Footwear,1028.79,1,1,0.2738,3168.8,1,1
ORD_114314,CUST_4854,Footwear,2839.38,2,0,0.1932,605.3,1,0
ORD_110795,CUST_4861,Footwear,452.61,1,1,0.1985,756.3,6,0
ORD_113178,CUST_3022,Footwear,5948.62,2,1,0.2468,2784.8,3,1
ORD_106475,CUST_2085,Apparel,1197.85,1,1,0.0423,2182.8,1,0
ORD_103309,CUST_1536,Apparel,636.53,0,1,0.1422,3175.2,1,0
ORD_111843,CUST_1928,Electronics,2541.3,0,1,0.1038,172.4,1,0
ORD_114762,CUST_1992,Electronics,469.66,0,0,0.4277,1192.9,1,0
ORD_101564,CUST_1603,Electronics,933.67,0,0,0.2945,614.4,1,0
ORD_109948,CUST_1842,Electronics,2064.77,0,1,0.0499,2761.3,3,0
ORD_113424,CUST_1667,Footwear,6805.55,0,0,0.0989,3134.7,2,0
ORD_100758,CUST_2571,Footwear,470.82,2,1,0.1856,1241.4,1,0
ORD_101649,CUST_4701,Apparel,373.14,0,0,0.1168,2560.8,1,0
ORD_111219,CUST_1784,Electronics,1925.53,0,1,0.145,1422.5,1,0
ORD_112426,CUST_3280,Electronics,2706.03,0,1,0.1093,2929.3,1,0
ORD_105692,CUST_2534,Home & Kitchen,705.87,2,1,0.0825,821.0,1,0
ORD_105750,CUST_4173,Apparel,890.9,1,0,0.1028,3110.5,1,0
ORD_112779,CUST_2810,Footwear,1357.94,0,1,0.1009,941.2,1,0
ORD_107915,CUST_1015,Electronics,2346.79,0,0,0.0853,3267.6,1,0
ORD_113990,CUST_1467,Apparel,2735.12,0,1,0.1888,1596.3,1,0
ORD_104446,CUST_4655,Apparel,617.14,0,0,0.1387,1666.9,1,0
ORD_110500,CUST_4336,Electronics,2208.64,0,1,0.0695,1212.4,1,0
ORD_110236,CUST_4632,Apparel,540.23,0,0,0.4163,879.1,2,0
ORD_106388,CUST_2167,Beauty,815.12,0,0,0.2106,1016.2,1,0
ORD_104352,CUST_2762,Footwear,2605.75,4,0,0.07,2009.1,1,0
ORD_103543,CUST_4408,Footwear,897.22,0,0,0.0989,344.2,1,0
ORD_110037,CUST_2131,Footwear,933.65,0,0,0.1848,1258.4,1,0
ORD_113452,CUST_1381,Beauty,3287.72,3,1,0.2849,3303.7,12,0
ORD_103717,CUST_2037,Apparel,586.87,1,1,0.3023,2701.4,2,1
ORD_109839,CUST_2420,Footwear,2188.42,0,0,0.3168,2606.5,1,0
ORD_112719,CUST_3488,Footwear,2232.24,0,1,0.1963,1641.0,1,0
ORD_103667,CUST_3460,Beauty,537.79,1,0,0.2609,2649.9,1,0
ORD_111344,CUST_3744,Electronics,733.63,1,0,0.0751,2934.2,1,1
ORD_108398,CUST_4102,Apparel,1235.36,0,1,0.1988,2989.3,1,0
ORD_102638,CUST_3467,Footwear,461.9,1,1,0.2464,3397.1,1,0
ORD_112930,CUST_4150,Home & Kitchen,1135.32,3,1,0.0681,2055.6,1,0
ORD_113969,CUST_1352,Apparel,375.09,1,0,0.2458,2915.7,1,1
ORD_104598,CUST_1628,Electronics,755.37,1,1,0.2369,680.5,1,0
ORD_107911,CUST_3363,Apparel,2158.64,1,0,0.0347,354.8,1,0
ORD_114401,CUST_1911,Apparel,740.04,1,1,0.0138,2204.8,6,1
ORD_113412,CUST_3206,Electronics,1704.2,0,1,0.1048,1223.6,1,1
ORD_110084,CUST_2876,Apparel,413.42,0,1,0.2665,2264.4,1,0
ORD_107729,CUST_3550,Apparel,613.49,0,1,0.0734,526.1,1,0
ORD_106072,CUST_3424,Apparel,1281.21,3,1,0.0713,2651.0,2,0
ORD_110887,CUST_3782,Home & Kitchen,1122.31,0,1,0.1546,3093.4,1,0
ORD_102755,CUST_4953,Footwear,999.36,0,0,0.5631,2407.9,1,0
ORD_101303,CUST_4517,Electronics,812.8,3,0,0.2028,863.4,1,0
ORD_104146,CUST_1574,Home & Kitchen,2298.72,2,1,0.18,1480.6,1,0
ORD_105555,CUST_4674,Apparel,780.1,3,1,0.0024,1816.7,1,1
ORD_105035,CUST_2304,Electronics,814.07,0,1,0.2021,3298.1,12,1
ORD_109573,CUST_4201,Electronics,1437.45,0,0,0.1413,882.9,3,0
ORD_101487,CUST_3336,Home & Kitchen,408.01,1,1,0.2103,845.3,1,0
ORD_108516,CUST_4524,Beauty,1491.91,0,0,0.263,1082.4,1,0
ORD_114777,CUST_1380,Electronics,2532.25,1,1,0.1334,2553.6,2,0
ORD_101027,CUST_1404,Footwear,4281.13,0,1,0.0529,1280.3,1,0
ORD_106083,CUST_2503,Footwear,591.95,0,1,0.2147,516.8,1,0
ORD_105304,CUST_1972,Apparel,2182.27,0,1,0.3181,1155.7,1,1
ORD_110314,CUST_4832,Apparel,977.74,0,0,0.1418,2509.2,1,0
ORD_108145,CUST_2270,Electronics,1599.1,0,1,0.2702,683.1,1,0
ORD_106559,CUST_3443,Apparel,903.59,0,1,0.1127,754.6,1,0
ORD_101725,CUST_4300,Apparel,2350.59,4,0,0.2418,456.2,2,1
ORD_111048,CUST_4718,Apparel,299.01,3,1,0.0929,1946.6,1,1
ORD_100250,CUST_2282,Home & Kitchen,1604.97,2,1,0.424,1262.8,1,1
ORD_112157,CUST_4078,Apparel,847.47,0,1,0.2695,2964.1,1,0
ORD_104933,CUST_4805,Apparel,2481.11,3,1,0.2341,1069.5,1,1
ORD_105426,CUST_2116,Electronics,429.11,0,1,0.2112,1959.0,2,0
ORD_101479,CUST_3204,Electronics,422.93,0,0,0.2027,471.8,1,0
ORD_106331,CUST_4552,Beauty,332.98,2,1,0.1771,1154.6,6,0
ORD_107602,CUST_4384,Beauty,337.7,2,0,0.1933,2574.2,6,0
ORD_103111,CUST_3668,Apparel,575.7,1,0,0.1023,1292.8,1,0
ORD_113534,CUST_4912,Electronics,508.37,4,0,0.1476,3043.3,2,1
ORD_103376,CUST_4292,Beauty,654.76,0,1,0.0574,1723.9,1,0
ORD_114257,CUST_1489,Apparel,1098.15,2,0,0.087,3113.3,1,0
ORD_106449,CUST_1634,Apparel,594.18,3,0,0.2532,2685.6,3,0
ORD_105497,CUST_4667,Electronics,1628.3,0,0,0.2949,2799.7,12,0
ORD_105917,CUST_2845,Footwear,529.32,0,0,0.3596,2322.3,1,0
ORD_100859,CUST_2388,Home & Kitchen,6971.52,1,0,0.1277,739.2,1,0
ORD_108195,CUST_4034,Footwear,1922.24,0,0,0.1097,1324.4,1,0
ORD_103558,CUST_2613,Footwear,312.21,0,1,0.2013,2346.8,1,0
ORD_109217,CUST_4731,Electronics,1299.2,1,1,0.1427,1671.7,2,0
ORD_104558,CUST_1989,Home & Kitchen,3670.76,4,1,0.2406,2088.1,1,0
ORD_101972,CUST_4993,Apparel,652.3,4,1,0.0994,906.5,2,0
ORD_110431,CUST_2520,Apparel,3139.32,0,1,0.0719,1224.5,1,0
ORD_105592,CUST_2603,Apparel,703.7,0,1,0.3047,3017.1,1,0
ORD_110506,CUST_1418,Apparel,699.37,0,1,0.084,1462.0,1,1
ORD_102792,CUST_3542,Electronics,491.19,3,1,0.3591,3087.6,1,1
ORD_106220,CUST_4606,Beauty,573.16,3,0,0.1947,567.5,2,0
ORD_105176,CUST_4839,Apparel,4373.79,0,1,0.2234,602.0,1,1
ORD_102845,CUST_4218,Footwear,905.73,0,1,0.0836,2425.6,1,0
ORD_102192,CUST_1039,Apparel,1802.55,0,1,0.1092,3313.5,1,0
ORD_107062,CUST_2229,Home & Kitchen,1645.37,1,1,0.2615,2332.7,1,0
ORD_101997,CUST_1826,Electronics,968.25,1,1,0.1776,3452.9,1,0
ORD_111414,CUST_2377,Apparel,4652.17,0,1,0.062,428.1,1,0
ORD_101787,CUST_2076,Beauty,1746.26,7,0,0.112,531.5,1,1
ORD_103452,CUST_4804,Home & Kitchen,797.15,7,1,0.1979,2590.2,1,1
ORD_110874,CUST_2015,Footwear,1912.62,0,1,0.0393,3174.6,6,1
ORD_111573,CUST_2395,Footwear,2380.17,0,1,0.2877,891.8,1,0
ORD_108932,CUST_4579,Apparel,1615.64,1,1,0.1159,3292.8,6,1
ORD_105406,CUST_4644,Apparel,582.48,4,1,0.1301,740.8,1,0
ORD_100652,CUST_1957,Electronics,904.57,7,1,0.1724,1926.4,1,1
ORD_105533,CUST_4336,Apparel,437.26,0,0,0.1482,910.6,1,0
ORD_110305,CUST_1061,Apparel,756.5,0,1,0.116,3228.1,1,1
ORD_105837,CUST_1999,Footwear,683.32,1,1,0.1993,3447.1,3,0
ORD_106289,CUST_2629,Beauty,4962.73,0,1,0.2462,1971.1,3,0
ORD_114367,CUST_4618,Apparel,760.44,1,1,0.1448,2742.3,1,1
ORD_105747,CUST_2658,Home & Kitchen,1970.34,1,0,0.1043,1691.8,1,0
ORD_100308,CUST_1202,Home & Kitchen,648.02,0,1,0.1956,1600.6,1,0
ORD_105089,CUST_4167,Beauty,763.77,0,0,0.016,2307.9,1,0
ORD_100930,CUST_2555,Electronics,1814.64,0,0,0.547,1569.6,3,0
ORD_111507,CUST_3605,Home & Kitchen,3469.07,0,0,0.1656,1055.1,1,1
ORD_112156,CUST_1737,Apparel,461.71,4,0,0.222,2065.7,2,0
ORD_108065,CUST_1163,Electronics,607.96,4,0,0.2011,964.2,1,0
ORD_103551,CUST_3510,Footwear,371.85,1,1,0.1079,2724.1,2,0
ORD_103908,CUST_2974,Footwear,1721.87,1,0,0.2107,3154.7,1,0
ORD_114011,CUST_3346,Apparel,1893.28,4,0,0.0691,263.5,1,0
ORD_107002,CUST_2350,Footwear,457.1,0,1,0.1244,391.9,1,0
ORD_104160,CUST_1246,Apparel,2072.5,0,0,0.1283,2111.2,1,1
ORD_114918,CUST_3284,Beauty,1150.0,2,0,0.3714,2918.9,1,0
ORD_105693,CUST_1419,Apparel,684.18,0,1,0.1508,2491.9,1,1
ORD_100211,CUST_4242,Footwear,1778.51,2,0,0.4169,2037.9,1,0
ORD_100038,CUST_4632,Apparel,636.43,0,1,0.0769,1745.3,1,1
ORD_108042,CUST_2892,Footwear,1319.39,0,0,0.3274,904.3,1,0
ORD_108062,CUST_3776,Footwear,566.9,3,1,0.0862,1751.5,1,0
ORD_110423,CUST_4937,Electronics,762.44,1,0,0.3793,894.7,1,0
ORD_110403,CUST_2407,Footwear,3698.94,0,0,0.2341,971.0,1,0
ORD_104249,CUST_4830,Apparel,540.3,1,0,0.0879,2196.0,1,0
ORD_110285,CUST_4769,Footwear,975.47,3,1,0.2019,2946.3,1,0
ORD_111677,CUST_2108,Home & Kitchen,1415.71,0,1,0.144,2791.7,1,0
ORD_104291,CUST_3659,Home & Kitchen,819.91,0,1,0.2423,1517.8,2,0
ORD_101405,CUST_2160,Home & Kitchen,902.12,0,0,0.2651,744.2,1,0
ORD_106534,CUST_4516,Apparel,2957.05,0,1,0.0775,691.5,1,0
ORD_101755,CUST_4744,Apparel,1209.78,0,1,0.4728,3212.1,3,1
ORD_100155,CUST_3278,Home & Kitchen,1585.82,0,0,0.2309,2693.4,6,0
ORD_113419,CUST_1728,Apparel,1037.32,0,1,0.2178,1316.5,1,1
ORD_103661,CUST_3743,Footwear,2623.54,0,0,0.0403,2876.3,1,0
ORD_106845,CUST_3259,Apparel,1878.7,5,0,0.527,2019.6,1,1
ORD_108160,CUST_4603,Beauty,679.1,2,1,0.1032,3396.6,3,0
ORD_113192,CUST_2529,Electronics,4614.6,2,1,0.1659,3464.4,1,0
ORD_111185,CUST_4396,Apparel,2136.63,0,1,0.0815,856.7,1,0
ORD_100931,CUST_4512,Home & Kitchen,976.15,0,0,0.0619,2900.9,6,0
ORD_103924,CUST_2251,Beauty,4299.9,0,0,0.1912,357.4,1,0
ORD_102471,CUST_1337,Footwear,344.2,1,1,0.072,3404.3,1,0
ORD_114727,CUST_1809,Apparel,1375.52,0,0,0.1754,1947.0,2,0
ORD_102475,CUST_1165,Apparel,3866.82,1,0,0.1975,1485.2,2,0
ORD_103708,CUST_3979,Apparel,972.05,0,1,0.0614,2054.7,1,0
ORD_107217,CUST_1821,Apparel,2082.35,0,0,0.5183,2576.7,1,0
ORD_109233,CUST_3879,Electronics,2540.98,0,0,0.1051,1855.9,12,0
ORD_108083,CUST_3014,Apparel,303.95,3,1,0.1468,181.3,1,0
ORD_110345,CUST_4796,Beauty,587.05,0,1,0.3459,3388.8,1,0
ORD_114010,CUST_1012,Electronics,699.7,1,0,0.4828,2975.7,1,0
ORD_112274,CUST_2150,Electronics,1067.77,0,1,0.2929,845.0,6,0
ORD_106151,CUST_4641,Footwear,598.14,0,1,0.0356,1288.4,1,0
ORD_114499,CUST_3279,Apparel,1421.57,2,1,0.466,2509.8,1,1
ORD_112699,CUST_1536,Home & Kitchen,1086.25,3,0,0.1755,965.9,1,0
ORD_100977,CUST_1928,Footwear,2427.07,2,1,0.3492,3248.1,1,0
ORD_113457,CUST_4621,Apparel,1253.58,0,1,0.1423,2106.4,2,0
ORD_111851,CUST_1994,Electronics,701.32,1,1,0.129,3114.5,6,0
ORD_108853,CUST_4617,Electronics,1230.77,0,1,0.1924,1872.8,3,1
ORD_114320,CUST_3108,Home & Kitchen,8824.61,2,0,0.0249,557.6,1,0
ORD_110857,CUST_2934,Footwear,3576.53,0,0,0.3177,3384.8,1,1
ORD_110311,CUST_1364,Apparel,694.21,1,0,0.2742,807.1,6,0
ORD_109405,CUST_1585,Beauty,872.52,5,0,0.351,705.8,1,1
ORD_114183,CUST_1729,Electronics,405.92,1,0,0.071,2921.0,12,1
ORD_100616,CUST_2081,Home & Kitchen,3340.25,0,1,0.2955,1850.5,1,0
ORD_111245,CUST_3258,Apparel,1655.64,2,0,0.1253,268.3,3,0
ORD_113188,CUST_3018,Home & Kitchen,1924.39,2,0,0.1316,1666.2,1,0
ORD_110752,CUST_4650,Beauty,500.45,0,0,0.1617,1460.2,1,0
ORD_108100,CUST_2333,Apparel,2873.16,0,0,0.3544,2028.9,1,1
ORD_108170,CUST_1705,Apparel,675.82,4,1,0.3251,2776.8,1,1
ORD_100190,CUST_1206,Footwear,2399.45,1,1,0.3047,1856.2,1,0
ORD_104013,CUST_3889,Electronics,344.56,0,1,0.2635,721.0,1,0
ORD_109958,CUST_3623,Apparel,1173.32,0,1,0.1331,3220.7,1,0
ORD_103348,CUST_2950,Apparel,659.46,0,1,0.4156,1585.3,2,0
ORD_102333,CUST_1703,Electronics,1168.72,1,1,0.0805,2034.7,1,0
ORD_100675,CUST_4294,Footwear,704.28,0,1,0.0172,1525.6,1,0
ORD_111490,CUST_2770,Apparel,1876.24,0,0,0.0299,2063.9,1,0
ORD_102702,CUST_3046,Home & Kitchen,336.82,2,1,0.1429,741.0,1,0
ORD_111753,CUST_4543,Apparel,3366.06,1,0,0.1996,2234.0,1,0
ORD_104790,CUST_2303,Electronics,1652.81,3,0,0.1506,3300.1,1,0
ORD_103927,CUST_3643,Home & Kitchen,431.95,2,1,0.1231,3182.5,1,0
ORD_111158,CUST_2000,Apparel,344.29,0,0,0.0925,346.7,2,0
ORD_113915,CUST_1316,Electronics,645.06,0,1,0.2852,2129.5,1,0
ORD_114366,CUST_2648,Electronics,571.4,1,1,0.3404,188.4,3,0
ORD_109530,CUST_1573,Electronics,372.39,2,1,0.2315,1710.9,1,0
ORD_103523,CUST_2234,Footwear,1162.87,0,1,0.2144,1790.3,2,1
ORD_104851,CUST_3667,Apparel,801.78,0,1,0.1791,1966.9,2,0
ORD_103321,CUST_1845,Electronics,1999.13,0,1,0.1101,1314.5,1,1
ORD_104729,CUST_1541,Apparel,652.43,10,1,0.2133,2470.2,1,1
ORD_105315,CUST_3776,Apparel,883.23,1,0,0.1327,3337.3,2,0
ORD_103043,CUST_4225,Apparel,561.6,1,1,0.1036,877.5,1,0
ORD_106238,CUST_3025,Home & Kitchen,679.67,2,1,0.2751,3307.4,1,0
ORD_103570,CUST_1651,Footwear,306.27,10,1,0.1017,2049.1,2,0
ORD_111270,CUST_2456,Electronics,546.62,0,0,0.0325,620.8,1,0
ORD_114729,CUST_2544,Electronics,2201.26,2,1,0.3003,2816.0,2,0
ORD_114329,CUST_2000,Beauty,1494.49,0,0,0.1579,1314.4,1,0
ORD_105974,CUST_1949,Apparel,1428.86,0,1,0.1814,3139.0,3,0
ORD_110141,CUST_2388,Apparel,1641.18,4,1,0.1372,2347.2,1,1
ORD_100886,CUST_1652,Footwear,802.42,1,0,0.0942,1755.6,1,0
ORD_107635,CUST_2913,Apparel,1456.61,1,1,0.1873,3464.0,1,0
ORD_113065,CUST_3089,Beauty,1281.86,2,0,0.2149,2435.2,1,0
ORD_107589,CUST_3206,Electronics,804.74,3,0,0.2941,2253.9,1,0
ORD_104782,CUST_1299,Apparel,758.85,1,1,0.186,1953.6,3,0
ORD_101614,CUST_1474,Footwear,1457.31,2,1,0.0545,3016.7,1,0
ORD_111827,CUST_3835,Apparel,2171.98,2,0,0.3584,1920.4,1,0
ORD_103473,CUST_4081,Electronics,910.73,1,0,0.2168,453.7,1,0
ORD_112485,CUST_2702,Home & Kitchen,1148.38,0,0,0.2765,2283.2,1,0
ORD_100825,CUST_1633,Beauty,2094.84,0,0,0.4132,946.3,1,1
ORD_106915,CUST_1636,Electronics,2571.3,0,0,0.137,3373.7,1,0
ORD_100477,CUST_3327,Apparel,2587.37,4,1,0.4118,2867.7,12,1
ORD_102663,CUST_3914,Electronics,2282.64,0,1,0.0802,996.8,1,0
ORD_111533,CUST_2586,Electronics,354.5,2,1,0.1087,924.5,1,1
ORD_109351,CUST_4283,Apparel,3920.46,4,1,0.0913,3417.4,2,0
ORD_110729,CUST_2143,Home & Kitchen,4570.12,0,0,0.0776,2891.9,1,0
ORD_113160,CUST_2667,Home & Kitchen,1933.72,0,0,0.1852,2278.5,1,0
ORD_100088,CUST_2585,Apparel,307.33,5,1,0.2962,2722.3,2,1
ORD_107642,CUST_3671,Home & Kitchen,1787.21,1,1,0.2295,645.6,1,1
ORD_112597,CUST_3737,Apparel,391.87,0,0,0.2311,3419.4,1,0
ORD_104703,CUST_2648,Electronics,1581.28,1,1,0.1354,3081.0,1,0
ORD_101851,CUST_1167,Beauty,4340.79,0,1,0.1595,1858.3,1,0
ORD_108898,CUST_3126,Electronics,3966.56,5,1,0.0501,1213.2,1,1
ORD_112663,CUST_4284,Apparel,6337.04,1,1,0.2296,1923.1,2,1
ORD_114595,CUST_2440,Beauty,2545.11,0,0,0.1198,2198.3,1,0
ORD_113883,CUST_2054,Apparel,520.45,1,1,0.1004,2824.8,3,0
ORD_114982,CUST_2230,Beauty,4492.43,0,1,0.0488,1283.8,1,0
ORD_102188,CUST_2355,Footwear,1310.43,2,1,0.3592,1578.3,1,1
ORD_103555,CUST_2827,Electronics,4704.77,1,1,0.2749,1864.7,12,0
ORD_101816,CUST_4306,Electronics,548.28,1,0,0.2647,830.9,3,0
ORD_109028,CUST_1517,Beauty,340.92,3,0,0.2896,2731.2,1,1
ORD_106379,CUST_2788,Home & Kitchen,335.58,0,0,0.0875,2559.8,3,0
ORD_110815,CUST_1081,Electronics,706.05,0,1,0.3072,2889.5,1,0
ORD_110928,CUST_3723,Home & Kitchen,1458.94,0,1,0.1736,193.9,1,0
ORD_111475,CUST_3153,Apparel,510.18,0,1,0.2552,3057.1,1,1
ORD_106078,CUST_3086,Apparel,635.06,10,1,0.0988,1336.8,1,1
ORD_106082,CUST_2134,Apparel,2207.07,0,1,0.1596,2808.2,1,0
ORD_112178,CUST_1667,Apparel,1618.19,0,1,0.1611,752.1,6,0
ORD_104295,CUST_4618,Electronics,1742.94,4,0,0.1141,3246.7,1,0
ORD_114459,CUST_2642,Apparel,1313.93,3,1,0.285,2488.6,12,0
ORD_113716,CUST_4683,Home & Kitchen,1932.42,0,1,0.148,1366.5,1,0
ORD_105689,CUST_2987,Home & Kitchen,1078.3,1,0,0.251,579.4,1,0
ORD_112334,CUST_4232,Apparel,3445.24,1,1,0.264,3367.7,2,0
ORD_109209,CUST_2958,Electronics,770.36,0,1,0.4703,918.7,3,0
ORD_107595,CUST_3630,Home & Kitchen,3111.54,0,0,0.1501,539.8,1,0
ORD_109026,CUST_3595,Electronics,1182.23,0,0,0.1147,315.7,1,1
ORD_100953,CUST_4019,Apparel,494.9,5,1,0.188,2122.7,6,1
ORD_104907,CUST_4565,Apparel,1712.91,0,0,0.1126,565.0,1,1
ORD_101033,CUST_4934,Apparel,6360.25,0,1,0.2863,3334.5,12,1
ORD_101979,CUST_2039,Apparel,956.48,0,1,0.1686,2153.7,1,0
ORD_101199,CUST_1106,Apparel,1852.0,0,0,0.1691,3373.0,1,0
ORD_100016,CUST_4171,Beauty,1952.19,2,1,0.1391,1669.0,2,1
ORD_112668,CUST_3228,Footwear,655.78,0,0,0.1995,699.8,1,0
ORD_110676,CUST_2191,Apparel,2386.08,2,1,0.4664,206.0,3,0
ORD_114613,CUST_2502,Home & Kitchen,314.81,5,1,0.1715,1946.8,1,1
ORD_104036,CUST_1531,Apparel,587.06,0,1,0.1881,1846.1,1,0
ORD_105059,CUST_3894,Electronics,1248.06,1,1,0.219,2902.6,1,0
ORD_111285,CUST_1681,Apparel,1471.71,1,0,0.1981,599.9,1,0
ORD_112092,CUST_4333,Home & Kitchen,355.4,5,1,0.1518,3020.1,1,1
ORD_106308,CUST_2736,Apparel,7721.3,0,1,0.2501,3197.2,1,1
ORD_100813,CUST_4636,Apparel,2357.04,0,1,0.182,349.9,3,0
ORD_109660,CUST_2331,Apparel,1059.41,1,0,0.3657,2038.5,2,1
ORD_107677,CUST_1598,Home & Kitchen,6046.01,0,1,0.007,902.9,2,0
ORD_112265,CUST_1182,Home & Kitchen,1705.31,3,1,0.1739,3447.0,1,0
ORD_113209,CUST_3107,Apparel,1968.83,1,1,0.0908,730.2,1,0
ORD_102656,CUST_4714,Apparel,1098.58,0,1,0.3423,2112.0,1,0
ORD_113478,CUST_4753,Electronics,604.79,2,1,0.2596,1357.0,1,0
ORD_111877,CUST_2447,Footwear,488.33,0,0,0.1762,684.8,1,1
ORD_107795,CUST_3843,Apparel,469.0,5,0,0.2515,2415.3,1,0
ORD_103136,CUST_3196,Electronics,2585.77,0,0,0.0707,2118.7,1,0
ORD_114261,CUST_2682,Home & Kitchen,760.03,0,0,0.3885,668.3,1,0
ORD_105340,CUST_4716,Footwear,3279.03,0,0,0.2734,939.4,6,1
ORD_114256,CUST_1671,Home & Kitchen,3064.02,3,0,0.1118,1405.8,1,0
ORD_103137,CUST_3823,Electronics,900.28,0,0,0.3223,1846.2,1,0
ORD_107197,CUST_3662,Electronics,4858.99,0,1,0.1502,931.1,3,1
ORD_108255,CUST_2966,Apparel,338.39,0,1,0.2805,858.3,1,0
ORD_114098,CUST_1680,Beauty,2115.83,2,1,0.0482,2231.5,1,0
ORD_110513,CUST_4392,Electronics,2024.25,1,1,0.0455,1365.9,1,0
ORD_105633,CUST_4576,Footwear,1383.73,0,0,0.1365,2796.7,2,0
ORD_111292,CUST_2464,Footwear,1168.74,2,1,0.1673,2787.4,3,1
ORD_106159,CUST_4697,Home & Kitchen,2288.24,2,0,0.439,358.6,1,1
ORD_107081,CUST_3334,Apparel,362.36,1,1,0.0778,894.1,12,0
ORD_104167,CUST_3243,Apparel,356.04,1,1,0.1317,1830.9,2,0
ORD_108784,CUST_3148,Apparel,3084.0,0,1,0.0633,3011.3,1,1
ORD_101377,CUST_3945,Beauty,3838.93,3,1,0.0985,3484.8,1,0
ORD_100713,CUST_1284,Apparel,667.3,0,0,0.0811,398.8,1,0
ORD_111118,CUST_4642,Electronics,1102.25,1,1,0.1403,2847.3,1,0
ORD_105001,CUST_3369,Apparel,948.65,0,0,0.26,2441.2,6,0
ORD_113650,CUST_4928,Footwear,1578.12,3,1,0.3081,1451.8,1,0
ORD_101847,CUST_4896,Footwear,1678.37,0,1,0.2176,1027.4,12,0
ORD_105630,CUST_2581,Beauty,1723.78,1,0,0.2521,1074.6,2,0
ORD_104042,CUST_3261,Apparel,3294.72,0,1,0.1452,2195.1,1,1
ORD_102247,CUST_4416,Apparel,1256.9,0,1,0.0544,2754.8,1,0
ORD_112036,CUST_2172,Footwear,315.08,2,1,0.2298,445.0,3,1
ORD_111316,CUST_3755,Home & Kitchen,1810.39,1,1,0.1981,1830.3,6,1
ORD_112954,CUST_2315,Home & Kitchen,1397.66,0,0,0.1288,589.7,1,1
ORD_108243,CUST_1941,Beauty,1787.43,1,0,0.2895,1027.7,6,0
ORD_104882,CUST_4822,Home & Kitchen,343.46,0,1,0.1207,2890.1,3,0
ORD_102184,CUST_4720,Beauty,1332.94,2,1,0.1549,745.9,1,0
ORD_103286,CUST_2312,Home & Kitchen,370.22,1,0,0.2014,3205.4,2,1
ORD_109509,CUST_4161,Beauty,3353.58,7,1,0.4532,2415.4,2,0
ORD_104170,CUST_1929,Apparel,722.59,2,0,0.1814,2921.8,1,0
ORD_112074,CUST_1769,Apparel,383.06,3,1,0.1861,3022.2,2,0
ORD_112687,CUST_4209,Home & Kitchen,434.55,1,1,0.1388,2776.5,1,0
ORD_100062,CUST_3068,Electronics,1634.96,1,1,0.0898,1183.4,1,0
ORD_108736,CUST_1063,Electronics,3047.75,5,0,0.4002,1090.4,1,0
ORD_102966,CUST_1140,Apparel,1132.77,1,0,0.3468,2941.3,1,0
ORD_111474,CUST_2668,Apparel,2337.14,1,1,0.0683,969.3,1,0
ORD_114941,CUST_2971,Apparel,1778.51,0,1,0.2343,278.5,1,1
ORD_107768,CUST_4994,Footwear,1632.97,0,1,0.3163,2142.0,3,1
ORD_100883,CUST_4197,Home & Kitchen,2604.42,0,0,0.2173,1806.5,1,0
ORD_112941,CUST_4264,Footwear,301.13,1,1,0.3281,3298.8,1,1
ORD_100831,CUST_4914,Apparel,847.7,0,1,0.0379,2304.9,2,0
ORD_108952,CUST_3136,Apparel,304.52,0,0,0.057,366.2,1,0
ORD_114812,CUST_4336,Electronics,2414.52,4,1,0.1605,2572.3,1,0
ORD_114189,CUST_3506,Apparel,749.05,0,1,0.153,350.1,1,0
ORD_107778,CUST_1891,Home & Kitchen,813.08,0,1,0.0681,933.2,1,0
ORD_106255,CUST_3472,Beauty,308.88,0,0,0.1575,2071.9,6,0
ORD_108612,CUST_4386,Apparel,1237.46,0,0,0.2083,1389.9,6,1
ORD_100446,CUST_3074,Apparel,313.46,0,0,0.3085,2915.9,1,1
ORD_112533,CUST_4515,Apparel,2766.37,0,1,0.1711,528.5,3,1
ORD_104452,CUST_2936,Electronics,2150.81,0,1,0.0851,1541.0,3,0
ORD_101503,CUST_2900,Footwear,1523.56,0,1,0.2389,1583.1,1,0
ORD_101718,CUST_3006,Apparel,476.38,0,1,0.1662,858.4,1,0
ORD_110416,CUST_1236,Footwear,322.08,0,0,0.0752,675.0,1,0
ORD_100287,CUST_3160,Apparel,434.18,1,0,0.2263,2741.1,1,1
ORD_107846,CUST_3700,Footwear,1118.59,0,1,0.0508,1016.4,1,0
ORD_100449,CUST_1797,Beauty,764.42,0,0,0.2307,631.7,1,0
ORD_112323,CUST_3869,Apparel,346.62,0,0,0.1441,761.6,2,0
ORD_109236,CUST_3721,Apparel,1009.12,5,1,0.1254,747.7,1,0
ORD_109783,CUST_1815,Apparel,355.22,0,1,0.0207,1295.4,3,0
ORD_112910,CUST_3403,Home & Kitchen,1865.28,1,1,0.3902,1071.4,1,0
ORD_100699,CUST_3427,Apparel,2045.92,0,1,0.5534,3194.9,1,1
ORD_107484,CUST_1162,Footwear,3962.51,0,1,0.1069,214.3,1,0
ORD_105129,CUST_4769,Apparel,521.53,1,0,0.3049,2846.3,3,0
ORD_107731,CUST_2471,Apparel,1330.42,0,0,0.1863,2563.4,1,0
ORD_101736,CUST_4149,Footwear,2194.43,0,0,0.1688,3018.0,2,0
ORD_109845,CUST_4203,Home & Kitchen,2017.09,0,1,0.3183,765.3,1,0
ORD_100760,CUST_2008,Electronics,379.07,2,0,0.2985,261.3,3,1
ORD_100032,CUST_1459,Apparel,600.25,3,1,0.3336,2132.6,1,0
ORD_107686,CUST_1713,Home & Kitchen,866.83,4,1,0.1111,1216.0,2,0
ORD_112924,CUST_1433,Beauty,1638.14,3,1,0.1252,631.8,1,1
ORD_105538,CUST_3593,Apparel,587.56,0,1,0.0288,2199.7,1,1
ORD_112787,CUST_2627,Apparel,1144.41,3,1,0.2694,1856.9,1,0
ORD_109336,CUST_1535,Apparel,1786.49,0,0,0.0528,797.9,2,0
ORD_103842,CUST_1137,Electronics,332.24,4,0,0.0456,3176.5,6,0
ORD_107224,CUST_3903,Apparel,2097.52,0,0,0.2067,3384.0,2,0
ORD_102041,CUST_2131,Electronics,310.82,2,1,0.265,571.6,3,0
ORD_102769,CUST_4828,Electronics,1777.07,0,0,0.0799,3488.9,1,0
ORD_105414,CUST_3645,Apparel,2652.88,0,1,0.1504,2163.3,1,1
ORD_100358,CUST_4369,Apparel,2158.82,3,1,0.3368,2880.3,1,1
ORD_100678,CUST_4730,Apparel,312.73,5,0,0.2286,2284.5,1,1
ORD_105614,CUST_1461,Footwear,1885.43,0,0,0.312,2371.2,1,0
ORD_102356,CUST_4553,Electronics,2204.26,1,1,0.3714,1945.9,2,1
ORD_107667,CUST_2903,Home & Kitchen,714.37,0,0,0.046,629.4,1,0
ORD_102586,CUST_1684,Home & Kitchen,1769.99,1,1,0.2578,433.3,12,1
ORD_107116,CUST_1314,Apparel,3045.84,0,1,0.4945,3044.0,1,0
ORD_113361,CUST_2189,Apparel,3469.04,0,0,0.041,852.7,1,0
ORD_112560,CUST_4727,Home & Kitchen,379.08,3,1,0.3525,2982.5,1,0
ORD_105436,CUST_3380,Electronics,1297.86,3,0,0.0798,1873.1,1,0
ORD_111433,CUST_2287,Footwear,2338.21,0,0,0.2317,2944.8,6,0
ORD_108028,CUST_4265,Footwear,512.76,1,0,0.3253,2132.7,1,0
ORD_107322,CUST_1104,Footwear,1518.81,0,1,0.2076,616.6,1,0
ORD_109941,CUST_2016,Apparel,3204.31,3,0,0.3287,3078.8,1,1
ORD_112486,CUST_4620,Footwear,1474.87,7,1,0.2203,885.1,1,1
ORD_108275,CUST_2912,Apparel,724.93,0,1,0.1173,723.4,1,1
ORD_104751,CUST_2936,Electronics,413.04,7,1,0.2069,1060.5,1,0
ORD_104798,CUST_3482,Apparel,940.9,0,1,0.1109,316.9,1,0
ORD_104758,CUST_4236,Footwear,2549.52,0,1,0.3978,1981.1,1,0
ORD_114610,CUST_1471,Home & Kitchen,2630.58,0,1,0.3509,860.6,1,1
ORD_106824,CUST_3486,Apparel,1086.01,4,0,0.1146,258.2,1,0
ORD_108291,CUST_4419,Electronics,559.52,0,0,0.2236,1344.6,1,0
ORD_108090,CUST_4670,Electronics,606.85,1,0,0.08,826.4,2,0
ORD_104256,CUST_2944,Footwear,405.92,0,1,0.0702,3048.8,3,0
ORD_104899,CUST_3194,Footwear,759.25,10,0,0.0915,3006.9,1,0
ORD_107172,CUST_3786,Home & Kitchen,847.89,4,0,0.2723,1793.3,1,0
ORD_104897,CUST_4935,Apparel,596.77,2,1,0.1813,1928.2,6,0
ORD_104644,CUST_2474,Apparel,2889.2,1,0,0.1986,2635.6,6,1
ORD_107525,CUST_3060,Apparel,1465.06,0,0,0.3072,3094.5,1,0
ORD_106775,CUST_3990,Beauty,659.38,0,0,0.0869,2960.5,1,0
ORD_106032,CUST_4235,Footwear,2331.22,1,0,0.4038,977.1,3,0
ORD_104162,CUST_4866,Apparel,613.48,4,1,0.1291,1312.9,2,0
ORD_114942,CUST_3305,Footwear,1354.04,2,0,0.0333,2136.0,6,0
ORD_110482,CUST_2860,Electronics,868.49,5,0,0.1441,3495.8,1,1
ORD_112666,CUST_1322,Home & Kitchen,770.02,2,1,0.285,1513.3,2,1
ORD_113180,CUST_3441,Home & Kitchen,3854.25,3,0,0.1241,322.2,1,1
ORD_106882,CUST_1049,Electronics,1660.7,5,1,0.1871,1843.1,6,0
ORD_106512,CUST_3942,Footwear,1503.47,0,0,0.3943,1031.6,12,0
ORD_105544,CUST_1326,Home & Kitchen,909.49,0,1,0.2059,198.2,1,0
ORD_110020,CUST_1004,Electronics,837.75,2,0,0.2148,395.9,1,0
ORD_108222,CUST_1136,Apparel,2452.64,0,1,0.0731,1861.7,1,0
ORD_111108,CUST_3892,Apparel,4964.45,0,0,0.1468,3020.7,1,0
ORD_114697,CUST_2495,Home & Kitchen,2359.76,0,1,0.2284,829.2,1,0
ORD_112733,CUST_4036,Electronics,952.77,0,1,0.0687,3289.0,6,0
ORD_105724,CUST_1271,Footwear,717.41,4,0,0.0824,992.6,1,0
ORD_113944,CUST_3360,Home & Kitchen,1355.36,4,1,0.0848,1560.0,1,0
ORD_103166,CUST_2868,Apparel,1165.54,0,1,0.1635,188.7,3,0
ORD_103357,CUST_2352,Beauty,2370.39,2,1,0.3967,2055.0,3,1
ORD_105775,CUST_3360,Apparel,561.49,7,0,0.1998,2091.7,1,0
ORD_102024,CUST_1182,Electronics,2583.91,4,0,0.0927,1096.1,2,1
ORD_112715,CUST_1446,Home & Kitchen,338.18,1,0,0.0513,2480.0,1,0
ORD_105613,CUST_1404,Apparel,688.45,2,1,0.13,523.3,1,0
ORD_108265,CUST_2893,Apparel,2366.82,0,1,0.123,2710.6,3,0
ORD_112711,CUST_3058,Apparel,2094.8,1,0,0.2871,1996.8,1,1
ORD_113729,CUST_2645,Electronics,900.61,2,0,0.2694,384.8,1,1
ORD_113852,CUST_3458,Footwear,1175.41,1,0,0.3759,912.0,1,0
ORD_103923,CUST_2836,Home & Kitchen,1037.16,0,1,0.1465,2572.1,1,0
ORD_110987,CUST_1199,Footwear,835.45,0,0,0.0853,2322.5,1,0
ORD_108482,CUST_1890,Footwear,617.57,0,1,0.1076,1056.2,1,1
ORD_112591,CUST_4450,Apparel,1362.4,5,0,0.208,1875.2,1,0
ORD_102349,CUST_3126,Home & Kitchen,3195.92,0,1,0.1323,2521.3,1,0
ORD_108067,CUST_4601,Home & Kitchen,3780.29,0,1,0.2643,3041.9,3,0
ORD_100604,CUST_2974,Home & Kitchen,4352.62,0,1,0.0676,974.9,1,0
ORD_103635,CUST_1661,Beauty,713.1,0,1,0.1593,2668.0,3,0
ORD_100902,CUST_1189,Apparel,420.06,0,1,0.1023,3371.2,3,0
ORD_113303,CUST_3504,Home & Kitchen,1193.49,0,1,0.0657,3486.0,1,0
ORD_110868,CUST_2017,Footwear,1403.04,5,0,0.0427,2235.1,1,0
ORD_103501,CUST_4271,Apparel,1928.99,1,1,0.0599,1087.4,1,1
ORD_102165,CUST_1159,Electronics,1477.27,0,1,0.0356,2786.8,1,0
ORD_110350,CUST_4129,Home & Kitchen,788.74,4,0,0.2044,2567.3,1,1
ORD_103126,CUST_1707,Beauty,1153.24,1,0,0.062,378.8,1,0
ORD_109160,CUST_1545,Apparel,1896.73,0,0,0.0203,2945.5,1,0
ORD_112033,CUST_2234,Apparel,1921.33,0,1,0.167,1724.2,1,1
ORD_113536,CUST_1815,Electronics,884.1,0,0,0.4269,2344.7,1,1
ORD_104344,CUST_3367,Home & Kitchen,715.98,0,0,0.0642,1090.1,6,0
ORD_103160,CUST_4335,Electronics,1771.81,1,0,0.155,2070.7,1,0
ORD_108338,CUST_4158,Beauty,468.5,2,1,0.383,2971.1,3,0
ORD_103014,CUST_2845,Beauty,4314.5,1,1,0.2672,1267.3,1,0
ORD_101885,CUST_2136,Footwear,1746.57,0,1,0.2418,3387.6,1,0
ORD_105866,CUST_4062,Apparel,377.63,1,1,0.3316,2334.7,1,1
ORD_107684,CUST_1840,Apparel,319.43,1,0,0.0867,2226.4,1,0
ORD_113459,CUST_4628,Electronics,2619.4,7,1,0.2081,270.0,12,0
ORD_112575,CUST_1603,Apparel,510.48,1,0,0.0738,2404.1,1,0
ORD_112502,CUST_2405,Beauty,1498.76,1,1,0.2961,2642.8,1,1
ORD_107845,CUST_3081,Home & Kitchen,1342.18,1,1,0.2182,3105.6,1,1
ORD_101567,CUST_2928,Beauty,1199.67,0,1,0.28,858.5,1,0
ORD_107102,CUST_4968,Home & Kitchen,1445.37,3,1,0.1097,2623.3,1,0
ORD_105069,CUST_2035,Home & Kitchen,2430.86,1,1,0.1521,878.1,1,1
ORD_110921,CUST_2211,Apparel,3942.18,1,0,0.0874,1606.6,1,0
ORD_113293,CUST_4867,Electronics,4867.78,2,1,0.2988,450.4,1,1
ORD_101226,CUST_3746,Electronics,746.01,1,1,0.184,1915.4,1,0
ORD_100772,CUST_3264,Electronics,368.44,1,1,0.1893,2249.9,12,0
ORD_103645,CUST_1212,Apparel,698.82,1,1,0.2511,3252.2,1,1
ORD_107347,CUST_1851,Home & Kitchen,1073.51,2,1,0.3657,1111.5,1,1
ORD_103353,CUST_3130,Apparel,2805.37,0,0,0.2826,1527.8,1,1
ORD_100431,CUST_1459,Home & Kitchen,832.85,0,1,0.1153,2686.9,1,0
ORD_101586,CUST_3872,Home & Kitchen,3173.32,2,0,0.3627,2446.0,2,0
ORD_111223,CUST_2266,Footwear,1725.37,2,1,0.2417,3016.0,6,0
ORD_110070,CUST_2201,Apparel,848.91,2,0,0.1363,2972.7,1,0
ORD_109069,CUST_3952,Apparel,475.53,1,1,0.0545,2492.3,1,0
ORD_105227,CUST_4384,Electronics,554.98,0,1,0.1246,2776.9,1,0
ORD_113212,CUST_1224,Home & Kitchen,1239.19,0,1,0.2186,3272.5,1,0
ORD_103956,CUST_2336,Apparel,3714.76,0,0,0.059,1558.8,1,1
ORD_107144,CUST_3004,Apparel,693.1,1,1,0.3066,2970.2,3,0
ORD_100236,CUST_2529,Apparel,1683.65,1,1,0.1283,2620.2,1,1
ORD_112835,CUST_3648,Electronics,1603.52,1,0,0.1012,1915.1,1,0
ORD_112873,CUST_3458,Footwear,904.58,1,1,0.1251,2049.4,1,0
ORD_111897,CUST_1828,Apparel,3561.83,5,0,0.1504,673.6,12,1
ORD_106074,CUST_3217,Apparel,7453.93,0,0,0.1047,1053.5,1,0
ORD_108801,CUST_1901,Footwear,4279.23,1,1,0.081,2550.0,1,0
ORD_101652,CUST_2086,Electronics,753.44,2,0,0.2225,2204.6,1,0
ORD_113132,CUST_1896,Footwear,588.79,0,1,0.1055,2053.6,1,0
ORD_109119,CUST_4324,Apparel,1049.91,0,1,0.1307,1746.0,1,0
ORD_107945,CUST_4843,Electronics,549.12,3,0,0.2424,1393.4,3,0
ORD_109200,CUST_3672,Apparel,1750.7,0,1,0.1721,938.6,1,1
ORD_112084,CUST_3475,Home & Kitchen,429.05,1,1,0.4608,2824.5,6,0
ORD_102998,CUST_4657,Home & Kitchen,613.47,1,0,0.4067,1517.3,2,0
ORD_110668,CUST_4587,Home & Kitchen,439.02,0,0,0.4657,221.5,2,0
ORD_110047,CUST_2926,Beauty,934.41,10,0,0.1962,3303.5,1,0
ORD_113595,CUST_3110,Electronics,1272.07,1,0,0.127,1333.2,2,0
ORD_104055,CUST_3727,Footwear,2282.69,0,0,0.3197,1934.7,2,0
ORD_104921,CUST_3367,Electronics,923.08,1,1,0.0973,351.3,1,0
ORD_100146,CUST_2522,Footwear,494.87,0,0,0.261,2911.5,2,1
ORD_111802,CUST_1515,Apparel,493.1,3,0,0.159,2156.7,2,0
ORD_114125,CUST_2069,Home & Kitchen,556.26,1,1,0.114,801.8,1,0
ORD_109693,CUST_3713,Apparel,1390.33,0,1,0.1309,940.7,6,0
ORD_114813,CUST_3056,Apparel,1632.71,3,1,0.3658,448.8,2,1
ORD_103433,CUST_1699,Apparel,3434.24,0,0,0.1971,1701.5,1,1
ORD_114489,CUST_2556,Footwear,814.13,1,1,0.1843,2896.0,1,0
ORD_106436,CUST_1731,Apparel,715.21,0,0,0.1519,624.1,2,0
ORD_109616,CUST_4447,Electronics,634.3,0,1,0.2154,1502.8,2,1
ORD_113565,CUST_4155,Footwear,1280.34,0,1,0.1636,3426.9,2,0
ORD_106883,CUST_4429,Apparel,669.81,1,1,0.0462,2405.5,1,1
ORD_104384,CUST_1660,Electronics,852.05,0,0,0.0698,1062.9,1,0
ORD_113106,CUST_2588,Electronics,713.46,0,1,0.1103,292.9,1,0
ORD_113710,CUST_3970,Footwear,1138.48,2,1,0.1384,348.5,1,0
ORD_106310,CUST_4611,Apparel,322.38,0,1,0.1831,188.3,2,0
ORD_103755,CUST_2080,Footwear,333.62,5,0,0.079,2789.4,1,0
ORD_113916,CUST_4239,Electronics,4332.82,5,0,0.32,1785.1,1,1
ORD_114209,CUST_1441,Electronics,656.1,0,1,0.0575,1093.1,1,0
ORD_104954,CUST_2767,Apparel,4133.2,1,1,0.186,745.1,1,1
ORD_113032,CUST_1864,Electronics,465.33,0,0,0.1054,2697.1,1,0
ORD_105361,CUST_3554,Home & Kitchen,3766.21,1,1,0.5132,2783.6,1,1
ORD_109816,CUST_4574,Apparel,373.18,3,0,0.2014,2752.0,1,0
ORD_106989,CUST_4289,Electronics,4420.91,0,1,0.0569,1438.3,2,0
ORD_103410,CUST_3708,Footwear,2291.0,0,1,0.0718,2440.3,1,0
ORD_112217,CUST_4110,Electronics,306.01,1,1,0.4454,2554.2,1,0
ORD_113427,CUST_1680,Apparel,1136.86,4,1,0.1494,1944.7,1,1
ORD_113741,CUST_4048,Footwear,994.79,0,1,0.3375,2881.0,1,0
ORD_101554,CUST_1355,Beauty,519.08,1,1,0.1492,1984.3,1,0
ORD_104468,CUST_2447,Apparel,4083.78,0,0,0.3586,2319.5,1,1
ORD_106592,CUST_1974,Footwear,1118.7,0,0,0.195,1683.2,1,0
ORD_102228,CUST_3087,Home & Kitchen,6973.83,1,0,0.2287,3280.6,1,1
ORD_109400,CUST_3585,Electronics,388.53,5,1,0.2974,1644.1,3,1
ORD_110783,CUST_3261,Home & Kitchen,1319.22,0,1,0.2617,868.5,1,0
ORD_114755,CUST_3787,Apparel,409.57,0,1,0.1211,1595.1,1,0
ORD_100423,CUST_2919,Beauty,651.26,0,1,0.0502,2029.0,1,0
ORD_104286,CUST_2377,Footwear,778.39,2,0,0.4708,1364.7,1,1
ORD_102965,CUST_1788,Beauty,1531.85,3,0,0.308,3023.9,1,0
ORD_106572,CUST_1194,Apparel,860.01,0,1,0.3841,3094.3,1,0
ORD_104569,CUST_2136,Apparel,477.85,0,1,0.0931,895.8,1,0
ORD_101901,CUST_4619,Apparel,350.33,2,1,0.1949,2227.4,1,0
ORD_101724,CUST_4310,Electronics,642.48,0,1,0.306,2091.9,1,0
ORD_109646,CUST_1786,Footwear,848.19,3,1,0.0245,3092.8,1,0
ORD_113345,CUST_3048,Apparel,525.29,2,1,0.4152,2332.3,6,1
ORD_114540,CUST_2881,Electronics,461.46,3,0,0.2209,1324.7,1,0
ORD_104143,CUST_4958,Electronics,1157.9,0,0,0.2403,3094.4,12,0
ORD_111032,CUST_4320,Home & Kitchen,2794.16,1,1,0.1954,1246.0,1,1
ORD_101276,CUST_3642,Apparel,1147.76,3,1,0.2542,2788.1,1,1
ORD_111785,CUST_3747,Electronics,681.68,0,0,0.2349,981.1,1,1
ORD_110097,CUST_2260,Electronics,1952.29,2,1,0.3627,1220.3,1,1
ORD_106713,CUST_4736,Home & Kitchen,744.72,0,0,0.5147,1333.4,6,0
ORD_100681,CUST_3816,Apparel,7196.64,0,0,0.1411,1415.8,1,0
ORD_110075,CUST_2798,Footwear,2159.94,1,0,0.1767,544.1,6,0
ORD_106125,CUST_2911,Footwear,1940.44,0,1,0.1061,2899.8,3,0
ORD_112498,CUST_1809,Home & Kitchen,2900.88,1,0,0.1121,774.2,1,0
ORD_109485,CUST_3460,Beauty,1191.73,5,1,0.2994,611.8,2,0
ORD_114955,CUST_4851,Beauty,583.21,5,1,0.4646,2653.5,1,0
ORD_105505,CUST_3468,Apparel,463.01,2,0,0.3651,828.9,1,1
ORD_108981,CUST_4003,Apparel,803.5,2,1,0.1322,2398.1,1,1
ORD_105232,CUST_3612,Electronics,2191.18,3,0,0.4416,156.8,3,0
ORD_109323,CUST_4506,Electronics,308.59,0,1,0.4027,440.4,1,1
ORD_112578,CUST_2939,Apparel,1504.75,10,1,0.2331,743.8,2,0
ORD_112044,CUST_2092,Footwear,1469.77,3,1,0.0271,1046.9,1,0
ORD_112504,CUST_3799,Beauty,837.67,3,0,0.2862,2098.2,3,0
ORD_102243,CUST_2704,Home & Kitchen,1030.13,1,1,0.1518,2434.6,1,1
ORD_113652,CUST_1271,Footwear,1092.18,0,1,0.387,2651.3,3,1
ORD_108246,CUST_2392,Apparel,1972.54,0,0,0.1232,1594.3,12,0
ORD_108930,CUST_1548,Apparel,925.48,0,1,0.2029,654.4,1,0
ORD_109053,CUST_4673,Apparel,1309.77,0,0,0.1386,449.0,1,0
ORD_113802,CUST_3670,Footwear,3499.16,1,1,0.3451,3009.0,1,0
ORD_108656,CUST_2854,Electronics,2153.98,4,0,0.2213,371.1,1,0
ORD_111829,CUST_2810,Home & Kitchen,2961.21,2,0,0.1337,2435.2,6,0
ORD_113738,CUST_2379,Apparel,468.67,3,0,0.1005,2232.1,1,0
ORD_106912,CUST_4611,Electronics,404.8,0,0,0.3131,2858.2,1,0
ORD_103153,CUST_3661,Apparel,1651.97,0,1,0.3587,386.0,2,1
ORD_106462,CUST_1643,Apparel,2792.14,5,1,0.0376,2565.5,3,0
ORD_103764,CUST_4586,Apparel,781.27,0,0,0.1326,1410.1,1,1
ORD_108818,CUST_3940,Apparel,1092.26,2,1,0.1985,493.0,1,0
ORD_111080,CUST_3251,Electronics,846.14,7,1,0.1438,1219.3,6,0
ORD_111217,CUST_1601,Electronics,726.2,1,1,0.5217,1531.6,1,1
ORD_108819,CUST_3391,Apparel,488.41,2,1,0.4052,780.5,2,1
ORD_105442,CUST_2605,Electronics,965.48,0,0,0.0971,621.9,1,0
ORD_100365,CUST_2016,Electronics,2512.73,1,1,0.1593,3011.9,1,1
ORD_111134,CUST_4554,Apparel,1232.5,10,0,0.1514,278.6,2,1
ORD_106253,CUST_4110,Home & Kitchen,951.84,1,1,0.5919,1364.8,1,0
ORD_101500,CUST_4230,Electronics,2682.4,0,0,0.1065,1032.7,1,0
ORD_102060,CUST_1028,Apparel,4574.77,1,0,0.3912,1690.2,6,0
ORD_101010,CUST_2262,Apparel,369.84,2,1,0.1547,2452.3,1,0
ORD_108205,CUST_3158,Apparel,776.95,0,0,0.2744,1776.0,3,0
ORD_106241,CUST_1313,Footwear,1440.69,3,0,0.3462,2506.9,2,0
ORD_103836,CUST_1601,Electronics,482.2,0,1,0.3188,1119.8,1,0
ORD_112045,CUST_2283,Footwear,993.18,1,0,0.2322,1862.5,1,0
ORD_113277,CUST_2156,Beauty,306.23,1,0,0.2618,552.9,1,0
ORD_101989,CUST_1334,Apparel,1733.51,5,0,0.081,3480.3,6,0
ORD_106804,CUST_3789,Apparel,1249.57,0,0,0.1673,745.3,1,1
ORD_104982,CUST_4756,Apparel,705.48,0,1,0.4257,1976.8,6,1
ORD_102644,CUST_3625,Beauty,994.59,7,1,0.1117,1790.1,3,1
ORD_103065,CUST_4179,Footwear,813.93,0,0,0.2183,376.0,1,0
ORD_113582,CUST_1042,Apparel,665.82,1,1,0.3086,1761.2,1,0
ORD_102527,CUST_1886,Apparel,312.33,0,1,0.112,635.8,3,0
ORD_111509,CUST_1677,Electronics,7103.67,0,1,0.1022,940.1,1,0
ORD_107398,CUST_3052,Apparel,1287.46,2,0,0.2286,629.0,1,0
ORD_113865,CUST_2789,Apparel,481.9,0,0,0.1345,3339.2,1,1
ORD_101040,CUST_4636,Home & Kitchen,732.15,0,0,0.408,2847.7,3,1
ORD_104339,CUST_3723,Home & Kitchen,4192.3,1,1,0.2789,977.3,1,0
ORD_108768,CUST_3693,Home & Kitchen,1129.55,0,0,0.1362,1760.5,1,0
ORD_110584,CUST_3264,Apparel,565.94,2,1,0.1948,3339.7,2,0
ORD_111838,CUST_3848,Home & Kitchen,1310.08,5,1,0.0401,1790.2,1,1
ORD_114859,CUST_2871,Electronics,1694.59,0,0,0.2049,1364.4,1,0
ORD_109056,CUST_1565,Home & Kitchen,2527.51,0,1,0.4641,2155.5,6,1
ORD_105552,CUST_4682,Apparel,581.38,3,1,0.2081,3479.0,1,0
ORD_113869,CUST_4365,Home & Kitchen,1982.43,1,1,0.2779,682.8,3,0
ORD_104802,CUST_4835,Home & Kitchen,440.41,5,1,0.4139,958.8,6,1
ORD_108791,CUST_2985,Apparel,758.75,0,1,0.0352,878.4,2,0
ORD_111987,CUST_1083,Electronics,891.49,0,0,0.0868,262.0,1,0
ORD_111535,CUST_1943,Apparel,3981.62,2,0,0.0093,547.6,1,0
ORD_107028,CUST_2630,Footwear,1154.55,0,0,0.0816,592.1,1,0
ORD_106296,CUST_3282,Home & Kitchen,333.93,2,1,0.0558,1435.2,1,0
ORD_108906,CUST_4692,Footwear,3852.09,0,0,0.2216,2797.0,3,0
ORD_103154,CUST_2232,Footwear,3470.49,10,1,0.1734,446.7,1,1
ORD_112088,CUST_4053,Footwear,336.91,1,0,0.1762,921.3,1,0
ORD_102752,CUST_2274,Apparel,916.62,0,0,0.127,2044.1,1,0
ORD_108023,CUST_1922,Apparel,3971.53,0,1,0.2134,3334.3,1,0
ORD_110197,CUST_4496,Electronics,1573.31,0,0,0.3255,1666.5,1,0
ORD_114567,CUST_3024,Apparel,734.98,0,0,0.0815,3482.6,1,0
ORD_102556,CUST_1458,Home & Kitchen,3750.0,10,1,0.1421,911.3,1,0
ORD_103749,CUST_3452,Electronics,4659.34,0,1,0.3439,3061.1,1,0
ORD_113309,CUST_3756,Footwear,4316.06,3,0,0.2465,2738.2,1,0
ORD_113868,CUST_4502,Electronics,2618.56,2,1,0.3015,769.9,1,0
ORD_106059,CUST_1366,Home & Kitchen,2412.26,0,0,0.0266,1668.2,1,0
ORD_110834,CUST_3790,Beauty,979.06,0,0,0.0526,2451.5,1,0
ORD_109815,CUST_4597,Apparel,822.13,0,1,0.1993,2320.3,1,0
ORD_108653,CUST_3860,Electronics,2246.99,0,0,0.1684,2023.3,1,0
ORD_113433,CUST_3529,Apparel,3239.27,0,0,0.0237,818.3,3,0
ORD_105845,CUST_1890,Home & Kitchen,575.19,1,1,0.1521,2802.6,3,0
ORD_109542,CUST_3161,Apparel,2481.51,1,1,0.1632,3233.8,1,0
ORD_108672,CUST_1373,Apparel,1751.89,0,0,0.0717,1507.9,2,0
ORD_101557,CUST_4204,Footwear,4216.48,2,1,0.1864,1635.2,1,0
ORD_104297,CUST_2565,Home & Kitchen,1769.68,2,0,0.1465,2269.3,1,0
ORD_114378,CUST_4737,Apparel,2923.39,2,0,0.4096,2049.2,1,1
ORD_101215,CUST_1055,Footwear,741.25,0,1,0.2759,2595.9,3,0
ORD_102943,CUST_2349,Apparel,1247.42,0,1,0.1324,3104.9,2,0
ORD_102927,CUST_2947,Apparel,2081.76,0,1,0.1984,3446.2,1,0
ORD_108161,CUST_2581,Home & Kitchen,929.78,1,1,0.1807,2138.2,1,0
ORD_109514,CUST_3173,Footwear,1024.12,2,1,0.0317,1770.9,1,0
ORD_114113,CUST_1906,Apparel,433.43,0,1,0.063,812.3,3,1
ORD_108950,CUST_3244,Electronics,917.59,2,0,0.1773,195.6,1,0
ORD_102318,CUST_1730,Home & Kitchen,1856.79,2,1,0.1507,2325.8,1,0
ORD_110172,CUST_3051,Electronics,612.71,1,1,0.0676,2808.9,6,0
ORD_112738,CUST_2921,Home & Kitchen,423.38,0,0,0.1362,3021.0,1,0
ORD_108380,CUST_3339,Footwear,615.07,1,0,0.3516,3166.0,1,0
ORD_109722,CUST_3657,Electronics,1082.06,1,1,0.3297,3228.6,1,0
ORD_105352,CUST_2594,Apparel,8511.31,0,1,0.2506,1586.2,1,0
ORD_108910,CUST_1616,Apparel,1569.51,2,1,0.3154,1917.4,1,0
ORD_107128,CUST_4073,Apparel,2504.76,1,1,0.3901,1011.7,12,0
ORD_109750,CUST_4393,Beauty,2503.58,0,1,0.3642,2015.8,1,0
ORD_114471,CUST_3282,Footwear,1352.24,0,0,0.0151,3411.9,1,0
ORD_101122,CUST_1796,Home & Kitchen,740.85,4,0,0.1099,1426.0,1,0
ORD_108951,CUST_1734,Apparel,1541.82,0,1,0.209,1320.9,1,0
ORD_101350,CUST_1224,Beauty,578.4,10,0,0.2445,2622.8,1,1
ORD_111389,CUST_4142,Apparel,2164.37,0,1,0.0954,2872.5,1,0
ORD_102073,CUST_1265,Apparel,733.8,1,0,0.305,585.5,3,1
ORD_103435,CUST_1702,Footwear,1917.88,1,0,0.1893,225.9,6,0
ORD_100848,CUST_3993,Footwear,1363.38,1,1,0.2096,2393.2,6,0
ORD_106324,CUST_4655,Electronics,796.75,2,0,0.158,3218.4,1,0
ORD_101012,CUST_2802,Footwear,857.12,0,0,0.0843,2995.8,1,0
ORD_111360,CUST_3358,Beauty,878.8,1,1,0.0965,610.8,2,0
ORD_110386,CUST_4309,Electronics,3808.86,0,1,0.1818,1421.5,1,1
ORD_114338,CUST_1646,Home & Kitchen,1421.48,0,0,0.132,170.1,1,0
ORD_114625,CUST_2932,Electronics,961.12,3,0,0.1176,376.0,1,0
ORD_112518,CUST_2168,Footwear,1450.82,0,1,0.1912,2345.4,3,1
ORD_108608,CUST_4626,Beauty,577.58,7,1,0.1286,1700.2,2,0
ORD_100670,CUST_2781,Footwear,754.61,0,0,0.0333,1630.7,1,0
ORD_102415,CUST_2607,Home & Kitchen,579.11,2,0,0.7228,484.8,6,0
ORD_113031,CUST_4453,Beauty,625.89,1,1,0.5359,3108.7,1,1
ORD_108793,CUST_1057,Electronics,1647.3,1,0,0.1486,2174.6,1,0
ORD_110122,CUST_2007,Beauty,875.24,1,1,0.5667,2310.4,12,1
ORD_110580,CUST_4382,Home & Kitchen,1764.18,1,0,0.2987,1169.8,2,1
ORD_102085,CUST_4741,Beauty,939.55,0,1,0.3159,2848.7,6,0
ORD_104518,CUST_1906,Home & Kitchen,2084.55,1,0,0.1396,3266.4,1,0
ORD_109719,CUST_4661,Electronics,588.02,1,1,0.2374,2787.6,6,0
ORD_109494,CUST_3079,Apparel,417.94,0,0,0.1617,2533.9,1,0
ORD_109548,CUST_3491,Electronics,1199.77,0,1,0.3158,1454.2,12,0
ORD_100872,CUST_4486,Beauty,2554.53,0,0,0.2259,2364.0,1,0
ORD_106898,CUST_1235,Beauty,4065.47,0,1,0.0988,2956.5,3,1
ORD_105944,CUST_2491,Home & Kitchen,2272.54,2,1,0.1114,289.3,12,0
ORD_112311,CUST_2325,Beauty,1043.4,2,0,0.3148,314.5,1,0
ORD_102258,CUST_1556,Footwear,1848.1,2,1,0.492,2976.0,3,0
ORD_107551,CUST_1144,Home & Kitchen,356.05,0,0,0.1218,3348.0,1,0
ORD_112595,CUST_1038,Beauty,1255.96,0,0,0.3966,823.1,3,1
ORD_101167,CUST_4122,Electronics,724.81,0,0,0.2708,2602.8,1,0
ORD_100540,CUST_1399,Apparel,304.54,3,0,0.059,961.0,1,0
ORD_113728,CUST_4371,Home & Kitchen,531.06,4,0,0.1153,2980.8,1,0
ORD_113409,CUST_2813,Home & Kitchen,314.19,0,1,0.3885,2950.9,2,0
ORD_111505,CUST_2392,Beauty,778.35,1,0,0.1133,2796.0,1,1
ORD_108438,CUST_4985,Beauty,745.65,2,0,0.0728,827.6,1,0
ORD_112037,CUST_4771,Apparel,659.9,0,0,0.1307,973.6,1,0
ORD_111165,CUST_4700,Electronics,2619.14,0,0,0.1071,2908.4,3,0
ORD_111025,CUST_1677,Electronics,2670.71,0,1,0.0909,2158.4,1,0
ORD_112107,CUST_4095,Electronics,1191.79,3,1,0.3515,390.4,1,1
ORD_104636,CUST_3120,Electronics,327.59,1,1,0.0807,3433.9,6,0
ORD_114868,CUST_4439,Beauty,726.55,1,1,0.1583,774.4,6,0
ORD_114861,CUST_4109,Apparel,1407.02,2,0,0.1632,2977.8,1,1
ORD_113997,CUST_4062,Home & Kitchen,682.08,4,0,0.0984,267.4,1,1
ORD_113996,CUST_2660,Footwear,1989.69,2,1,0.1793,1635.9,12,0
ORD_103039,CUST_3631,Apparel,944.82,0,0,0.3203,428.0,6,0
ORD_111412,CUST_3570,Apparel,828.56,0,0,0.2499,308.4,3,1
ORD_101609,CUST_3122,Home & Kitchen,1278.03,0,0,0.4089,3276.9,1,0
ORD_104274,CUST_2787,Apparel,1290.29,0,0,0.2097,2764.6,1,0
ORD_113112,CUST_4523,Apparel,1104.74,0,1,0.3856,1359.5,1,0
ORD_104896,CUST_3784,Electronics,1734.7,0,1,0.4595,2328.9,1,1
ORD_102612,CUST_2982,Footwear,344.7,2,1,0.176,1021.6,1,0
ORD_103271,CUST_3625,Beauty,1029.71,1,1,0.0904,1845.2,1,1
ORD_110804,CUST_2828,Home & Kitchen,316.91,2,0,0.0705,1741.7,12,0
ORD_100260,CUST_2257,Footwear,451.24,0,1,0.1794,884.4,1,0
ORD_103623,CUST_4709,Apparel,2658.33,1,1,0.2669,3119.4,1,0
ORD_103713,CUST_3613,Apparel,2512.38,1,0,0.1003,717.6,1,0
ORD_106742,CUST_4978,Beauty,1591.8,0,0,0.0862,1859.0,1,1
ORD_114622,CUST_1598,Apparel,1563.73,0,1,0.1573,3200.8,3,1
ORD_105241,CUST_2815,Footwear,470.46,0,1,0.1662,3101.8,1,0
ORD_113667,CUST_4432,Electronics,587.66,1,0,0.2501,2752.8,1,0
ORD_114502,CUST_4139,Beauty,362.92,3,1,0.1471,3479.8,1,1
ORD_110322,CUST_1054,Electronics,1152.61,1,0,0.2773,3148.6,1,1
ORD_104655,CUST_3719,Beauty,3794.74,2,1,0.23,1659.9,1,0
ORD_105300,CUST_1719,Apparel,750.93,0,0,0.2236,344.1,3,0
ORD_101421,CUST_3845,Footwear,628.82,0,1,0.1792,3387.4,1,0
ORD_102063,CUST_1476,Apparel,629.59,0,0,0.1472,1573.0,1,1
ORD_103128,CUST_3608,Apparel,6631.85,2,1,0.1039,502.6,3,1
ORD_110708,CUST_3581,Footwear,2564.83,0,1,0.2045,1653.6,1,1
ORD_112302,CUST_2333,Home & Kitchen,615.58,0,1,0.1735,250.1,1,0
ORD_107630,CUST_1287,Home & Kitchen,880.03,1,0,0.4329,3448.5,1,0
ORD_110551,CUST_3042,Apparel,525.08,1,1,0.0511,3303.4,1,0
ORD_106684,CUST_1113,Electronics,372.66,0,0,0.1901,338.5,1,0
ORD_104821,CUST_3046,Home & Kitchen,3436.53,1,1,0.3328,2060.3,1,1
ORD_103223,CUST_2601,Electronics,807.59,1,1,0.1136,391.7,1,1
ORD_106325,CUST_3410,Footwear,548.67,3,0,0.3697,1937.2,1,1
ORD_103582,CUST_3939,Apparel,2053.85,1,0,0.1227,1817.4,1,0
ORD_114043,CUST_3817,Apparel,790.78,1,0,0.3368,1235.0,1,0
ORD_111804,CUST_1452,Electronics,2834.28,0,0,0.4252,2511.2,12,0
ORD_104769,CUST_3946,Beauty,719.68,1,1,0.044,2424.3,1,0
ORD_102875,CUST_2667,Electronics,2977.17,0,0,0.292,251.4,1,1
ORD_101902,CUST_1750,Apparel,1140.52,0,0,0.2831,2815.0,1,0
ORD_101695,CUST_3972,Home & Kitchen,1800.48,0,1,0.1748,420.5,1,0
ORD_103901,CUST_1875,Home & Kitchen,1030.4,0,1,0.1202,2195.7,6,1
ORD_102542,CUST_1552,Electronics,3795.13,0,0,0.3501,2261.0,1,0
ORD_107007,CUST_3959,Apparel,395.16,0,0,0.4709,1294.6,1,1
ORD_110658,CUST_1324,Home & Kitchen,1074.88,0,0,0.3266,1490.3,2,0
ORD_103832,CUST_3171,Apparel,332.13,1,1,0.2147,1501.3,2,0
ORD_106031,CUST_4208,Home & Kitchen,1990.57,7,0,0.0645,478.8,1,0
ORD_114119,CUST_4863,Beauty,1176.76,0,1,0.2437,2463.7,1,1
ORD_107377,CUST_2987,Electronics,1861.24,0,0,0.1265,1912.9,2,0
ORD_114281,CUST_3104,Beauty,1963.71,1,0,0.1218,2824.8,1,0
ORD_100794,CUST_3502,Footwear,2818.23,0,0,0.0566,2867.1,2,0
ORD_108401,CUST_2552,Apparel,1085.98,0,0,0.2038,404.9,1,0
ORD_111210,CUST_3431,Beauty,779.22,0,1,0.1593,2025.5,2,0
ORD_104361,CUST_3561,Apparel,4396.81,0,1,0.1407,2802.4,1,0
ORD_107142,CUST_3828,Apparel,2806.99,1,1,0.4074,3326.2,1,1
ORD_108578,CUST_3048,Electronics,2669.09,0,1,0.304,1569.5,1,0
ORD_114885,CUST_3743,Electronics,1338.07,2,0,0.2468,3165.1,1,0
ORD_101287,CUST_3362,Electronics,1102.23,5,1,0.3568,1612.3,6,1
ORD_114204,CUST_1973,Beauty,993.83,0,0,0.3196,2841.7,1,0
ORD_106223,CUST_1060,Home & Kitchen,1253.94,0,1,0.1357,2587.7,1,0
ORD_103921,CUST_2579,Electronics,834.06,2,1,0.134,1474.0,1,1
ORD_114008,CUST_2879,Apparel,1341.37,1,0,0.2418,2801.4,1,0
ORD_102883,CUST_4350,Beauty,391.68,0,1,0.3943,662.8,1,0
ORD_112563,CUST_3143,Home & Kitchen,532.15,4,1,0.0979,491.3,1,1
ORD_106045,CUST_2189,Apparel,2272.58,1,0,0.0792,228.6,3,0
ORD_100849,CUST_3842,Home & Kitchen,964.91,4,1,0.2799,2004.7,1,0
ORD_113470,CUST_3067,Beauty,4016.59,2,0,0.1248,3036.1,1,0
ORD_106322,CUST_1411,Apparel,568.32,1,0,0.1934,1850.4,1,0
ORD_109439,CUST_1128,Apparel,1097.29,0,1,0.0342,3075.7,1,0
ORD_108009,CUST_2887,Apparel,1531.45,0,0,0.2094,2702.5,2,0
ORD_101890,CUST_2333,Footwear,5203.98,4,1,0.0994,2876.0,1,0
ORD_114427,CUST_2873,Footwear,304.96,1,1,0.0421,405.6,1,0
ORD_109517,CUST_4168,Footwear,893.47,2,1,0.08,3078.2,3,0
ORD_111092,CUST_3164,Electronics,1418.92,0,1,0.2414,2134.2,12,0
ORD_101425,CUST_3052,Electronics,1422.11,0,1,0.1344,1637.4,1,0
ORD_114779,CUST_4082,Beauty,803.7,0,1,0.1827,3335.2,1,0
ORD_112013,CUST_2737,Apparel,768.6,0,0,0.205,2207.8,1,0
ORD_103736,CUST_2155,Footwear,902.33,0,1,0.2367,1394.9,2,0
ORD_111674,CUST_4229,Apparel,1710.02,0,0,0.0626,1644.6,6,0
ORD_109411,CUST_1534,Beauty,945.64,0,0,0.233,3077.7,1,1
ORD_102594,CUST_4883,Beauty,834.54,0,0,0.1289,2692.2,1,0
ORD_114633,CUST_4398,Electronics,1498.79,0,0,0.1242,1166.3,1,0
ORD_110823,CUST_4739,Footwear,1529.08,0,0,0.0804,1442.2,2,0
ORD_102881,CUST_3444,Beauty,1442.33,0,1,0.4175,1184.5,1,1
ORD_105892,CUST_4130,Apparel,885.07,4,1,0.0718,2390.8,1,0
ORD_113639,CUST_1032,Apparel,615.89,0,1,0.4696,1230.4,1,1
ORD_112134,CUST_3327,Home & Kitchen,718.27,0,0,0.0576,372.8,1,0
ORD_113839,CUST_2019,Apparel,893.09,1,0,0.2815,2826.4,1,0
ORD_106722,CUST_3742,Apparel,379.78,0,0,0.1345,3393.2,1,0
ORD_109249,CUST_1215,Apparel,3895.32,3,1,0.2524,3119.9,3,1
ORD_112854,CUST_2367,Footwear,2224.29,0,0,0.4627,204.0,2,0
ORD_113666,CUST_3542,Apparel,455.23,0,1,0.2311,2671.4,3,1
ORD_103709,CUST_3645,Home & Kitchen,532.98,0,0,0.1453,2307.3,1,0
ORD_103997,CUST_1176,Apparel,342.63,0,0,0.0724,2956.5,1,0
ORD_108421,CUST_2478,Home & Kitchen,396.22,0,1,0.3344,311.5,1,0
ORD_105620,CUST_3801,Apparel,487.0,0,1,0.1091,2976.3,2,1
ORD_109831,CUST_4005,Home & Kitchen,738.45,0,0,0.2412,3034.9,1,1
ORD_102414,CUST_4610,Footwear,826.35,0,0,0.1567,1144.8,1,0
ORD_100637,CUST_3294,Apparel,3471.23,0,1,0.1247,1852.3,1,0
ORD_106576,CUST_2152,Home & Kitchen,3877.18,4,0,0.4327,2965.0,1,0
ORD_105399,CUST_2696,Electronics,772.63,0,0,0.136,2419.2,3,0
ORD_106140,CUST_3843,Electronics,755.19,5,1,0.0643,1792.9,3,0
ORD_101374,CUST_2942,Apparel,1151.8,1,1,0.0449,2242.4,1,0
ORD_109641,CUST_2716,Footwear,653.7,1,0,0.3872,1032.4,1,1
ORD_106976,CUST_2422,Footwear,1139.29,0,0,0.3173,2825.9,3,0
ORD_111898,CUST_3981,Electronics,1368.66,0,1,0.1979,232.0,1,1
ORD_105020,CUST_3780,Beauty,331.81,0,1,0.1372,558.4,1,0
ORD_107583,CUST_1770,Home & Kitchen,1008.18,0,1,0.1314,1795.6,6,0
ORD_106827,CUST_1829,Footwear,836.46,2,0,0.1793,323.9,6,0
ORD_104402,CUST_4136,Electronics,4406.23,0,0,0.1427,1559.6,3,1
ORD_108288,CUST_1365,Footwear,617.25,1,1,0.1043,1690.9,1,0
ORD_102668,CUST_1477,Footwear,1658.36,10,0,0.2178,196.9,1,1
ORD_110713,CUST_1226,Beauty,1808.81,0,1,0.1292,1921.4,1,0
ORD_107977,CUST_1807,Apparel,577.75,1,0,0.2957,2962.4,1,1
ORD_105058,CUST_3455,Apparel,773.22,1,0,0.2248,2177.7,1,0
ORD_111400,CUST_4479,Apparel,1122.77,2,0,0.2823,1066.6,2,0
ORD_113713,CUST_4123,Apparel,689.26,0,0,0.2557,967.9,3,0
ORD_101618,CUST_3687,Home & Kitchen,1260.38,0,1,0.4669,2449.8,1,1
ORD_114570,CUST_2782,Home & Kitchen,3314.03,0,1,0.0879,2487.4,1,0
ORD_105034,CUST_4384,Electronics,485.7,2,1,0.1768,855.7,6,1
ORD_105723,CUST_3800,Electronics,1293.3,0,1,0.1095,2481.5,1,1
ORD_114897,CUST_3440,Apparel,2097.85,1,0,0.2877,1860.4,1,0
ORD_112586,CUST_4509,Apparel,979.97,3,0,0.3187,2183.6,1,1
ORD_101739,CUST_3861,Apparel,1295.2,0,0,0.2004,2466.5,1,1
ORD_110999,CUST_2521,Beauty,1165.73,1,1,0.2847,2643.3,3,1
ORD_102235,CUST_4218,Electronics,388.52,0,0,0.2326,187.7,1,0
ORD_109110,CUST_3050,Home & Kitchen,5685.16,0,1,0.1203,1326.7,1,0
ORD_109880,CUST_3300,Electronics,420.94,3,1,0.2081,2039.1,6,1
ORD_107129,CUST_3805,Home & Kitchen,431.69,0,0,0.0935,3007.6,3,0
ORD_114350,CUST_1382,Home & Kitchen,5574.86,0,1,0.2343,2803.1,1,0
ORD_113060,CUST_4236,Apparel,426.96,0,0,0.2083,1676.8,1,0
ORD_100090,CUST_4459,Apparel,1243.0,3,0,0.1384,2699.9,12,0
ORD_102765,CUST_3166,Beauty,855.2,3,0,0.1757,314.0,1,0
ORD_102251,CUST_1190,Home & Kitchen,628.48,0,0,0.3224,2082.9,1,0
ORD_100428,CUST_1639,Apparel,2413.89,2,1,0.2637,1471.1,1,0
ORD_109949,CUST_3838,Electronics,521.82,0,1,0.1585,475.0,1,1
ORD_103227,CUST_3010,Footwear,467.93,0,1,0.1486,3026.0,1,0
ORD_112852,CUST_2755,Apparel,3180.91,2,1,0.0748,1526.1,1,0
ORD_106725,CUST_4262,Home & Kitchen,4929.99,1,1,0.0589,3321.3,1,0
ORD_104445,CUST_2792,Beauty,2048.55,0,0,0.4788,643.6,1,1
ORD_103573,CUST_1769,Electronics,1642.19,5,0,0.2843,3019.4,1,0
ORD_102260,CUST_3808,Home & Kitchen,522.67,0,1,0.1853,841.4,1,0
ORD_109515,CUST_4003,Footwear,1389.77,2,0,0.1293,1963.1,6,0
ORD_109055,CUST_3068,Electronics,3930.15,0,0,0.0242,3080.4,3,0
ORD_111049,CUST_2065,Apparel,771.44,0,0,0.2047,1024.6,1,0
ORD_108717,CUST_3587,Footwear,2250.42,1,0,0.3642,3266.3,1,0
ORD_113951,CUST_1697,Beauty,1745.82,0,1,0.1534,1343.2,2,0
ORD_111022,CUST_1613,Footwear,2112.65,2,1,0.0872,2563.5,1,1
ORD_109914,CUST_4365,Apparel,4191.29,2,1,0.2529,525.0,1,1
ORD_106347,CUST_1092,Apparel,687.22,5,0,0.4212,3399.5,1,0
ORD_104720,CUST_3495,Footwear,778.48,0,1,0.1513,671.0,1,0
ORD_108307,CUST_3912,Apparel,456.31,1,1,0.1072,3240.3,1,0
ORD_113664,CUST_2315,Electronics,326.98,0,1,0.4607,1264.7,6,0
ORD_105914,CUST_3262,Beauty,779.53,1,1,0.3203,1971.2,1,1
ORD_103408,CUST_1741,Beauty,366.36,1,0,0.1616,2386.2,2,0
ORD_112898,CUST_4926,Home & Kitchen,4010.49,0,0,0.4409,2736.3,1,0
ORD_106582,CUST_4449,Footwear,2735.62,2,1,0.1802,1479.0,1,0
ORD_100738,CUST_4572,Home & Kitchen,2608.11,1,1,0.1116,2828.6,1,0
ORD_109872,CUST_1468,Footwear,550.13,0,0,0.0551,3396.1,3,0
ORD_113798,CUST_1463,Apparel,806.0,0,1,0.552,2147.2,1,1
ORD_106756,CUST_2448,Beauty,574.68,0,1,0.2539,2544.2,1,0
ORD_111293,CUST_4243,Apparel,471.79,1,0,0.2476,838.7,1,0
ORD_107986,CUST_2269,Electronics,1668.99,0,1,0.0906,262.9,1,0
ORD_111021,CUST_1847,Electronics,415.81,1,0,0.1715,1000.5,1,1
ORD_110685,CUST_3508,Apparel,3546.47,0,1,0.3468,2031.4,1,1
ORD_111736,CUST_2314,Footwear,777.89,0,1,0.425,2431.9,2,1
ORD_107740,CUST_4066,Footwear,2178.59,0,1,0.6334,1267.8,3,1
ORD_108636,CUST_2541,Apparel,3783.71,1,0,0.2802,652.9,1,1
ORD_106988,CUST_3707,Apparel,1183.26,0,0,0.1657,608.2,3,1
ORD_102715,CUST_1269,Footwear,4225.05,2,1,0.2486,1781.8,1,1
ORD_105098,CUST_3437,Apparel,510.02,0,1,0.2755,1237.3,1,0
ORD_112072,CUST_2260,Beauty,1201.07,0,1,0.4345,3240.2,1,1
ORD_102261,CUST_2054,Electronics,390.71,3,1,0.0613,1950.2,1,1
ORD_109040,CUST_3378,Apparel,416.88,0,1,0.3728,2773.7,1,1
ORD_101585,CUST_4030,Electronics,1429.49,1,0,0.2274,677.7,2,0
ORD_105228,CUST_3096,Electronics,434.08,0,1,0.2035,3356.8,1,0
ORD_106487,CUST_4480,Footwear,847.66,0,0,0.0821,3448.4,1,0
ORD_106297,CUST_3463,Apparel,396.62,0,1,0.3054,1630.5,2,1
ORD_101368,CUST_4744,Footwear,559.24,0,1,0.1466,3355.1,1,0
ORD_106186,CUST_1822,Electronics,1251.05,0,1,0.1293,673.3,6,0
ORD_108411,CUST_4274,Beauty,955.77,0,1,0.2589,1894.2,12,0
ORD_103489,CUST_4926,Apparel,711.66,0,0,0.037,2659.5,2,0
ORD_105811,CUST_1042,Footwear,1022.46,7,0,0.0614,2524.3,1,1
ORD_100706,CUST_4906,Apparel,3337.52,0,1,0.2873,1636.6,12,0
ORD_106209,CUST_4666,Apparel,684.69,5,0,0.1586,3479.3,1,0
ORD_109129,CUST_2073,Beauty,3022.54,1,0,0.0582,3361.3,1,0
ORD_111606,CUST_3543,Electronics,2514.15,0,1,0.0906,2971.4,1,1
ORD_106949,CUST_2963,Apparel,2231.11,0,0,0.1514,2031.0,12,0
ORD_113114,CUST_1104,Electronics,754.32,1,1,0.1204,2592.8,3,1
ORD_103996,CUST_4669,Apparel,4396.73,0,0,0.1294,2795.3,1,0
ORD_106749,CUST_3935,Apparel,961.97,0,1,0.2514,1413.3,1,0
ORD_112186,CUST_2939,Home & Kitchen,1270.34,0,0,0.198,2296.4,1,0
ORD_112208,CUST_1815,Beauty,3824.71,0,0,0.2284,1815.1,1,0
ORD_110699,CUST_3817,Electronics,758.86,0,0,0.0138,702.7,1,0
ORD_101277,CUST_4625,Apparel,1135.76,1,0,0.1376,524.7,1,0
ORD_110691,CUST_3309,Home & Kitchen,462.19,1,1,0.047,356.5,1,0
ORD_106671,CUST_1949,Footwear,1550.6,0,1,0.0746,2103.5,1,0
ORD_106117,CUST_3636,Home & Kitchen,599.7,0,1,0.3397,3022.0,2,1
ORD_113019,CUST_4644,Electronics,2839.1,1,0,0.2845,1370.2,3,0
ORD_106810,CUST_3923,Apparel,1411.95,7,0,0.1236,244.8,1,1
ORD_108528,CUST_1924,Beauty,662.75,3,0,0.2776,841.5,1,0
ORD_100385,CUST_3199,Apparel,1493.45,0,1,0.2961,2086.0,1,0
ORD_102995,CUST_2286,Apparel,1100.42,3,0,0.1452,2695.4,1,0
ORD_104660,CUST_2403,Home & Kitchen,1095.86,1,0,0.2969,2469.7,6,0
ORD_110443,CUST_4625,Beauty,3522.62,0,1,0.3424,2823.8,2,1
ORD_107772,CUST_4334,Electronics,1530.67,0,1,0.3906,2068.3,3,0
ORD_109167,CUST_4169,Electronics,450.74,1,0,0.2661,3226.6,1,0
ORD_113243,CUST_1425,Electronics,619.95,0,1,0.3954,3191.5,3,1
ORD_111390,CUST_2790,Footwear,334.2,2,0,0.01,3199.1,2,0
ORD_110583,CUST_1087,Apparel,3300.37,0,1,0.2907,383.8,1,1
ORD_104217,CUST_2098,Apparel,396.19,0,1,0.0594,1770.3,1,0
ORD_113932,CUST_1838,Electronics,436.02,2,1,0.1026,490.7,1,0
ORD_109768,CUST_1122,Apparel,669.76,0,0,0.4244,757.1,1,0
ORD_104493,CUST_1703,Home & Kitchen,1137.73,1,0,0.1656,3107.6,1,0
ORD_106772,CUST_1405,Home & Kitchen,963.2,0,1,0.0223,742.6,1,0
ORD_102624,CUST_1403,Apparel,3059.0,1,0,0.0551,1922.0,1,1
ORD_105166,CUST_2525,Footwear,491.49,0,1,0.2491,3287.9,3,1
ORD_112836,CUST_1665,Electronics,1144.46,0,1,0.0939,2750.7,1,0
ORD_106214,CUST_1195,Apparel,1525.91,0,1,0.0973,2950.9,1,0
ORD_114376,CUST_1080,Electronics,2392.98,4,0,0.1456,1396.9,1,0
ORD_106242,CUST_3854,Apparel,1012.2,0,0,0.1864,849.7,6,1
ORD_108279,CUST_1117,Footwear,1556.62,1,1,0.1331,1990.7,1,1
ORD_101161,CUST_1666,Apparel,953.58,1,1,0.0778,945.8,1,0
ORD_103460,CUST_3672,Electronics,1800.58,0,1,0.1195,2338.4,1,0
ORD_100119,CUST_3767,Apparel,309.93,0,1,0.0663,2437.4,1,0
ORD_106965,CUST_1225,Electronics,2575.25,7,1,0.056,1389.6,6,1
ORD_112060,CUST_1511,Electronics,1336.19,2,1,0.1885,1077.7,3,0
ORD_111960,CUST_3100,Footwear,374.02,0,1,0.1356,1325.8,1,0
ORD_108744,CUST_1490,Apparel,1193.89,1,1,0.3539,344.9,1,1
ORD_114002,CUST_4767,Electronics,704.89,0,1,0.0335,1711.7,2,0
ORD_112501,CUST_4309,Apparel,2690.94,1,0,0.1914,2999.4,1,1
ORD_103926,CUST_2642,Footwear,2420.66,0,1,0.2299,242.1,2,1
ORD_100021,CUST_4380,Apparel,3354.34,7,1,0.1899,357.4,3,1
ORD_100285,CUST_4152,Footwear,2156.91,4,1,0.2928,400.0,1,1
ORD_108869,CUST_3589,Apparel,2813.18,3,1,0.2608,372.4,1,0
ORD_105134,CUST_4899,Apparel,2677.75,0,1,0.0841,822.4,1,0
ORD_103367,CUST_4331,Electronics,1500.4,2,1,0.1819,2187.3,1,1
ORD_110998,CUST_3078,Beauty,3067.54,0,0,0.1447,3222.8,6,0
ORD_106660,CUST_4726,Footwear,2606.56,2,0,0.2785,3446.6,1,0
ORD_112942,CUST_2339,Footwear,1400.28,7,1,0.1542,3420.0,1,1
ORD_112931,CUST_3905,Electronics,2481.07,1,1,0.111,886.1,1,0
ORD_101566,CUST_4449,Footwear,885.55,0,1,0.1964,737.2,1,0
ORD_104047,CUST_3126,Footwear,1175.47,1,0,0.077,3422.0,2,0
ORD_112968,CUST_4324,Apparel,877.22,3,1,0.1496,2102.8,1,0
ORD_110068,CUST_2716,Beauty,635.68,1,1,0.1097,1123.0,1,0
ORD_108249,CUST_4938,Home & Kitchen,1037.96,0,1,0.0749,1051.9,2,1
ORD_108181,CUST_2698,Footwear,1223.64,2,1,0.0607,1280.6,6,0
ORD_102651,CUST_2394,Home & Kitchen,959.21,1,0,0.2828,1620.9,1,0
ORD_104989,CUST_1357,Home & Kitchen,681.08,10,1,0.1799,1784.1,1,0
ORD_114801,CUST_4931,Apparel,1443.65,0,0,0.0799,1684.7,1,0
ORD_108936,CUST_4201,Electronics,603.56,1,1,0.0965,2207.8,1,0
ORD_102389,CUST_1868,Home & Kitchen,3142.06,0,1,0.1792,887.5,1,0
ORD_101162,CUST_1092,Electronics,3063.76,0,0,0.162,416.6,1,0
ORD_104913,CUST_1021,Electronics,540.97,0,0,0.1088,2560.6,1,0
ORD_100288,CUST_1001,Apparel,2320.88,0,1,0.1735,1339.2,1,1
ORD_107154,CUST_2224,Home & Kitchen,664.88,0,1,0.1936,1898.9,1,0
ORD_107078,CUST_4416,Footwear,6051.16,0,0,0.0677,704.3,2,0
ORD_106170,CUST_2162,Footwear,620.57,5,1,0.2575,3038.2,1,0
ORD_112550,CUST_1235,Footwear,1464.64,0,1,0.0305,2343.2,1,0
ORD_110957,CUST_2444,Electronics,1622.26,0,0,0.1753,2638.0,1,0
ORD_106017,CUST_2271,Apparel,389.64,0,1,0.2625,2611.1,1,1
ORD_102580,CUST_2266,Home & Kitchen,359.74,0,1,0.2937,2220.0,1,0
ORD_109785,CUST_1442,Apparel,995.8,3,0,0.1061,1024.3,1,1
ORD_112497,CUST_3384,Apparel,1369.32,0,1,0.1871,2103.7,1,0
ORD_108323,CUST_1621,Apparel,350.42,0,0,0.152,3463.7,6,0
ORD_109558,CUST_3223,Apparel,436.72,3,0,0.1376,3144.3,3,1
ORD_105373,CUST_2994,Footwear,1071.63,1,0,0.3438,3268.4,1,0
ORD_108077,CUST_4523,Home & Kitchen,3231.76,2,1,0.1779,533.0,6,1
ORD_103158,CUST_2821,Electronics,2004.32,0,1,0.0466,1658.0,1,0
ORD_110642,CUST_3379,Apparel,1283.05,0,1,0.1239,510.4,1,1
ORD_110902,CUST_3662,Apparel,688.6,0,1,0.2098,2559.8,2,1
ORD_101082,CUST_3448,Apparel,622.07,2,1,0.2291,2021.7,1,0
ORD_102467,CUST_4860,Home & Kitchen,551.76,0,0,0.2527,868.2,1,0
ORD_100686,CUST_3839,Footwear,2283.09,0,1,0.2262,2316.2,2,1
ORD_114421,CUST_1904,Apparel,3296.0,1,1,0.2332,1987.1,1,0
ORD_112979,CUST_2079,Footwear,1193.27,0,1,0.0403,2890.1,1,0
ORD_109170,CUST_2990,Apparel,396.11,1,0,0.3937,159.6,1,0
ORD_110805,CUST_4549,Electronics,566.12,0,1,0.2865,1507.7,3,0
ORD_112237,CUST_2821,Home & Kitchen,716.82,0,1,0.3373,159.7,1,0
ORD_104331,CUST_1786,Beauty,1678.49,0,1,0.1904,626.4,6,1
ORD_105488,CUST_4423,Footwear,1449.81,1,1,0.2129,911.1,1,0
ORD_110760,CUST_4880,Footwear,1668.2,2,0,0.0637,1593.9,1,0
ORD_102402,CUST_4233,Electronics,4208.04,0,1,0.1259,2475.5,3,0
ORD_114205,CUST_1639,Electronics,1292.6,0,1,0.1194,1836.7,1,0
ORD_103687,CUST_4175,Electronics,2403.52,0,0,0.1443,1149.8,1,0
ORD_100936,CUST_2549,Apparel,1043.23,4,0,0.2598,3414.0,1,1
ORD_104971,CUST_4455,Beauty,1915.52,1,1,0.0462,652.5,12,0
ORD_104566,CUST_3459,Apparel,467.28,0,0,0.4131,516.5,1,0
ORD_107200,CUST_3320,Electronics,826.31,0,1,0.092,2994.3,1,0
ORD_111113,CUST_4618,Home & Kitchen,1114.55,5,0,0.2088,3155.6,1,0
ORD_101267,CUST_3158,Home & Kitchen,2007.61,0,0,0.2136,2782.6,1,0
ORD_112826,CUST_4972,Footwear,481.46,2,1,0.3939,205.3,2,0
ORD_104300,CUST_2530,Footwear,809.49,0,1,0.1091,344.2,1,1
ORD_107287,CUST_1366,Home & Kitchen,361.14,0,1,0.1902,2628.1,1,0
ORD_112833,CUST_2141,Electronics,1591.65,1,1,0.2723,2518.4,2,0
ORD_113218,CUST_4041,Home & Kitchen,492.61,4,1,0.0076,284.1,1,0
ORD_106156,CUST_3041,Footwear,1566.15,1,1,0.2026,2938.3,1,0
ORD_109197,CUST_3353,Electronics,3205.26,2,0,0.0634,3420.4,1,0
ORD_112831,CUST_2684,Apparel,412.4,1,1,0.3353,1399.6,1,0
ORD_111639,CUST_4573,Beauty,427.29,1,0,0.0214,3129.9,1,0
ORD_101775,CUST_1706,Apparel,920.25,1,1,0.2317,744.0,1,1
ORD_104312,CUST_1082,Apparel,1597.53,0,1,0.3734,2164.4,12,0
ORD_111900,CUST_3003,Apparel,590.58,0,0,0.2325,1247.6,1,0
ORD_111431,CUST_1891,Electronics,2346.24,4,0,0.2877,1911.2,1,0
ORD_110590,CUST_3665,Apparel,480.34,0,0,0.2693,2539.6,3,0
ORD_102539,CUST_4430,Apparel,1990.56,0,0,0.3074,1714.8,2,0
ORD_109327,CUST_4199,Home & Kitchen,895.64,3,1,0.294,2010.7,1,0
ORD_114477,CUST_1215,Footwear,1511.9,0,0,0.1286,1846.8,6,0
ORD_108721,CUST_4629,Beauty,5164.33,0,1,0.152,2276.8,1,0
ORD_104348,CUST_3136,Electronics,2313.88,0,1,0.1161,1356.1,1,1
ORD_104844,CUST_4595,Electronics,590.24,0,1,0.204,3369.3,1,0
ORD_108073,CUST_1122,Home & Kitchen,812.13,0,1,0.0823,3053.3,1,0
ORD_112627,CUST_3923,Electronics,1698.12,0,0,0.455,1668.5,1,1
ORD_105473,CUST_3172,Apparel,1016.35,0,0,0.3353,1841.3,2,0
ORD_102278,CUST_1294,Electronics,1620.44,3,1,0.4312,1890.5,1,0
ORD_112669,CUST_3546,Apparel,1065.24,0,0,0.4939,2717.5,6,0
ORD_101437,CUST_3343,Footwear,602.01,0,1,0.1291,1869.8,1,0
ORD_103431,CUST_4042,Electronics,1791.42,3,0,0.2855,1398.2,1,0
ORD_102019,CUST_1130,Electronics,1551.83,0,0,0.0561,2400.5,1,0
ORD_111488,CUST_3838,Apparel,648.45,2,0,0.1261,2587.0,1,0
ORD_102686,CUST_1503,Apparel,1908.69,5,1,0.1288,170.6,1,0
ORD_102035,CUST_4468,Apparel,668.53,3,1,0.2867,1753.5,3,1
ORD_109788,CUST_1142,Footwear,1664.55,0,0,0.0608,2743.0,1,0
ORD_104177,CUST_4547,Apparel,828.84,0,1,0.1482,2133.9,1,0
ORD_112879,CUST_1750,Electronics,307.48,0,0,0.1285,1608.7,1,1
ORD_107061,CUST_3053,Footwear,1115.32,3,1,0.263,3339.9,1,1
ORD_107893,CUST_3525,Electronics,1809.28,3,0,0.1245,1242.3,3,1
ORD_102093,CUST_1704,Apparel,307.66,1,1,0.2363,1778.9,1,0
ORD_109343,CUST_1950,Apparel,730.09,0,1,0.0542,1268.1,1,0
ORD_113775,CUST_1836,Home & Kitchen,1778.11,0,0,0.1303,721.0,1,0
ORD_114132,CUST_4686,Apparel,1694.74,2,1,0.0968,2016.2,1,0
ORD_112688,CUST_1838,Beauty,491.0,0,0,0.0786,2614.4,6,0
ORD_103423,CUST_4284,Home & Kitchen,2597.95,3,0,0.116,852.9,1,1
ORD_114241,CUST_2071,Footwear,4472.98,3,0,0.3323,1397.9,6,0
ORD_110451,CUST_1257,Electronics,2240.41,0,1,0.0598,3210.1,1,0
ORD_105669,CUST_4580,Apparel,3127.26,0,0,0.2906,510.9,1,1
ORD_101402,CUST_2908,Apparel,2548.9,0,0,0.5479,2919.6,1,0
ORD_113678,CUST_4018,Electronics,1025.82,1,0,0.4484,2523.5,1,0
ORD_107013,CUST_3271,Apparel,1533.76,2,1,0.2931,3183.4,1,1
ORD_105903,CUST_3606,Apparel,616.41,0,1,0.2439,968.4,1,0
ORD_102562,CUST_1021,Footwear,1771.85,1,0,0.4889,1875.0,2,1
ORD_111144,CUST_4286,Footwear,1642.28,2,1,0.0825,2476.1,1,0
ORD_109567,CUST_4191,Electronics,1623.67,3,1,0.0795,2743.8,6,0
ORD_114638,CUST_2724,Electronics,1950.19,3,1,0.1472,2066.0,1,0
ORD_100769,CUST_4766,Home & Kitchen,924.56,4,0,0.0648,1256.0,1,0
ORD_107975,CUST_1443,Apparel,716.12,2,0,0.0387,3352.9,3,0
ORD_101659,CUST_4212,Beauty,1004.78,0,1,0.1534,234.6,1,0
ORD_111538,CUST_1945,Home & Kitchen,629.73,0,0,0.4287,712.9,2,0
ORD_102142,CUST_2911,Electronics,822.64,4,1,0.0898,2732.6,1,0
ORD_102705,CUST_1459,Home & Kitchen,666.61,3,0,0.1939,1744.7,1,0
ORD_112288,CUST_1784,Electronics,1819.05,3,1,0.1781,1993.4,6,1
ORD_108994,CUST_3998,Beauty,1124.08,0,1,0.3002,3225.5,1,0
ORD_109737,CUST_4408,Beauty,464.99,0,0,0.2044,724.9,3,0
ORD_108150,CUST_1607,Apparel,1150.36,0,1,0.2231,533.4,1,0
ORD_113258,CUST_3235,Footwear,1894.93,0,1,0.093,1317.5,1,0
ORD_112294,CUST_1136,Footwear,945.48,0,0,0.3049,2094.2,1,0
ORD_102330,CUST_3257,Home & Kitchen,793.73,1,1,0.3326,2265.0,1,0
ORD_103287,CUST_1163,Apparel,3498.57,0,1,0.3418,1560.0,2,1
ORD_112099,CUST_2893,Footwear,1830.99,0,0,0.1347,2770.8,1,1
ORD_108114,CUST_1042,Apparel,1135.63,0,0,0.3817,1994.8,1,1
ORD_102604,CUST_2082,Beauty,1064.89,1,1,0.1346,2309.4,1,0
ORD_112524,CUST_1165,Footwear,613.22,0,1,0.0808,1331.0,3,1
ORD_103294,CUST_1237,Apparel,697.64,1,0,0.456,1926.3,12,1
ORD_102759,CUST_3558,Footwear,653.76,0,1,0.1968,546.1,1,0
ORD_105786,CUST_2331,Electronics,3043.33,0,0,0.1035,2522.7,1,0
ORD_107341,CUST_2601,Electronics,712.1,2,0,0.0248,399.3,1,0
ORD_111686,CUST_1672,Apparel,2273.12,1,0,0.2582,590.4,1,0
ORD_114723,CUST_1166,Apparel,387.15,2,1,0.2981,2080.6,6,0
ORD_106027,CUST_1300,Apparel,1242.51,0,1,0.3193,2625.0,6,0
ORD_113721,CUST_4464,Electronics,1669.97,4,1,0.2514,2363.7,1,1
ORD_103442,CUST_3557,Electronics,1551.54,0,0,0.1353,3153.0,3,0
ORD_111225,CUST_3526,Footwear,2082.2,0,1,0.1998,1035.4,1,1
ORD_111943,CUST_4699,Footwear,1072.29,3,1,0.1473,2848.9,1,1
ORD_106230,CUST_2334,Home & Kitchen,1814.41,1,1,0.1254,1929.1,1,1
ORD_112619,CUST_3748,Footwear,3081.58,4,1,0.2177,2673.9,1,0
ORD_102355,CUST_4609,Home & Kitchen,3708.41,1,1,0.1214,2104.2,3,0
ORD_101096,CUST_4775,Beauty,1639.96,0,0,0.1378,2610.0,1,0
ORD_106917,CUST_1035,Home & Kitchen,813.48,0,1,0.1004,1066.7,1,0
ORD_102395,CUST_2410,Apparel,570.85,3,0,0.0715,785.3,1,0
ORD_107539,CUST_2938,Apparel,426.05,1,0,0.1917,884.0,1,0
ORD_103236,CUST_2689,Home & Kitchen,5982.49,0,1,0.1686,1515.3,1,1
ORD_100126,CUST_3264,Apparel,3252.75,0,1,0.0853,1834.3,1,0
ORD_102611,CUST_3140,Apparel,928.19,5,0,0.301,2119.6,2,0
ORD_111572,CUST_1328,Home & Kitchen,914.95,0,0,0.2171,1262.5,3,0
ORD_113390,CUST_2903,Apparel,1402.18,0,0,0.0618,1927.5,1,1
ORD_102304,CUST_4902,Apparel,1604.03,1,0,0.0832,3115.4,1,0
ORD_110023,CUST_4253,Apparel,1046.54,2,0,0.1255,3252.9,1,0
ORD_110696,CUST_1354,Apparel,657.4,1,0,0.1591,2075.6,3,0
ORD_113612,CUST_1605,Beauty,529.72,0,1,0.1337,1932.1,1,0
ORD_109739,CUST_3351,Footwear,2185.92,2,0,0.0924,672.2,6,0
ORD_105709,CUST_4453,Apparel,575.42,0,1,0.1558,317.9,1,1
ORD_101879,CUST_1148,Footwear,962.01,0,1,0.1386,2790.8,1,0
ORD_107822,CUST_1063,Beauty,4320.0,5,0,0.009,1615.9,1,0
ORD_103672,CUST_2304,Footwear,1379.51,7,1,0.1514,760.8,1,0
ORD_111403,CUST_1810,Home & Kitchen,937.29,0,1,0.3956,2642.9,1,0
ORD_103592,CUST_1487,Apparel,384.8,0,1,0.105,522.5,1,0
ORD_103226,CUST_3817,Electronics,1528.69,0,0,0.1328,2503.6,1,0
ORD_112430,CUST_1438,Electronics,2582.96,2,1,0.1805,1201.2,1,0
ORD_101589,CUST_1566,Apparel,1377.18,0,1,0.2826,2222.1,1,0
ORD_108008,CUST_1521,Beauty,3595.38,0,1,0.2503,3242.2,3,0
ORD_111779,CUST_1999,Apparel,1400.52,1,1,0.1247,2216.4,1,0
ORD_105953,CUST_1777,Apparel,980.42,7,1,0.0975,681.7,1,0
ORD_110183,CUST_4010,Apparel,1051.23,0,0,0.1292,2823.4,1,0
ORD_112399,CUST_3902,Footwear,735.63,0,1,0.1636,2680.9,1,0
ORD_109279,CUST_4020,Apparel,2681.98,0,1,0.0962,1384.8,1,1
ORD_102209,CUST_1036,Home & Kitchen,309.2,0,0,0.2094,2552.5,1,0
ORD_111696,CUST_2400,Electronics,324.72,1,1,0.0993,1427.2,1,0
ORD_107623,CUST_2657,Footwear,533.29,1,1,0.3155,2025.1,1,0
ORD_111799,CUST_2328,Apparel,350.67,0,1,0.1733,693.0,2,0
ORD_106867,CUST_4135,Footwear,819.28,3,0,0.3273,1549.2,1,0
ORD_104745,CUST_1796,Footwear,1198.63,0,1,0.4438,784.7,1,1
ORD_108888,CUST_4280,Footwear,643.04,1,0,0.0858,2391.6,1,0
ORD_102185,CUST_2218,Home & Kitchen,1927.06,0,0,0.2445,2157.2,1,0
ORD_102685,CUST_1013,Home & Kitchen,2245.68,7,1,0.1392,2236.2,1,0
ORD_108842,CUST_3888,Apparel,1766.0,2,1,0.2732,3327.2,1,1
ORD_106392,CUST_2096,Footwear,2015.19,3,0,0.1422,3054.8,1,1
ORD_107939,CUST_2204,Electronics,760.79,1,0,0.3595,1889.4,3,0
ORD_103281,CUST_2560,Home & Kitchen,1924.91,0,0,0.2107,1069.7,1,0
ORD_103544,CUST_2246,Home & Kitchen,1604.57,0,0,0.0474,1914.7,1,0
ORD_105125,CUST_2995,Apparel,622.98,0,1,0.1844,2485.7,1,0
ORD_107196,CUST_1138,Home & Kitchen,1269.26,0,0,0.1518,2784.9,3,0
ORD_113439,CUST_4167,Home & Kitchen,1525.22,0,1,0.215,2703.7,1,1
ORD_101551,CUST_3730,Electronics,332.45,0,1,0.1044,310.0,6,0
ORD_107718,CUST_3095,Footwear,2467.45,10,0,0.2251,3109.4,1,1
ORD_111580,CUST_2475,Apparel,934.49,0,1,0.1214,1938.5,1,0
ORD_108415,CUST_3269,Footwear,378.43,3,1,0.2563,1732.9,3,0
ORD_110371,CUST_4875,Beauty,803.85,1,0,0.0622,1101.8,6,0
ORD_101611,CUST_1385,Apparel,945.27,2,0,0.0774,353.0,1,0
ORD_101089,CUST_3900,Apparel,886.38,3,1,0.5158,1261.1,1,0
ORD_104319,CUST_3331,Apparel,2720.81,1,0,0.1235,2551.4,3,0
ORD_109681,CUST_4271,Electronics,2749.83,1,1,0.1596,3365.4,1,0
ORD_106614,CUST_1607,Apparel,2316.79,5,0,0.0448,3132.1,1,0
ORD_112813,CUST_4949,Apparel,1759.61,0,0,0.2451,1698.1,1,1
ORD_100162,CUST_1779,Electronics,4582.91,0,1,0.2977,3093.3,1,0
ORD_105646,CUST_3236,Electronics,5603.54,0,0,0.0337,2332.1,1,0
ORD_104341,CUST_3512,Apparel,2681.79,0,0,0.0841,427.2,1,1
ORD_108402,CUST_4622,Electronics,3272.53,3,0,0.4261,232.5,2,0
ORD_105031,CUST_4474,Apparel,336.01,0,0,0.1479,374.4,2,1
ORD_102743,CUST_4568,Footwear,3761.06,0,1,0.0838,409.1,12,0
ORD_112889,CUST_2179,Apparel,3704.24,4,1,0.2149,2357.3,1,0
ORD_107306,CUST_2305,Home & Kitchen,500.52,0,1,0.1309,1970.2,1,0
ORD_105684,CUST_2538,Footwear,4002.46,0,1,0.1616,2669.5,1,1
ORD_106226,CUST_3099,Footwear,1169.08,0,1,0.1374,1103.0,1,0
ORD_110396,CUST_2812,Apparel,534.68,1,0,0.4715,2758.2,2,0
ORD_114396,CUST_2672,Home & Kitchen,1098.89,2,1,0.5298,740.1,1,1
ORD_102101,CUST_1963,Electronics,1226.25,3,0,0.2852,1387.1,1,0
ORD_109775,CUST_4631,Apparel,656.66,0,1,0.2799,772.2,1,0
ORD_113238,CUST_1715,Electronics,446.27,5,1,0.0686,1313.3,1,1
ORD_105840,CUST_2855,Apparel,712.53,0,0,0.2655,2960.0,2,0
ORD_104894,CUST_3384,Apparel,601.86,1,1,0.1494,1908.0,12,0
ORD_109843,CUST_1213,Electronics,451.83,1,1,0.1629,3239.9,1,0
ORD_101721,CUST_1327,Apparel,3082.23,1,0,0.4054,1941.7,6,1
ORD_100178,CUST_3660,Footwear,1564.46,0,0,0.0725,2266.5,2,0
ORD_113657,CUST_2806,Electronics,327.86,5,0,0.189,806.8,6,1
ORD_114742,CUST_3576,Apparel,1012.41,7,0,0.253,718.0,1,0
ORD_108155,CUST_4996,Apparel,433.95,5,1,0.3427,2785.1,6,1
ORD_109916,CUST_2586,Home & Kitchen,562.92,4,1,0.3962,1031.5,1,1
ORD_112869,CUST_4360,Apparel,1009.23,1,1,0.2659,3199.1,1,1
ORD_103171,CUST_1310,Apparel,724.04,1,0,0.0474,211.2,1,0
ORD_100920,CUST_2172,Footwear,577.76,7,1,0.1318,1164.0,1,1
ORD_104397,CUST_2058,Home & Kitchen,884.17,0,0,0.1629,961.7,1,0
ORD_102899,CUST_4986,Beauty,380.25,5,1,0.0933,2488.6,1,1
ORD_110755,CUST_4658,Home & Kitchen,1303.42,1,1,0.1317,685.5,1,0
ORD_106922,CUST_4294,Apparel,661.01,5,0,0.3343,371.6,3,0
ORD_101022,CUST_2633,Beauty,2648.75,0,1,0.2639,1945.4,1,0
ORD_112757,CUST_2659,Electronics,4177.31,0,1,0.1356,2579.9,1,0
ORD_107708,CUST_4565,Apparel,595.26,3,1,0.2691,3286.3,1,1
ORD_105869,CUST_2233,Electronics,1359.1,2,0,0.1998,3057.5,1,0
ORD_108290,CUST_3570,Footwear,487.4,0,0,0.0274,3002.4,6,0
ORD_110228,CUST_4203,Footwear,1571.6,0,1,0.1218,436.4,1,0
ORD_106539,CUST_4591,Apparel,1650.57,1,1,0.2605,3113.8,1,1
ORD_111540,CUST_3700,Electronics,2243.02,1,1,0.2553,1144.0,1,0
ORD_111618,CUST_3111,Footwear,1153.13,0,0,0.0455,1752.3,2,0
ORD_113262,CUST_4414,Home & Kitchen,1648.7,0,0,0.354,619.3,1,0
ORD_113113,CUST_1904,Home & Kitchen,909.4,0,0,0.0152,1113.9,6,0
ORD_107721,CUST_3146,Electronics,3358.35,4,1,0.1396,3367.5,3,1
ORD_112421,CUST_3621,Apparel,508.94,7,1,0.0977,647.4,1,0
ORD_102352,CUST_3506,Apparel,1224.5,0,0,0.3202,2500.7,1,0
ORD_108754,CUST_1812,Home & Kitchen,361.2,1,0,0.186,2687.6,1,0
ORD_102092,CUST_1431,Home & Kitchen,725.16,0,1,0.0716,1075.4,3,0
ORD_104586,CUST_1909,Home & Kitchen,842.48,0,0,0.2936,2363.3,1,0
ORD_102963,CUST_4854,Home & Kitchen,665.58,0,1,0.0597,2487.0,1,0
ORD_105135,CUST_3010,Apparel,2359.62,0,1,0.3237,588.3,1,0
ORD_110934,CUST_4055,Electronics,1025.59,7,0,0.0761,1921.9,1,0
ORD_102744,CUST_2655,Electronics,3008.04,2,1,0.3296,534.3,1,0
ORD_113972,CUST_2106,Apparel,1066.71,0,0,0.2409,774.0,1,0
ORD_113276,CUST_2536,Footwear,2663.76,1,1,0.1969,780.1,2,1
ORD_103875,CUST_4331,Electronics,373.36,0,1,0.2148,2576.9,3,0
ORD_100853,CUST_3076,Apparel,4432.17,0,0,0.4447,2332.8,3,1
ORD_100773,CUST_3914,Apparel,3844.37,0,1,0.2286,2415.9,1,0
ORD_110542,CUST_2185,Footwear,587.13,4,1,0.189,2819.6,1,0
ORD_114683,CUST_1798,Home & Kitchen,779.0,0,1,0.0497,815.0,1,0
ORD_104002,CUST_1197,Apparel,419.8,0,0,0.115,2078.0,1,0
ORD_102079,CUST_3624,Beauty,506.07,1,1,0.352,2626.3,1,0
ORD_112028,CUST_4864,Footwear,708.2,1,1,0.322,2056.9,2,0
ORD_106699,CUST_4196,Electronics,1540.83,0,0,0.1299,1522.7,1,0
ORD_102661,CUST_3958,Home & Kitchen,3581.75,0,1,0.3052,1023.8,1,0
ORD_112534,CUST_4403,Apparel,402.83,0,0,0.2225,1412.2,12,0
ORD_114957,CUST_4444,Footwear,2797.76,1,0,0.2952,968.3,1,1
ORD_102332,CUST_4341,Home & Kitchen,3122.3,4,1,0.3738,2883.3,1,0
ORD_112548,CUST_1517,Apparel,3481.42,0,1,0.114,2756.3,1,1
ORD_109538,CUST_2465,Apparel,412.74,0,1,0.418,2237.9,1,1
ORD_113129,CUST_3511,Electronics,1299.57,4,1,0.5484,1542.9,6,0
ORD_104832,CUST_4732,Apparel,868.11,0,1,0.2165,3483.8,3,1
ORD_108504,CUST_2702,Footwear,324.0,0,1,0.3021,2430.8,1,0
ORD_103298,CUST_3530,Beauty,1173.71,2,0,0.1497,2745.3,1,0
ORD_101026,CUST_1384,Apparel,3437.27,1,0,0.2308,2979.0,3,0
ORD_113197,CUST_2094,Apparel,1057.34,0,1,0.0505,2279.3,3,0
ORD_110572,CUST_3765,Apparel,486.3,1,0,0.0862,1645.5,1,0
ORD_114388,CUST_4498,Home & Kitchen,530.4,1,0,0.2285,275.2,1,0
ORD_112830,CUST_1499,Apparel,432.65,0,1,0.268,2135.2,1,0
ORD_104012,CUST_4137,Apparel,1335.35,0,1,0.2136,1518.9,6,0
ORD_110929,CUST_1501,Apparel,2580.99,4,1,0.2309,830.1,1,0
ORD_114200,CUST_2710,Beauty,2219.94,0,0,0.0706,1112.8,1,0
ORD_104228,CUST_4854,Home & Kitchen,793.7,0,1,0.2268,676.4,6,0
ORD_105929,CUST_3265,Electronics,2022.06,0,0,0.3094,2914.5,1,0
ORD_103349,CUST_2079,Footwear,1025.4,0,1,0.064,2020.1,1,0
ORD_106463,CUST_2530,Electronics,1595.23,0,1,0.2399,236.9,2,0
ORD_105204,CUST_1161,Electronics,3624.96,0,0,0.2254,2918.2,1,0
ORD_100608,CUST_1116,Footwear,456.9,0,0,0.5037,2183.4,3,0
ORD_103121,CUST_2376,Apparel,2277.1,0,1,0.2392,754.3,1,1
ORD_100562,CUST_4413,Electronics,1599.53,0,0,0.3736,3481.2,3,0
ORD_103159,CUST_1115,Home & Kitchen,1011.47,0,1,0.1005,934.2,2,0
ORD_114645,CUST_1774,Electronics,2716.17,1,1,0.1168,603.8,1,0
ORD_114722,CUST_1084,Apparel,801.6,5,0,0.0591,2970.1,1,0
ORD_112635,CUST_4985,Beauty,670.27,0,0,0.1502,3364.4,6,0
ORD_102623,CUST_3071,Home & Kitchen,1040.36,1,0,0.0567,336.8,1,0
ORD_104043,CUST_2678,Home & Kitchen,3814.83,3,1,0.3339,797.3,6,0
ORD_110968,CUST_4905,Apparel,1736.44,2,1,0.2555,2875.2,12,0
ORD_109787,CUST_3570,Electronics,2331.16,1,0,0.3138,2010.4,2,0
ORD_110628,CUST_4854,Footwear,3366.29,1,1,0.1921,2216.8,1,0
ORD_109172,CUST_4998,Home & Kitchen,3071.88,2,1,0.0282,1779.7,1,0
ORD_109456,CUST_2067,Beauty,659.86,0,0,0.0448,259.2,6,0
ORD_101893,CUST_3670,Apparel,678.17,1,0,0.2126,268.3,1,0
ORD_108479,CUST_3425,Apparel,318.33,2,0,0.1894,860.0,1,0
ORD_107558,CUST_4235,Footwear,1624.04,0,0,0.2558,1551.4,1,0
ORD_114823,CUST_2146,Apparel,1071.5,2,0,0.114,961.3,1,0
ORD_112730,CUST_2478,Electronics,1584.39,0,0,0.1606,2051.3,1,1
ORD_105118,CUST_1818,Home & Kitchen,2579.47,7,0,0.267,3319.3,1,0
ORD_106286,CUST_1645,Home & Kitchen,813.99,7,0,0.1031,3299.3,1,0
ORD_114131,CUST_2884,Apparel,704.18,0,1,0.1203,1347.2,6,1
ORD_114172,CUST_3353,Apparel,3084.05,0,1,0.1084,678.6,1,1
ORD_107594,CUST_4847,Footwear,433.23,2,0,0.0515,1097.6,12,0
ORD_102485,CUST_1778,Footwear,444.49,0,0,0.0927,3455.9,1,0
ORD_112171,CUST_2513,Apparel,1961.35,1,1,0.2566,1600.5,3,0
ORD_111438,CUST_4186,Apparel,3804.18,3,1,0.3785,1489.5,2,1
ORD_110151,CUST_1070,Electronics,1367.17,1,1,0.3764,939.9,1,1
ORD_108563,CUST_4899,Electronics,1489.3,0,1,0.1075,2514.1,1,0
ORD_109898,CUST_1409,Apparel,572.78,0,0,0.1329,610.9,1,0
ORD_101811,CUST_2304,Footwear,4532.8,1,0,0.1951,2311.2,1,0
ORD_112505,CUST_2159,Beauty,2171.58,0,1,0.3731,2451.7,1,1
ORD_106320,CUST_4982,Footwear,464.43,1,0,0.1589,2071.1,3,0
ORD_104708,CUST_2399,Home & Kitchen,1700.22,1,0,0.3474,1207.7,1,1
ORD_111849,CUST_3778,Apparel,1506.24,0,0,0.3204,3124.8,1,0
ORD_112734,CUST_2151,Electronics,1019.99,0,0,0.3414,2899.4,1,0
ORD_101642,CUST_4120,Apparel,1247.38,0,0,0.2731,1222.8,1,0
ORD_105017,CUST_2590,Electronics,458.29,0,0,0.0103,290.4,1,0
ORD_102694,CUST_3938,Footwear,941.25,0,0,0.0599,2339.6,3,1
ORD_103895,CUST_2687,Apparel,643.28,0,0,0.1292,1304.0,1,0
ORD_109929,CUST_4514,Footwear,859.29,1,0,0.1978,507.0,1,0
ORD_104631,CUST_2681,Electronics,2356.02,7,0,0.1996,1504.0,1,0
ORD_100412,CUST_4791,Home & Kitchen,1874.95,1,1,0.1791,2325.7,1,0
ORD_106570,CUST_3552,Footwear,355.06,0,1,0.0957,2663.7,6,0
ORD_101581,CUST_4417,Apparel,434.72,0,1,0.5722,1250.2,2,0
ORD_114426,CUST_4925,Apparel,361.75,0,1,0.3937,3191.5,1,0
ORD_112725,CUST_1343,Electronics,532.14,2,0,0.1095,285.0,1,0
ORD_112025,CUST_2435,Electronics,2415.22,0,1,0.3085,3063.7,1,1
ORD_111016,CUST_1838,Footwear,745.61,5,1,0.3019,1695.5,1,1
ORD_108354,CUST_1741,Home & Kitchen,917.28,3,1,0.2265,2719.0,1,0
ORD_100810,CUST_3938,Apparel,1898.74,1,0,0.4195,955.0,1,1
ORD_105048,CUST_2587,Home & Kitchen,693.69,0,1,0.0941,1956.8,1,0
ORD_107183,CUST_2016,Electronics,461.33,7,0,0.1789,405.1,12,0
ORD_101805,CUST_4186,Home & Kitchen,837.59,0,1,0.2777,1160.1,1,1
ORD_105423,CUST_3050,Apparel,1217.48,0,0,0.0349,3005.8,2,1
ORD_114673,CUST_1527,Beauty,1089.41,0,1,0.1171,2585.1,3,0
ORD_104187,CUST_2418,Apparel,2374.44,0,1,0.2513,863.9,3,1
ORD_110806,CUST_4826,Footwear,758.57,0,1,0.1952,3160.6,3,1
ORD_113444,CUST_3468,Footwear,5529.08,1,0,0.0417,623.5,1,0
ORD_112630,CUST_1826,Footwear,384.5,0,1,0.1675,2150.2,3,0
ORD_106809,CUST_2610,Home & Kitchen,2654.03,3,1,0.2,2921.9,1,1
ORD_103981,CUST_4064,Apparel,601.53,2,1,0.2267,1610.9,1,1
ORD_101982,CUST_4990,Electronics,1351.18,5,1,0.176,2817.5,1,0
ORD_107087,CUST_1382,Footwear,1611.08,0,0,0.1196,863.8,3,0
ORD_108136,CUST_4678,Footwear,6860.76,3,1,0.2703,1394.8,1,1
ORD_106961,CUST_2462,Electronics,1443.25,5,1,0.1213,738.5,1,0
ORD_108240,CUST_4346,Home & Kitchen,762.3,0,0,0.1948,2507.4,1,1
ORD_100089,CUST_4943,Footwear,312.34,0,1,0.2022,3332.7,1,0
ORD_102613,CUST_2230,Apparel,623.7,0,1,0.1644,3111.3,1,1
ORD_102381,CUST_3896,Apparel,437.28,0,0,0.102,2933.5,6,0
ORD_114792,CUST_4853,Electronics,3512.88,0,0,0.2609,3320.2,1,0
ORD_103740,CUST_2013,Home & Kitchen,965.0,0,1,0.186,2101.9,1,0
ORD_106044,CUST_1175,Apparel,711.31,1,1,0.1026,1361.0,3,1
ORD_100292,CUST_1854,Beauty,1227.38,0,1,0.1589,3423.0,1,0
ORD_114810,CUST_3708,Home & Kitchen,336.52,1,0,0.0724,1145.8,1,0
ORD_101413,CUST_2855,Apparel,1038.58,0,1,0.12,3254.7,2,0
ORD_110788,CUST_3416,Electronics,670.01,0,1,0.2867,3037.0,1,0
ORD_102652,CUST_1185,Electronics,350.3,0,1,0.0683,1685.7,2,0
ORD_108366,CUST_1426,Footwear,562.57,4,1,0.0379,2677.4,1,0
ORD_109503,CUST_2203,Electronics,2227.9,2,1,0.5196,2653.9,3,1
ORD_112972,CUST_4301,Electronics,924.9,1,0,0.2697,3329.5,3,0
ORD_102364,CUST_4560,Apparel,1197.19,1,0,0.1309,2293.7,2,1
ORD_102072,CUST_3424,Apparel,1360.76,1,0,0.0433,313.7,1,0
ORD_112351,CUST_4845,Apparel,5224.0,0,1,0.1105,2702.9,1,1
ORD_106344,CUST_3805,Footwear,634.72,1,0,0.2389,1662.8,6,0
ORD_113768,CUST_1688,Beauty,1320.66,0,0,0.0717,937.8,1,1
ORD_104290,CUST_1141,Apparel,565.49,1,1,0.1649,2292.2,1,0
ORD_106369,CUST_1816,Apparel,610.41,0,0,0.0839,785.9,1,0
ORD_113876,CUST_1973,Footwear,605.76,10,1,0.2576,1446.1,1,1
ORD_108790,CUST_3984,Electronics,1090.4,1,0,0.2058,2548.6,1,0
ORD_107059,CUST_2853,Home & Kitchen,1055.01,0,0,0.1288,1434.2,1,0
ORD_107633,CUST_4854,Electronics,2241.66,0,1,0.1883,3486.6,1,1
ORD_107817,CUST_2459,Home & Kitchen,799.41,3,1,0.1242,2252.8,1,0
ORD_108102,CUST_1555,Apparel,537.71,0,0,0.1434,2409.0,1,0
ORD_112352,CUST_4831,Home & Kitchen,2389.89,1,1,0.0454,3270.6,12,0
ORD_102912,CUST_3914,Home & Kitchen,3209.97,0,0,0.1491,994.6,12,0
ORD_113758,CUST_2343,Footwear,1362.43,7,0,0.0909,586.9,1,1
ORD_105648,CUST_1993,Footwear,3811.58,1,1,0.2416,1513.0,3,0
ORD_111787,CUST_4039,Apparel,2996.76,0,1,0.1308,1003.5,1,0
ORD_104742,CUST_3043,Beauty,508.39,3,0,0.2174,308.6,1,0
ORD_112971,CUST_3433,Electronics,719.02,1,0,0.3326,2871.2,1,0
ORD_100797,CUST_3782,Electronics,2720.02,3,1,0.1015,2228.1,3,1
ORD_111623,CUST_1833,Electronics,717.97,2,1,0.1978,1096.0,1,1
ORD_112484,CUST_2132,Electronics,2626.57,1,1,0.2069,2543.5,6,0
ORD_108917,CUST_1520,Apparel,2326.33,0,1,0.3022,1862.6,1,1
ORD_104857,CUST_1694,Electronics,492.3,2,0,0.3773,2899.6,1,0
ORD_113643,CUST_3120,Apparel,4008.1,1,0,0.236,237.0,1,0
ORD_112312,CUST_2301,Electronics,560.58,1,1,0.1963,2562.9,3,0
ORD_110413,CUST_4394,Electronics,477.05,5,0,0.115,1679.1,1,0
ORD_111874,CUST_4810,Home & Kitchen,4964.95,0,1,0.2813,2906.6,1,0
ORD_102068,CUST_1271,Home & Kitchen,349.04,3,1,0.3174,1671.4,2,1
ORD_100507,CUST_3901,Apparel,1454.03,0,1,0.0454,1642.8,1,0
ORD_100459,CUST_1658,Beauty,2503.71,3,1,0.1609,2834.7,1,0
ORD_107764,CUST_2781,Footwear,311.54,0,1,0.1661,1031.8,1,0
ORD_107365,CUST_3836,Electronics,775.1,1,0,0.1601,2113.5,1,0
ORD_104604,CUST_4421,Apparel,2299.88,0,1,0.1144,2960.8,1,1
ORD_100418,CUST_1397,Apparel,980.74,1,0,0.3992,650.3,6,0
ORD_100020,CUST_2685,Apparel,904.82,0,0,0.2576,3113.3,1,1
ORD_112973,CUST_1270,Electronics,1213.84,0,0,0.1385,2506.3,2,0
ORD_105316,CUST_4575,Footwear,2637.43,0,0,0.2449,1153.1,1,1
ORD_110216,CUST_1250,Apparel,471.43,0,1,0.034,2815.0,1,0
ORD_110365,CUST_2869,Apparel,1870.92,2,0,0.4246,3448.5,1,1
ORD_110767,CUST_3511,Apparel,2205.65,0,1,0.1566,3154.4,1,0
ORD_110450,CUST_3990,Footwear,2766.37,5,0,0.0834,2046.4,6,0
ORD_100690,CUST_1496,Electronics,324.3,2,0,0.1858,912.3,1,1
ORD_108356,CUST_1819,Home & Kitchen,961.35,5,1,0.3221,903.0,1,1
ORD_112062,CUST_3602,Footwear,841.75,0,1,0.5547,1311.4,1,0
ORD_108785,CUST_4829,Electronics,1187.59,5,0,0.1895,2965.2,2,0
ORD_110645,CUST_1656,Apparel,478.9,0,1,0.0058,2716.6,1,1
ORD_103703,CUST_3984,Home & Kitchen,1994.81,0,0,0.1828,2659.6,1,0
ORD_107849,CUST_2909,Electronics,865.48,0,1,0.1348,2961.9,2,0
ORD_112223,CUST_2097,Apparel,1630.13,1,0,0.4054,1544.1,1,0
ORD_110819,CUST_1821,Apparel,426.37,0,1,0.2194,318.9,1,0
ORD_109059,CUST_4293,Footwear,1032.02,0,1,0.179,1487.4,1,0
ORD_113281,CUST_1539,Apparel,1596.09,5,1,0.0684,1517.9,12,1
ORD_111591,CUST_2153,Home & Kitchen,527.37,1,0,0.2907,3118.0,2,0
ORD_113101,CUST_1109,Beauty,462.02,0,0,0.1225,3431.4,1,0
ORD_111592,CUST_2316,Footwear,323.39,1,0,0.2497,1704.6,1,0
ORD_107381,CUST_1738,Footwear,2242.04,2,1,0.0844,216.5,12,1
ORD_105188,CUST_3078,Apparel,774.53,2,0,0.1035,727.6,1,1
ORD_107777,CUST_4047,Footwear,720.08,3,0,0.0926,2248.8,1,0
ORD_114060,CUST_4574,Apparel,5255.8,0,0,0.3414,3020.1,6,1
ORD_102115,CUST_1010,Apparel,1061.62,0,1,0.4058,2741.7,1,1
ORD_107406,CUST_2260,Apparel,1141.23,1,0,0.5277,1553.9,2,1
ORD_107083,CUST_1724,Home & Kitchen,1029.63,2,1,0.0415,2170.2,1,0
ORD_106368,CUST_2337,Apparel,800.01,0,1,0.1563,1138.0,1,1
ORD_103636,CUST_1234,Beauty,2560.25,1,1,0.0901,2783.4,1,0
ORD_108112,CUST_3253,Home & Kitchen,534.54,0,1,0.1765,477.4,6,0
ORD_112204,CUST_2327,Electronics,2334.78,0,1,0.2952,2980.4,1,0
ORD_103384,CUST_2508,Home & Kitchen,1553.65,5,1,0.0106,2592.2,1,0
ORD_112841,CUST_2079,Footwear,2175.55,3,0,0.2154,3249.2,1,1
ORD_107644,CUST_4962,Apparel,1593.47,0,1,0.0389,1899.6,6,0
ORD_108178,CUST_4744,Home & Kitchen,1189.5,0,1,0.2712,2417.1,1,0
ORD_108166,CUST_4508,Apparel,3249.47,0,1,0.1433,3093.0,6,1
ORD_112452,CUST_2163,Apparel,2625.96,1,0,0.2434,2296.6,1,0
ORD_114129,CUST_3255,Apparel,1526.36,0,0,0.32,1637.2,1,0
ORD_109496,CUST_3641,Apparel,1587.9,1,1,0.1788,2526.6,1,0
ORD_111324,CUST_1811,Apparel,2010.14,0,0,0.2342,3284.3,1,0
ORD_107867,CUST_2032,Electronics,869.2,0,0,0.3221,422.8,1,1
ORD_106146,CUST_1567,Electronics,836.39,2,1,0.1567,1624.6,1,0
ORD_106634,CUST_1076,Electronics,1296.86,0,0,0.2333,1224.5,1,0
ORD_105081,CUST_4662,Apparel,1110.58,0,1,0.251,1308.0,1,0
ORD_112222,CUST_2639,Apparel,4803.74,3,1,0.1164,1352.1,1,1
ORD_103566,CUST_1369,Apparel,441.14,2,0,0.1195,3037.1,1,0
ORD_107590,CUST_3248,Apparel,2762.82,7,0,0.2576,196.5,2,0
ORD_113095,CUST_1966,Apparel,402.62,0,0,0.2109,2084.4,2,0
ORD_109443,CUST_4129,Footwear,437.85,3,1,0.21,1617.9,1,1
ORD_108433,CUST_2735,Apparel,2672.39,0,1,0.3879,2631.6,1,1
ORD_109128,CUST_2873,Footwear,1052.8,0,0,0.1314,2353.6,1,1
ORD_114076,CUST_2712,Footwear,652.72,1,0,0.2977,3352.4,1,0
ORD_109665,CUST_2069,Apparel,799.43,0,1,0.4122,3335.9,1,1
ORD_100615,CUST_2664,Apparel,2527.34,3,1,0.2128,2393.0,1,1
ORD_108238,CUST_3657,Apparel,1767.38,0,0,0.2597,381.9,1,1
ORD_108505,CUST_2435,Apparel,909.09,0,1,0.0879,2053.8,1,0
ORD_114368,CUST_1643,Apparel,753.39,0,1,0.308,2067.7,1,0
ORD_109429,CUST_3481,Beauty,5811.2,0,1,0.2201,871.4,2,1
ORD_101912,CUST_3026,Footwear,931.08,3,0,0.0165,3128.9,1,0
ORD_102753,CUST_1956,Apparel,330.06,1,0,0.3378,2023.3,3,0
ORD_101867,CUST_2599,Apparel,2202.94,0,1,0.2455,2242.2,1,1
ORD_102042,CUST_3941,Home & Kitchen,1060.5,0,0,0.0403,3441.1,2,0
ORD_113849,CUST_2038,Home & Kitchen,388.86,1,0,0.2076,1555.0,1,0
ORD_111091,CUST_2920,Home & Kitchen,709.97,7,1,0.2212,2016.5,1,0
ORD_112205,CUST_2138,Apparel,1869.53,0,0,0.0452,1161.4,2,0
ORD_108861,CUST_2887,Home & Kitchen,1189.54,0,1,0.2751,1051.5,1,0
ORD_109194,CUST_3338,Apparel,2387.79,7,0,0.2087,1563.3,3,1
ORD_113992,CUST_3981,Footwear,517.53,1,1,0.1525,1146.4,1,1
ORD_108916,CUST_3815,Electronics,2690.34,0,1,0.1422,696.7,6,1
ORD_105922,CUST_2815,Apparel,1578.32,2,0,0.1616,990.1,1,0
ORD_102323,CUST_3448,Apparel,374.21,0,0,0.1062,2481.4,1,0
ORD_112608,CUST_3289,Home & Kitchen,567.56,0,1,0.1438,2703.8,1,0
ORD_106974,CUST_1935,Footwear,968.73,3,0,0.3246,1073.6,3,0
ORD_112076,CUST_1406,Beauty,1161.18,0,1,0.4512,1626.7,3,1
ORD_107240,CUST_2573,Electronics,1314.94,4,1,0.0582,3225.2,1,0
ORD_112911,CUST_1215,Footwear,886.67,1,0,0.1209,3434.9,1,0
ORD_109106,CUST_4503,Footwear,1240.55,0,1,0.3497,1731.3,1,1
ORD_112373,CUST_3264,Home & Kitchen,3167.57,1,1,0.2837,2814.3,1,0
ORD_110509,CUST_4282,Home & Kitchen,1301.97,0,0,0.3015,3379.7,1,0
ORD_108903,CUST_3572,Footwear,1458.85,2,0,0.0731,2128.7,1,0
ORD_110811,CUST_1681,Footwear,778.39,0,0,0.0569,744.4,1,0
ORD_108607,CUST_2164,Electronics,1920.67,0,1,0.1605,801.5,1,1
ORD_113816,CUST_4606,Electronics,1285.3,0,0,0.2738,1940.5,1,0
ORD_105094,CUST_2111,Apparel,983.7,0,0,0.1037,1089.9,1,0
ORD_104149,CUST_2012,Beauty,451.47,2,1,0.1524,765.4,1,0
ORD_106091,CUST_1068,Apparel,355.97,0,0,0.2758,559.2,1,0
ORD_108914,CUST_1190,Electronics,1813.84,1,1,0.3002,3395.1,1,1
ORD_101926,CUST_2639,Electronics,3001.69,0,0,0.0169,1828.2,2,0
ORD_103094,CUST_2577,Footwear,593.32,4,1,0.2423,408.6,1,0
ORD_105096,CUST_2799,Footwear,1140.17,10,1,0.0738,1507.6,1,0
ORD_103882,CUST_3839,Footwear,555.36,0,0,0.1519,1924.8,6,0
ORD_107990,CUST_1184,Electronics,647.67,1,0,0.1209,678.9,1,1
ORD_113547,CUST_2746,Beauty,2892.34,0,1,0.1132,3112.9,1,0
ORD_109849,CUST_1641,Beauty,1080.69,0,0,0.2803,710.3,1,0
ORD_112361,CUST_2415,Apparel,1714.98,0,0,0.0807,2967.1,1,0
ORD_110000,CUST_3962,Electronics,3537.9,0,1,0.1355,2057.8,1,0
ORD_102718,CUST_2628,Footwear,1570.75,0,1,0.2947,2783.7,12,0
ORD_112272,CUST_4077,Footwear,406.73,0,1,0.0324,2453.1,1,0
ORD_100764,CUST_4261,Electronics,4707.7,0,1,0.1592,2835.0,3,0
ORD_105202,CUST_2196,Home & Kitchen,606.74,3,0,0.1936,1530.8,1,0
ORD_101384,CUST_2636,Home & Kitchen,1562.49,0,1,0.3753,195.3,1,1
ORD_109488,CUST_3216,Electronics,649.32,1,0,0.4835,1159.4,2,1
ORD_101480,CUST_3597,Electronics,3582.57,3,0,0.5803,2064.4,3,1
ORD_112322,CUST_2159,Electronics,1427.06,3,1,0.0337,2379.4,3,0
ORD_114516,CUST_2001,Apparel,810.72,2,0,0.0438,1734.7,1,0
ORD_111873,CUST_2295,Apparel,6052.26,0,1,0.0858,672.0,2,0
ORD_113321,CUST_3403,Footwear,1418.64,0,1,0.0903,2242.1,2,0
ORD_103430,CUST_1464,Apparel,1413.66,0,1,0.1904,3144.0,2,0
ORD_107973,CUST_4452,Apparel,1320.11,3,0,0.3189,499.3,1,1
ORD_106451,CUST_4804,Apparel,405.9,0,0,0.2279,1906.2,1,0
ORD_109465,CUST_2242,Electronics,1956.51,0,0,0.1647,751.3,1,0
ORD_112389,CUST_4324,Electronics,639.51,7,1,0.1454,1617.2,12,1
ORD_113317,CUST_4201,Apparel,628.94,0,0,0.2316,551.0,1,1
ORD_114658,CUST_2220,Home & Kitchen,448.02,0,1,0.2214,214.4,1,0
ORD_101397,CUST_2604,Electronics,397.37,0,1,0.3031,1458.7,6,0
ORD_114670,CUST_1288,Apparel,2661.45,2,0,0.3739,3334.4,1,1
ORD_107227,CUST_4186,Home & Kitchen,948.46,0,1,0.264,1374.7,1,1
ORD_107960,CUST_3229,Home & Kitchen,401.26,0,0,0.2601,216.9,1,1
ORD_112803,CUST_3916,Apparel,680.55,0,0,0.3598,1005.0,1,1
ORD_110563,CUST_2027,Footwear,568.57,0,1,0.3091,2493.6,2,0
ORD_114307,CUST_2749,Beauty,652.81,3,0,0.3068,2018.4,6,0
ORD_109087,CUST_1463,Apparel,499.99,0,0,0.2984,3129.2,1,0
ORD_112345,CUST_2228,Electronics,1074.56,1,1,0.3157,1446.7,1,0
ORD_111427,CUST_4697,Apparel,3111.87,1,1,0.3455,1971.0,1,1
ORD_112671,CUST_1082,Footwear,397.6,0,1,0.1426,2599.5,1,0
ORD_104784,CUST_1358,Beauty,731.7,0,1,0.219,3233.8,6,0
ORD_109915,CUST_1919,Apparel,589.83,1,0,0.1792,2550.8,2,0
ORD_103268,CUST_1398,Apparel,1894.83,3,1,0.2044,880.6,1,1
ORD_113181,CUST_1832,Electronics,2016.65,0,1,0.1094,2091.5,1,0
ORD_103417,CUST_3112,Apparel,1654.97,4,1,0.0978,3219.2,1,0
ORD_109820,CUST_2829,Footwear,1614.4,0,1,0.4913,2333.1,1,0
ORD_104788,CUST_2627,Apparel,441.25,3,1,0.0386,2374.3,1,0
ORD_104498,CUST_3429,Apparel,3892.08,0,0,0.1175,2026.1,1,0
ORD_111691,CUST_3162,Apparel,2818.53,1,1,0.2486,336.9,1,1
ORD_101111,CUST_1165,Electronics,1213.28,0,0,0.5631,2880.9,1,1
ORD_101098,CUST_3785,Beauty,1747.75,2,1,0.0289,3227.5,1,0
ORD_108507,CUST_1219,Electronics,911.01,3,0,0.2655,2458.7,12,0
ORD_104207,CUST_2440,Apparel,1612.74,1,0,0.4277,3400.0,1,0
ORD_102698,CUST_3113,Apparel,2230.44,0,1,0.2894,192.4,6,1
ORD_114278,CUST_1433,Beauty,1559.93,0,0,0.1502,1194.6,1,0
ORD_110808,CUST_1831,Apparel,2482.0,0,1,0.2262,2373.7,6,0
ORD_104588,CUST_1562,Apparel,1379.06,3,0,0.1717,2281.1,1,0
ORD_111655,CUST_1555,Beauty,1050.43,0,1,0.0478,1929.3,2,0
ORD_114990,CUST_1426,Apparel,1617.12,2,1,0.4952,2567.1,1,1
ORD_114407,CUST_2450,Electronics,626.47,0,0,0.0644,2410.3,6,0
ORD_107909,CUST_1129,Footwear,1626.46,7,0,0.4299,789.7,1,0
ORD_114323,CUST_2242,Apparel,679.31,5,1,0.2169,420.2,1,0
ORD_107810,CUST_2404,Apparel,319.01,1,0,0.1204,2238.3,2,0
ORD_101908,CUST_4920,Apparel,731.07,1,1,0.0917,480.7,1,1
ORD_103466,CUST_1424,Apparel,695.43,0,1,0.0538,2810.3,3,1
ORD_112425,CUST_1456,Apparel,787.25,0,1,0.3126,1654.0,1,0
ORD_103399,CUST_3645,Apparel,336.05,0,0,0.3549,2823.4,1,0
ORD_103710,CUST_3281,Beauty,4295.64,2,0,0.2055,311.0,2,0
ORD_107123,CUST_1155,Home & Kitchen,1140.42,5,0,0.2283,456.1,1,0
ORD_105076,CUST_4710,Electronics,565.99,0,1,0.0947,2099.2,1,0
ORD_108040,CUST_3669,Footwear,3912.46,1,0,0.2869,1610.0,1,1
ORD_101289,CUST_2989,Electronics,349.5,0,0,0.1501,2981.7,1,0
ORD_105986,CUST_4906,Footwear,1139.87,1,1,0.0801,1624.8,2,0
ORD_104767,CUST_3390,Apparel,929.86,4,0,0.2571,627.6,1,1
ORD_106063,CUST_3426,Apparel,1144.72,0,1,0.2191,1330.3,1,0
ORD_104909,CUST_3334,Home & Kitchen,1919.72,0,0,0.1037,2424.4,1,0
ORD_101483,CUST_4068,Electronics,4911.55,0,1,0.1765,2714.7,1,0
ORD_102827,CUST_3474,Footwear,742.63,4,0,0.1252,3373.9,1,0
ORD_110073,CUST_1759,Apparel,2274.61,1,0,0.0516,3309.9,1,0
ORD_110489,CUST_1528,Electronics,3631.39,0,1,0.2299,1106.9,1,0
ORD_101236,CUST_2531,Apparel,653.57,0,0,0.2593,3086.5,1,1
ORD_108715,CUST_3709,Apparel,4164.72,0,0,0.2174,1233.5,1,0
ORD_111625,CUST_4614,Apparel,2841.14,2,1,0.1176,1242.2,1,1
ORD_111436,CUST_3926,Footwear,1419.8,3,1,0.1632,2949.0,1,0
ORD_102989,CUST_3636,Apparel,1074.61,1,1,0.1348,1547.3,1,0
ORD_110518,CUST_2545,Home & Kitchen,524.22,1,1,0.2981,2596.9,1,0
ORD_102553,CUST_1250,Apparel,662.01,0,1,0.0191,615.5,1,0
ORD_107098,CUST_1336,Apparel,780.98,0,1,0.0458,2699.6,1,0
ORD_112398,CUST_4306,Apparel,380.13,0,1,0.2521,1051.7,1,0
ORD_112778,CUST_4777,Apparel,1471.04,2,1,0.091,513.4,1,0
ORD_111652,CUST_1197,Apparel,3147.03,1,1,0.3599,481.5,1,0
ORD_106932,CUST_4713,Footwear,1181.49,1,1,0.3408,2772.5,1,0
ORD_107198,CUST_4754,Apparel,2147.69,3,1,0.1374,2104.0,1,0
ORD_113107,CUST_1978,Apparel,385.45,3,1,0.1404,2258.0,1,0
ORD_112411,CUST_1191,Footwear,1416.83,3,1,0.0697,2797.2,1,0
ORD_109369,CUST_1984,Beauty,3176.8,0,0,0.0506,2517.9,1,0
ORD_110367,CUST_3656,Electronics,1266.21,0,1,0.1315,2294.2,1,0
ORD_109428,CUST_2033,Electronics,499.18,0,1,0.1979,1676.6,2,0
ORD_112012,CUST_3165,Apparel,482.33,4,1,0.2817,2654.9,6,1
ORD_108738,CUST_3986,Beauty,1010.25,1,0,0.0558,1534.0,6,1
ORD_111527,CUST_1773,Home & Kitchen,635.03,0,0,0.2718,1255.2,3,0
ORD_106606,CUST_1391,Footwear,539.37,2,1,0.4003,3265.9,1,1
ORD_111172,CUST_3103,Beauty,1659.46,0,0,0.2245,2385.9,1,0
ORD_109511,CUST_1669,Apparel,1434.97,1,0,0.3634,3451.9,1,1
ORD_100045,CUST_3747,Electronics,795.21,5,1,0.1435,3239.4,1,1
ORD_109315,CUST_3964,Apparel,803.11,0,0,0.1409,1677.3,6,0
ORD_108105,CUST_3156,Footwear,349.56,1,0,0.4348,926.8,1,0
ORD_110845,CUST_3175,Beauty,1644.36,2,0,0.1387,2475.1,1,0
ORD_104048,CUST_2749,Apparel,1023.04,0,1,0.1989,3357.0,2,0
ORD_105711,CUST_4450,Apparel,608.84,0,1,0.1569,2765.2,1,0
ORD_107959,CUST_3928,Apparel,495.37,0,1,0.2128,2329.5,1,1
ORD_103732,CUST_1697,Apparel,1335.3,0,1,0.1211,466.7,1,0
ORD_103461,CUST_1104,Beauty,369.11,0,0,0.2826,1824.0,1,0
ORD_102990,CUST_3691,Electronics,1053.82,0,0,0.1449,2491.8,1,0
ORD_112799,CUST_1138,Electronics,3479.33,1,0,0.0847,628.4,1,0
ORD_103463,CUST_1016,Beauty,626.07,2,1,0.4678,1531.7,12,1
ORD_106269,CUST_4310,Footwear,739.14,0,0,0.3358,1607.7,2,0
ORD_106408,CUST_4484,Electronics,3051.62,5,1,0.3727,938.1,3,1
ORD_104873,CUST_2714,Apparel,620.79,4,0,0.1236,3099.2,1,1
ORD_113287,CUST_4728,Apparel,337.8,0,1,0.4351,2474.5,2,1
ORD_102737,CUST_2956,Home & Kitchen,581.65,2,0,0.1635,1821.1,1,0
ORD_104109,CUST_3433,Electronics,1599.33,1,1,0.2785,1265.8,1,1
ORD_106747,CUST_3741,Home & Kitchen,2786.43,0,1,0.1444,739.7,1,0
ORD_107862,CUST_4187,Footwear,3514.42,3,1,0.1572,968.4,3,0
ORD_105943,CUST_4545,Apparel,1085.0,0,0,0.1545,3059.2,1,0
ORD_102138,CUST_1936,Electronics,1395.08,4,1,0.0726,869.6,1,0
ORD_113737,CUST_4593,Footwear,813.49,3,1,0.5147,872.1,1,1
ORD_104517,CUST_4730,Footwear,889.23,2,1,0.2695,803.6,1,0
ORD_109034,CUST_4197,Footwear,321.99,7,1,0.0537,1961.7,1,1
ORD_112716,CUST_4523,Apparel,1791.81,4,1,0.1081,2310.7,1,1
ORD_104418,CUST_3652,Apparel,1003.91,2,1,0.3695,1338.3,1,1
ORD_106380,CUST_4458,Footwear,745.21,0,0,0.0759,234.8,3,0
ORD_114319,CUST_3121,Electronics,727.55,4,1,0.1254,1142.5,1,0
ORD_113902,CUST_1100,Beauty,658.12,0,1,0.0619,2993.3,1,0
ORD_103935,CUST_3010,Beauty,1298.76,0,1,0.2572,3440.5,1,1
ORD_109190,CUST_3644,Apparel,409.72,0,0,0.0871,1485.0,1,0
ORD_103208,CUST_1799,Apparel,720.16,0,0,0.3578,2974.9,1,0
ORD_103725,CUST_2778,Footwear,982.74,2,1,0.2983,3378.4,1,0
ORD_113299,CUST_4391,Home & Kitchen,348.08,1,0,0.1981,2826.2,1,0
ORD_103891,CUST_1187,Home & Kitchen,1745.71,2,0,0.4275,577.0,1,1
ORD_105303,CUST_1483,Footwear,873.95,1,0,0.1276,3115.6,3,0
ORD_112926,CUST_1872,Footwear,856.4,0,1,0.1714,2035.9,1,1
ORD_112232,CUST_2741,Footwear,1470.79,1,0,0.1954,3326.3,1,0
ORD_104110,CUST_3822,Footwear,504.54,3,1,0.0877,1917.5,1,0
ORD_101457,CUST_1820,Electronics,682.54,0,1,0.5605,773.4,6,1
ORD_109732,CUST_2480,Apparel,4764.9,0,0,0.1114,826.2,12,0
ORD_104695,CUST_4759,Apparel,920.99,0,0,0.1064,2596.2,1,0
ORD_114756,CUST_3311,Apparel,1142.96,0,0,0.1739,1626.2,1,0
ORD_105768,CUST_4072,Footwear,2445.16,0,0,0.0985,1626.3,1,0
ORD_112792,CUST_2150,Footwear,1926.84,1,0,0.6003,1954.8,1,0
ORD_106716,CUST_3258,Footwear,424.15,0,0,0.2131,1093.9,1,0
ORD_103773,CUST_3813,Electronics,559.02,1,0,0.2513,1023.9,3,0
ORD_102956,CUST_4188,Footwear,1237.56,0,1,0.0847,1631.5,1,0
ORD_109051,CUST_3125,Footwear,532.23,5,0,0.3539,1150.4,1,1
ORD_104959,CUST_1200,Home & Kitchen,629.94,1,0,0.1533,3044.3,3,1
ORD_113660,CUST_2154,Apparel,662.57,0,0,0.335,2489.5,3,0
ORD_110704,CUST_1819,Beauty,409.17,0,1,0.344,2772.2,1,1
ORD_102857,CUST_1574,Footwear,1677.79,0,1,0.1442,671.0,1,0
ORD_113320,CUST_4203,Footwear,618.07,0,0,0.2105,1156.7,3,0
ORD_103665,CUST_3066,Home & Kitchen,579.04,0,0,0.3875,830.4,3,0
ORD_100993,CUST_2838,Apparel,2127.45,1,1,0.0334,2728.3,1,1
ORD_101776,CUST_1470,Home & Kitchen,1271.46,0,0,0.2397,2220.5,1,1
ORD_106621,CUST_1689,Electronics,455.71,0,1,0.1148,789.7,1,0
ORD_113616,CUST_2486,Home & Kitchen,1078.53,1,1,0.1412,2584.3,3,1
ORD_113098,CUST_4464,Footwear,1833.14,0,0,0.3155,3492.3,1,0
ORD_112842,CUST_1227,Apparel,926.8,0,1,0.1489,2885.7,1,0
ORD_106907,CUST_1861,Footwear,2791.28,0,1,0.087,2153.2,1,0
ORD_111365,CUST_4829,Footwear,1096.57,2,1,0.2717,452.5,6,1
ORD_105389,CUST_3841,Electronics,1182.26,0,0,0.0971,1763.2,6,1
ORD_102815,CUST_3716,Apparel,970.17,0,1,0.073,1554.5,1,0
ORD_108597,CUST_3936,Apparel,10021.96,0,0,0.3438,1361.3,2,0
ORD_102844,CUST_4072,Home & Kitchen,576.92,1,0,0.1534,1750.3,1,0
ORD_105375,CUST_4904,Electronics,1340.67,0,0,0.2564,870.7,1,0
ORD_113832,CUST_4174,Apparel,586.05,2,1,0.2891,1814.8,1,0
ORD_102867,CUST_4230,Footwear,582.8,0,0,0.0674,2907.7,1,0
ORD_102004,CUST_1934,Apparel,2564.91,2,0,0.4441,3451.0,1,1
ORD_102098,CUST_3864,Footwear,1880.28,0,1,0.1217,2639.0,1,0
ORD_101689,CUST_2701,Home & Kitchen,1799.13,2,1,0.3741,1630.5,3,0
ORD_103106,CUST_2241,Electronics,318.8,1,0,0.0071,3422.5,1,0
ORD_106720,CUST_2645,Home & Kitchen,933.78,1,0,0.1032,240.1,1,0
ORD_111321,CUST_2075,Home & Kitchen,2140.87,1,1,0.1486,1209.7,1,0
ORD_103465,CUST_1392,Home & Kitchen,2772.74,1,0,0.2712,3361.3,1,0
ORD_105364,CUST_3314,Beauty,931.83,0,1,0.2869,3414.8,1,0
ORD_114474,CUST_2187,Beauty,2077.06,1,1,0.0354,2709.3,1,1
ORD_103145,CUST_1057,Apparel,313.35,0,1,0.077,1244.5,1,0
ORD_108543,CUST_4420,Footwear,918.92,0,0,0.1747,1667.5,1,0
ORD_114055,CUST_1256,Beauty,1183.2,0,0,0.1058,3477.1,1,0
ORD_101202,CUST_4644,Electronics,1453.66,0,0,0.2666,2899.3,1,0
ORD_109994,CUST_1942,Electronics,1351.36,3,1,0.205,2422.6,1,0
ORD_107050,CUST_3785,Beauty,357.58,1,0,0.273,713.1,1,0
ORD_104237,CUST_1482,Beauty,2146.83,2,0,0.3227,3007.5,6,0
ORD_109885,CUST_4028,Apparel,1893.97,2,1,0.0659,476.7,1,0
ORD_100583,CUST_1991,Apparel,440.81,3,0,0.329,2990.7,3,1
ORD_105457,CUST_1356,Beauty,540.55,1,1,0.1207,3189.6,1,0
ORD_112967,CUST_4894,Home & Kitchen,679.16,4,0,0.1953,1639.8,2,0
ORD_100463,CUST_4120,Electronics,898.51,0,0,0.1997,3201.9,1,0
ORD_112846,CUST_2167,Home & Kitchen,1297.66,2,0,0.3255,3033.3,1,0
ORD_114498,CUST_1831,Apparel,1676.98,0,0,0.0624,216.0,1,0
ORD_112516,CUST_3067,Footwear,631.4,2,0,0.1516,2128.9,12,0
ORD_100207,CUST_4478,Home & Kitchen,2110.75,0,0,0.3026,465.4,3,0
ORD_109289,CUST_1918,Apparel,2844.42,1,0,0.3144,1436.7,2,0
ORD_114639,CUST_3710,Footwear,469.61,0,1,0.0656,2059.9,1,1
ORD_106374,CUST_4645,Electronics,1678.93,0,1,0.1057,2470.8,3,0
ORD_112708,CUST_1966,Beauty,301.67,0,0,0.215,2438.4,1,0
ORD_110652,CUST_4302,Home & Kitchen,1686.59,1,1,0.1108,593.0,1,0
ORD_100012,CUST_1330,Apparel,2024.98,3,1,0.4484,3139.3,2,0
ORD_108239,CUST_1426,Electronics,878.76,2,0,0.1889,2484.7,1,0
ORD_101660,CUST_1989,Apparel,1502.7,0,1,0.3839,757.6,1,1
ORD_113004,CUST_4737,Footwear,800.64,2,1,0.3816,2308.0,1,0
ORD_109372,CUST_4511,Electronics,1668.71,2,0,0.1351,1608.1,1,0
ORD_113733,CUST_4491,Apparel,538.8,2,1,0.1186,2584.7,2,0
ORD_114590,CUST_2419,Footwear,548.64,3,0,0.0639,2625.2,1,0
ORD_109079,CUST_1386,Home & Kitchen,923.32,2,0,0.2534,1320.7,1,0
ORD_105409,CUST_2581,Beauty,3005.27,3,0,0.3667,3414.1,1,0
ORD_106979,CUST_2998,Electronics,1977.22,0,1,0.0917,813.5,1,0
ORD_108761,CUST_1434,Footwear,900.62,1,1,0.1487,1096.9,1,1
ORD_109678,CUST_3511,Apparel,1923.05,5,1,0.3056,502.2,3,0
ORD_101635,CUST_1062,Footwear,710.42,7,1,0.1191,1849.7,1,0
ORD_104280,CUST_1645,Footwear,1022.43,0,0,0.2862,372.5,1,0
ORD_112153,CUST_2305,Apparel,1176.47,1,1,0.1585,2229.3,1,1
ORD_105923,CUST_3385,Apparel,481.91,0,1,0.2999,2749.2,2,0
ORD_103892,CUST_4640,Apparel,336.97,1,1,0.2707,2494.2,1,1
ORD_101016,CUST_2240,Footwear,1724.45,0,0,0.1347,2890.0,1,0
ORD_110213,CUST_4801,Electronics,759.21,1,1,0.1252,1940.4,3,0
ORD_106860,CUST_3427,Home & Kitchen,1754.73,0,1,0.0643,2083.8,1,0
ORD_110388,CUST_4443,Apparel,1483.61,4,1,0.1391,2329.1,1,0
ORD_111940,CUST_3072,Home & Kitchen,2298.99,0,1,0.1655,2911.7,6,0
ORD_106302,CUST_2673,Apparel,1055.44,2,1,0.0792,1069.5,3,0
ORD_105238,CUST_4596,Footwear,1309.79,1,1,0.1216,422.3,1,1
ORD_108925,CUST_4980,Beauty,2067.99,0,1,0.1166,2875.6,1,0
ORD_100083,CUST_1775,Apparel,3297.71,0,1,0.0486,943.9,1,0
ORD_106069,CUST_1859,Electronics,900.31,2,1,0.0847,295.9,1,0
ORD_109228,CUST_2857,Footwear,3716.3,0,0,0.1108,1842.4,6,0
ORD_105510,CUST_4227,Beauty,1164.49,3,0,0.2502,1250.4,1,0
ORD_110501,CUST_3318,Apparel,326.97,0,0,0.3854,1104.9,1,0
ORD_100019,CUST_1130,Electronics,3488.94,5,0,0.345,3158.6,1,0
ORD_111941,CUST_4258,Home & Kitchen,3986.12,0,1,0.3573,615.6,3,0
ORD_112718,CUST_4291,Apparel,548.25,0,1,0.2954,1997.8,6,1
ORD_110355,CUST_4516,Apparel,1705.37,4,1,0.1596,3154.9,1,0
ORD_112433,CUST_1344,Home & Kitchen,473.65,0,0,0.2733,914.0,1,0
ORD_106990,CUST_4802,Electronics,3337.74,3,1,0.0972,666.5,1,0
ORD_103779,CUST_3206,Apparel,795.35,0,1,0.2123,1622.2,1,0
ORD_107267,CUST_4943,Beauty,448.62,0,0,0.2675,944.2,12,0
ORD_100035,CUST_3300,Footwear,3225.45,0,0,0.0927,1819.4,1,0
ORD_111551,CUST_3968,Electronics,524.05,0,1,0.0657,2731.0,2,0
ORD_101612,CUST_4974,Footwear,2215.56,1,1,0.0889,1280.7,1,1
ORD_111230,CUST_2779,Footwear,1792.63,0,1,0.3068,629.3,1,0
ORD_111754,CUST_4175,Apparel,2935.0,0,1,0.1699,2411.0,1,0
ORD_106903,CUST_1109,Apparel,887.06,3,0,0.372,1335.3,3,0
ORD_114522,CUST_2855,Apparel,513.35,3,1,0.2315,3339.6,1,1
ORD_101273,CUST_4847,Home & Kitchen,2162.26,5,1,0.2484,882.8,1,1
ORD_106281,CUST_4318,Footwear,409.59,10,1,0.2536,680.3,1,1
ORD_101590,CUST_3418,Apparel,509.02,0,1,0.3468,620.7,1,1
ORD_100625,CUST_4672,Apparel,4458.5,0,0,0.1271,508.5,1,0
ORD_112239,CUST_2794,Apparel,1261.71,3,1,0.0437,2508.3,3,0
ORD_102928,CUST_3676,Electronics,3337.44,1,1,0.2401,2183.8,1,1
ORD_100941,CUST_4637,Apparel,2296.7,0,0,0.1794,2306.5,1,0
ORD_112743,CUST_2569,Home & Kitchen,1445.76,1,1,0.204,2435.4,1,0
ORD_104404,CUST_4372,Apparel,694.44,4,0,0.2277,306.5,1,1
ORD_101915,CUST_1153,Footwear,2170.03,1,1,0.5238,2199.3,1,1
ORD_110085,CUST_3757,Electronics,1726.78,0,0,0.4594,2722.6,2,0
ORD_107309,CUST_4081,Home & Kitchen,412.92,3,1,0.449,3121.9,1,1
ORD_105342,CUST_3655,Electronics,1004.34,0,1,0.1687,2879.5,1,0
ORD_102907,CUST_3338,Apparel,3095.16,0,1,0.0447,2066.4,1,0
ORD_108954,CUST_4505,Footwear,393.97,0,1,0.1529,978.4,2,0
ORD_104069,CUST_2577,Apparel,5211.37,1,1,0.0605,2137.3,1,0
ORD_104995,CUST_1161,Apparel,1544.23,1,1,0.2212,2323.6,3,0
ORD_114255,CUST_1256,Electronics,1222.4,0,1,0.1791,972.8,1,0
ORD_112097,CUST_4959,Footwear,6465.87,0,0,0.1808,824.2,1,0
ORD_105441,CUST_4563,Apparel,1612.36,2,0,0.1002,2626.5,1,0
ORD_103876,CUST_1637,Electronics,1658.5,0,0,0.1773,2709.7,1,0
ORD_107095,CUST_1275,Footwear,1125.99,0,0,0.0618,2523.2,3,0
ORD_110731,CUST_3400,Electronics,3568.14,1,0,0.2118,1545.5,1,0
ORD_107917,CUST_3470,Apparel,1119.63,2,1,0.1199,316.9,1,1
ORD_108546,CUST_1903,Apparel,1683.13,2,1,0.1744,250.5,1,1
ORD_107627,CUST_4164,Apparel,858.5,0,0,0.2907,3222.7,1,0
ORD_113334,CUST_3909,Home & Kitchen,848.04,0,0,0.508,2084.9,1,0
ORD_100047,CUST_2806,Apparel,2400.78,3,1,0.0693,2040.9,1,0
ORD_112531,CUST_4998,Apparel,964.48,1,0,0.0821,2459.1,1,0
ORD_102528,CUST_1427,Home & Kitchen,1073.51,0,0,0.1951,180.9,1,0
ORD_108350,CUST_1390,Apparel,2115.48,0,1,0.2357,1928.0,6,0
ORD_110906,CUST_4557,Home & Kitchen,1169.22,0,1,0.1914,1483.0,1,0
ORD_111956,CUST_2897,Footwear,1678.65,0,1,0.1985,1441.0,1,0
ORD_105530,CUST_2196,Apparel,500.86,0,0,0.1645,1377.4,2,0
ORD_103189,CUST_4350,Home & Kitchen,2247.72,3,0,0.2013,1953.0,2,0
ORD_106546,CUST_3433,Footwear,934.63,0,1,0.0378,3062.4,2,1
ORD_106983,CUST_4596,Home & Kitchen,1754.03,1,1,0.0358,1212.1,2,0
ORD_104536,CUST_2952,Electronics,509.25,1,1,0.1851,942.6,1,1
ORD_112435,CUST_4499,Electronics,1819.24,0,1,0.3901,3051.9,1,0
ORD_101998,CUST_1726,Beauty,1094.23,0,1,0.1402,1604.6,1,0
ORD_109006,CUST_2167,Apparel,307.58,0,0,0.207,1153.8,1,0
ORD_107011,CUST_1186,Footwear,1821.55,0,1,0.0998,3302.0,1,0
ORD_105093,CUST_4414,Electronics,1166.36,1,1,0.3573,246.7,1,1
ORD_104156,CUST_2125,Footwear,2111.01,2,1,0.0507,1191.9,1,0
ORD_106877,CUST_3411,Footwear,2371.32,1,0,0.0681,511.6,1,0
ORD_103618,CUST_4601,Footwear,1324.26,1,0,0.2603,492.6,1,0
ORD_112446,CUST_1222,Electronics,690.88,0,1,0.2889,3444.9,3,0
ORD_107640,CUST_2235,Home & Kitchen,1054.3,3,0,0.0514,1782.1,1,0
ORD_111683,CUST_1961,Home & Kitchen,791.88,1,0,0.1332,1241.8,1,0
ORD_110175,CUST_1847,Footwear,3746.43,0,1,0.5602,1894.5,1,1
ORD_100711,CUST_2066,Apparel,625.51,0,1,0.1094,2130.1,1,0
ORD_100602,CUST_4675,Apparel,643.39,0,1,0.1147,3305.2,1,1
ORD_105933,CUST_3064,Home & Kitchen,2266.51,0,1,0.0763,2372.7,1,0
ORD_111622,CUST_2238,Home & Kitchen,2559.47,0,0,0.4401,2980.3,1,0
ORD_109506,CUST_4174,Apparel,1630.52,0,0,0.1214,3219.5,1,0
ORD_102039,CUST_1492,Apparel,2284.33,0,0,0.5208,311.7,6,0
ORD_100007,CUST_4092,Home & Kitchen,3079.55,0,0,0.118,627.4,1,0
ORD_105322,CUST_1615,Beauty,1942.94,0,1,0.0937,3174.0,2,1
ORD_110255,CUST_3744,Apparel,2387.67,0,0,0.0987,1811.7,1,1
ORD_102800,CUST_3431,Footwear,746.29,1,1,0.2575,2844.5,6,1
ORD_108071,CUST_1479,Apparel,438.29,2,0,0.4273,733.6,12,0
ORD_113999,CUST_3015,Footwear,2227.01,7,0,0.17,1154.5,1,0
ORD_103249,CUST_1011,Footwear,960.1,0,0,0.1915,2382.8,1,1
ORD_111313,CUST_4384,Apparel,867.91,0,1,0.3316,1787.4,1,0
ORD_109098,CUST_3622,Electronics,419.22,0,1,0.039,2016.5,1,0
ORD_106711,CUST_1572,Apparel,3540.44,0,1,0.4896,1048.3,1,1
ORD_113366,CUST_4347,Home & Kitchen,503.34,0,1,0.2772,188.9,12,1
ORD_104938,CUST_3311,Apparel,547.89,0,0,0.0555,2715.6,1,0
ORD_106155,CUST_1741,Beauty,1138.77,0,0,0.1177,2826.7,6,0
ORD_104114,CUST_1258,Beauty,413.54,0,1,0.262,1916.6,1,1
ORD_112326,CUST_1347,Footwear,1785.87,0,1,0.2154,3178.7,3,1
ORD_103670,CUST_3155,Apparel,3509.78,3,1,0.2862,2202.6,1,1
ORD_111175,CUST_4869,Footwear,3036.81,1,1,0.3191,1910.3,3,0
ORD_111362,CUST_2416,Electronics,1759.79,2,1,0.0192,2474.7,1,0
ORD_113769,CUST_4085,Apparel,1104.71,0,1,0.2903,2724.8,3,0
ORD_107458,CUST_4561,Apparel,3156.51,0,0,0.2316,1798.3,1,1
ORD_109841,CUST_3153,Footwear,950.04,1,1,0.1935,2015.8,1,0
ORD_108455,CUST_1843,Apparel,7452.81,2,1,0.2296,1000.7,1,0
ORD_105428,CUST_4499,Footwear,987.29,0,0,0.102,1492.8,1,0
ORD_112710,CUST_4863,Beauty,1457.89,0,0,0.1319,699.0,2,0
ORD_113965,CUST_1773,Footwear,340.56,4,0,0.2498,618.2,2,0
ORD_110867,CUST_1636,Electronics,1289.65,1,1,0.1877,3389.6,1,0
ORD_113156,CUST_3552,Apparel,3467.28,0,1,0.1511,2075.2,1,0
ORD_106581,CUST_4988,Apparel,1749.35,2,1,0.1195,2823.6,6,0
ORD_101169,CUST_4860,Electronics,2300.71,0,0,0.324,2892.2,1,1
ORD_105726,CUST_2822,Apparel,961.97,0,0,0.2248,634.8,1,0
ORD_108051,CUST_3039,Apparel,1253.68,0,1,0.4025,3052.1,2,0
ORD_101604,CUST_4874,Electronics,1421.37,7,0,0.2709,263.0,3,1
ORD_107276,CUST_3656,Electronics,1894.79,1,1,0.3999,1433.9,1,0
ORD_113501,CUST_3964,Apparel,1275.69,0,0,0.0935,287.5,1,0
ORD_109557,CUST_1100,Electronics,567.52,0,0,0.3149,3089.2,1,0
ORD_107533,CUST_4562,Footwear,706.53,1,0,0.0082,2434.2,1,0
ORD_114914,CUST_4094,Footwear,777.22,0,1,0.1542,2654.3,1,0
ORD_107252,CUST_2292,Apparel,896.99,2,1,0.0672,324.5,6,0
ORD_107496,CUST_3462,Beauty,940.79,1,1,0.0645,642.3,1,0
ORD_107563,CUST_2956,Footwear,808.72,0,1,0.3846,2596.0,1,1
ORD_111632,CUST_2357,Home & Kitchen,406.73,1,1,0.5124,235.4,1,0
ORD_108803,CUST_2098,Home & Kitchen,3871.46,0,0,0.2147,1994.0,1,0
ORD_102962,CUST_1050,Electronics,405.29,0,1,0.3402,1260.1,1,0
ORD_114593,CUST_3917,Footwear,461.88,0,0,0.089,2469.7,2,0
ORD_114648,CUST_2136,Electronics,1778.69,0,1,0.1026,2678.3,1,0
ORD_101565,CUST_4870,Electronics,617.31,2,0,0.0984,2385.0,1,0
ORD_106968,CUST_4980,Home & Kitchen,372.26,1,0,0.2132,190.4,3,0
ORD_107403,CUST_3596,Footwear,3395.47,0,0,0.2378,1447.2,3,0
ORD_114700,CUST_1892,Home & Kitchen,696.15,1,0,0.2165,1997.0,6,0
ORD_109156,CUST_2907,Electronics,1114.81,0,0,0.1184,1267.4,1,0
ORD_113556,CUST_2405,Electronics,1228.43,0,0,0.2444,2211.4,1,0
ORD_108718,CUST_1418,Footwear,958.37,0,1,0.4228,2868.8,12,0
ORD_108618,CUST_2079,Apparel,394.21,0,0,0.0417,540.4,1,0
ORD_101994,CUST_3735,Footwear,1157.45,0,1,0.1525,528.5,1,1
ORD_101706,CUST_1054,Footwear,1981.6,3,1,0.0411,3408.7,1,1
ORD_100753,CUST_3967,Electronics,1123.1,1,0,0.3743,2506.2,1,0
ORD_111347,CUST_1904,Electronics,499.18,0,1,0.2738,2445.2,6,0
ORD_100951,CUST_1967,Electronics,1500.03,0,1,0.1517,721.8,1,0
ORD_105558,CUST_4088,Apparel,4720.71,3,0,0.3392,2080.6,12,0
ORD_101951,CUST_4886,Footwear,311.43,0,1,0.061,375.3,1,0
ORD_104615,CUST_4033,Footwear,1845.25,2,0,0.2888,982.9,1,0
ORD_110262,CUST_1959,Electronics,1413.65,0,0,0.0511,2236.7,1,0
ORD_102478,CUST_2324,Apparel,1848.88,3,1,0.0873,1584.4,2,0
ORD_113110,CUST_1167,Apparel,1217.78,0,0,0.3516,2199.9,1,1
ORD_100132,CUST_2180,Apparel,1014.29,2,1,0.3158,1201.0,1,0
ORD_114145,CUST_2240,Apparel,1613.95,1,0,0.1219,992.2,2,0
ORD_104062,CUST_4992,Apparel,1591.67,5,0,0.193,1734.2,1,0
ORD_112906,CUST_2353,Footwear,2300.35,0,1,0.2462,394.5,1,0
ORD_100376,CUST_4062,Home & Kitchen,480.21,2,0,0.1598,606.5,2,0
ORD_113835,CUST_2695,Footwear,621.97,0,0,0.0203,317.4,3,0
ORD_107980,CUST_2015,Apparel,1735.98,1,0,0.486,1043.6,1,0
ORD_112731,CUST_4914,Footwear,710.51,1,1,0.1343,2941.7,1,0
ORD_103629,CUST_1662,Apparel,5655.02,0,0,0.1571,1818.5,3,1
ORD_109617,CUST_4959,Electronics,1205.69,10,1,0.3348,3102.4,1,0
ORD_108515,CUST_3463,Electronics,2367.26,0,1,0.3859,1088.8,3,1
ORD_109307,CUST_1192,Apparel,1628.3,0,0,0.1246,1952.5,1,0
ORD_114962,CUST_2914,Footwear,614.67,0,1,0.3255,2419.7,1,1
ORD_111326,CUST_3283,Home & Kitchen,792.53,3,0,0.4034,548.8,1,1
ORD_104449,CUST_3261,Beauty,1410.18,2,1,0.0928,1499.9,1,0
ORD_106353,CUST_1831,Home & Kitchen,584.28,1,1,0.226,2832.4,2,1
ORD_101632,CUST_2184,Apparel,1629.79,0,0,0.3493,2946.9,1,0
ORD_113359,CUST_3194,Apparel,771.42,0,0,0.2968,833.9,6,0
ORD_109298,CUST_3118,Apparel,1065.8,0,0,0.2764,858.3,1,0
ORD_111636,CUST_3880,Footwear,1641.11,4,1,0.2632,187.6,3,1
ORD_107703,CUST_4096,Apparel,515.25,2,1,0.1482,1409.8,1,0
ORD_105158,CUST_4923,Beauty,328.29,1,1,0.1323,2020.3,1,0
ORD_105272,CUST_3512,Footwear,796.32,0,1,0.0794,1769.7,3,1
ORD_104815,CUST_3564,Apparel,666.82,1,0,0.2112,914.6,1,0
ORD_109564,CUST_1343,Apparel,363.63,0,1,0.0722,861.8,6,0
ORD_100630,CUST_4343,Footwear,1074.63,3,1,0.2522,3337.4,2,1
ORD_101156,CUST_2719,Beauty,717.19,1,0,0.1415,2183.7,1,0
ORD_104870,CUST_3546,Electronics,1279.55,0,0,0.0209,799.6,1,1
ORD_104920,CUST_2833,Electronics,4188.17,1,0,0.1896,2949.7,1,0
ORD_110748,CUST_2929,Electronics,1477.44,0,1,0.2702,1347.3,1,1
ORD_103207,CUST_2766,Electronics,1607.85,0,1,0.2415,2637.2,1,0
ORD_111380,CUST_2353,Apparel,2211.7,0,0,0.216,2314.3,1,0
ORD_106225,CUST_2913,Home & Kitchen,732.34,0,1,0.6841,3359.7,2,0
ORD_104008,CUST_2537,Apparel,6164.85,3,0,0.0914,3191.0,2,1
ORD_108727,CUST_3841,Home & Kitchen,1253.1,0,1,0.0851,1719.6,1,0
ORD_110164,CUST_2796,Beauty,1846.54,4,1,0.2646,3050.9,1,0
ORD_111345,CUST_3300,Beauty,632.26,3,1,0.1591,2696.7,1,0
ORD_105907,CUST_2164,Apparel,1052.56,0,1,0.0709,1422.2,2,0
ORD_107103,CUST_1910,Beauty,4398.92,0,1,0.0836,2781.0,3,0
ORD_100948,CUST_2353,Apparel,1754.8,1,1,0.3992,3317.9,2,1
ORD_105882,CUST_2424,Apparel,339.07,0,1,0.3184,2825.1,1,1
ORD_106171,CUST_4769,Apparel,1598.53,0,0,0.0441,1374.1,2,1
ORD_105543,CUST_3652,Beauty,375.81,0,0,0.3239,1807.7,2,0
ORD_112367,CUST_1906,Home & Kitchen,660.88,1,0,0.2679,1653.4,1,0
ORD_105156,CUST_2736,Apparel,2766.05,2,1,0.0775,471.5,1,0
ORD_108586,CUST_1305,Apparel,1262.92,0,0,0.2325,2314.4,2,0
ORD_103559,CUST_2640,Home & Kitchen,2902.0,0,1,0.1389,1305.1,2,1
ORD_101574,CUST_4797,Apparel,882.92,0,1,0.1853,2405.5,1,0
ORD_105434,CUST_4823,Apparel,1670.42,1,1,0.33,558.6,6,0
ORD_113376,CUST_4272,Electronics,1121.78,2,1,0.0896,3130.4,1,1
ORD_110626,CUST_1417,Footwear,1215.31,0,0,0.1054,2695.4,1,0
ORD_114956,CUST_3307,Footwear,509.19,1,0,0.1932,1498.5,1,0
ORD_112056,CUST_4936,Footwear,1315.49,2,1,0.3973,2667.1,6,0
ORD_111845,CUST_4772,Footwear,944.71,0,1,0.1687,1635.5,1,0
ORD_106390,CUST_4893,Home & Kitchen,1291.1,4,1,0.0696,259.0,3,1
ORD_111634,CUST_3840,Apparel,332.1,0,1,0.1261,928.0,1,0
ORD_113251,CUST_3001,Apparel,748.56,1,0,0.0526,3073.3,1,1
ORD_106387,CUST_2403,Home & Kitchen,1101.93,0,1,0.0255,3153.9,1,0
ORD_109723,CUST_3795,Home & Kitchen,1925.27,4,1,0.0708,1640.8,6,0
ORD_108657,CUST_1587,Beauty,740.5,0,1,0.0998,3174.0,6,0
ORD_102432,CUST_2963,Apparel,1495.07,0,0,0.2341,997.8,1,0
ORD_103785,CUST_2901,Apparel,815.17,1,0,0.1659,543.7,12,0
ORD_110303,CUST_4473,Apparel,370.79,0,1,0.3251,886.5,1,1
ORD_111201,CUST_4537,Apparel,1379.27,1,0,0.257,976.9,1,0
ORD_112231,CUST_2658,Home & Kitchen,425.68,0,0,0.1999,2429.6,2,1
ORD_112682,CUST_2535,Beauty,1136.79,1,1,0.3256,2494.3,1,0
ORD_103562,CUST_1377,Apparel,693.5,3,1,0.3166,1168.0,12,0
ORD_112136,CUST_1617,Footwear,1886.08,0,1,0.1685,2532.4,1,0
ORD_108902,CUST_4676,Electronics,1837.88,0,1,0.2969,1999.8,3,1
ORD_100000,CUST_4174,Apparel,1646.84,1,1,0.3475,839.2,1,1
ORD_104721,CUST_2257,Apparel,920.35,0,0,0.0482,437.0,12,0
ORD_112547,CUST_1223,Footwear,875.11,0,1,0.118,165.9,1,0
ORD_114989,CUST_4271,Home & Kitchen,379.48,2,1,0.1497,1518.4,1,0
ORD_108510,CUST_1432,Electronics,1420.38,1,0,0.0999,1947.5,1,0
ORD_111320,CUST_2115,Footwear,1996.29,0,0,0.1076,1630.4,2,0
ORD_100055,CUST_2267,Home & Kitchen,598.7,0,1,0.2545,1042.3,1,0
ORD_112240,CUST_2892,Home & Kitchen,1106.66,0,1,0.0743,736.3,1,0
ORD_105662,CUST_1580,Home & Kitchen,324.91,0,0,0.224,2399.4,1,0
ORD_101529,CUST_4325,Electronics,1285.3,1,0,0.018,2204.0,1,0
ORD_109205,CUST_3550,Electronics,4299.35,2,0,0.2834,2752.2,3,1
ORD_105969,CUST_1668,Electronics,1206.97,2,1,0.0448,225.5,1,0
ORD_114492,CUST_2194,Apparel,527.09,0,1,0.2256,1265.7,1,0
ORD_105033,CUST_4858,Apparel,1508.39,5,0,0.1033,2339.0,1,0
ORD_100987,CUST_4324,Electronics,2629.05,1,0,0.1002,1270.1,1,0
ORD_113012,CUST_1289,Apparel,980.98,0,0,0.2765,2864.5,2,0
ORD_108953,CUST_1798,Electronics,2602.92,0,1,0.3719,1421.4,3,0
ORD_101521,CUST_2955,Electronics,3961.68,7,1,0.1359,442.9,1,0
ORD_107691,CUST_4118,Footwear,2340.13,0,0,0.565,3286.9,1,1
ORD_108449,CUST_1861,Footwear,345.88,10,0,0.1192,1947.7,2,1
ORD_114503,CUST_2529,Footwear,1323.5,0,0,0.1663,2645.7,1,0
ORD_114760,CUST_3540,Apparel,1367.89,4,0,0.5444,2253.1,12,0
ORD_105088,CUST_2809,Electronics,835.91,2,1,0.2492,254.3,3,1
ORD_109499,CUST_1616,Apparel,1170.81,0,0,0.0441,2992.2,3,0
ORD_105948,CUST_2712,Footwear,1512.75,3,0,0.0993,1545.1,1,0
ORD_110741,CUST_1516,Beauty,1191.43,0,1,0.0837,3455.9,1,1
ORD_100023,CUST_3391,Home & Kitchen,1806.34,1,1,0.169,870.4,1,0
ORD_105752,CUST_2856,Apparel,514.92,1,0,0.3592,1396.1,1,1
ORD_102557,CUST_2107,Electronics,1132.57,1,1,0.0774,2684.2,6,1
ORD_106574,CUST_4293,Footwear,341.6,0,0,0.3701,1986.6,1,0
ORD_110768,CUST_4992,Apparel,500.98,1,1,0.3125,2915.5,1,0
ORD_100800,CUST_1850,Electronics,1005.64,1,1,0.0381,1538.9,1,0
ORD_100529,CUST_1524,Apparel,3101.42,0,0,0.0786,2498.0,1,0
ORD_103064,CUST_1482,Apparel,398.34,0,1,0.1786,2774.8,1,0
ORD_111194,CUST_3228,Electronics,1330.13,0,1,0.194,1281.6,1,0
ORD_110315,CUST_3475,Footwear,572.67,0,0,0.1882,1873.3,1,0
ORD_102083,CUST_2165,Apparel,805.21,0,1,0.143,2021.5,1,0
ORD_112658,CUST_4728,Home & Kitchen,1170.22,0,0,0.2086,2133.8,1,0
ORD_107242,CUST_1292,Electronics,1198.94,0,1,0.2436,2033.9,1,0
ORD_110252,CUST_3427,Home & Kitchen,1515.41,0,0,0.2722,1232.1,1,0
ORD_103539,CUST_4694,Electronics,790.38,0,1,0.0361,1194.0,2,0
ORD_112626,CUST_1127,Electronics,579.16,0,1,0.021,1924.1,1,0
ORD_101849,CUST_1645,Apparel,347.65,1,0,0.123,3477.8,6,0
ORD_101596,CUST_2332,Electronics,980.34,0,1,0.2119,1608.7,1,0
ORD_106112,CUST_3686,Apparel,828.78,0,0,0.1716,234.9,1,1
ORD_101143,CUST_3158,Beauty,1947.51,0,0,0.2444,2257.6,1,0
ORD_108598,CUST_4862,Apparel,766.04,2,0,0.291,3024.4,1,0
ORD_112003,CUST_4719,Apparel,403.69,0,1,0.2076,1761.4,1,0
ORD_102725,CUST_4347,Apparel,1726.81,3,1,0.1723,2075.8,1,1
ORD_111731,CUST_4979,Apparel,505.0,0,0,0.1215,190.5,1,0
ORD_108698,CUST_3300,Apparel,2891.27,7,0,0.1462,3087.6,1,1
ORD_100067,CUST_1600,Electronics,951.14,4,1,0.1989,2389.8,1,0
ORD_107494,CUST_1268,Electronics,1120.72,0,1,0.4245,1861.8,1,1
ORD_100798,CUST_4455,Apparel,744.71,0,1,0.316,267.6,1,1
ORD_101541,CUST_3265,Apparel,3506.77,0,0,0.0502,799.2,1,0
ORD_105108,CUST_2642,Apparel,368.91,1,0,0.1603,1664.0,3,0
ORD_110988,CUST_1370,Electronics,973.6,0,0,0.183,967.3,6,1
ORD_104454,CUST_1779,Apparel,2450.89,0,1,0.1528,1490.7,1,0
ORD_105099,CUST_3372,Beauty,2361.35,2,1,0.0731,748.3,2,1
ORD_108416,CUST_2827,Home & Kitchen,2489.18,1,1,0.3191,379.0,1,0
ORD_109447,CUST_1901,Electronics,2669.96,2,1,0.1971,1660.1,2,1
ORD_103609,CUST_3169,Apparel,1336.0,1,1,0.2095,2001.7,1,0
ORD_112043,CUST_2164,Apparel,515.36,0,0,0.059,2350.6,1,0
ORD_114052,CUST_3648,Home & Kitchen,6161.57,0,1,0.2282,469.9,3,0
ORD_111708,CUST_1940,Footwear,650.32,1,0,0.2705,1256.8,3,0
ORD_101190,CUST_4144,Electronics,413.45,3,0,0.1014,1161.4,1,0
ORD_102197,CUST_4297,Apparel,856.39,7,1,0.0374,472.3,1,1
ORD_103840,CUST_1499,Electronics,3205.12,1,1,0.1774,2497.5,1,0
ORD_113163,CUST_4660,Home & Kitchen,397.94,2,1,0.1264,578.5,1,0
ORD_102387,CUST_1020,Electronics,690.96,4,0,0.1655,893.9,2,0
ORD_102398,CUST_1569,Apparel,5392.63,3,0,0.2113,2753.9,1,0
ORD_104877,CUST_1081,Footwear,428.18,2,0,0.2633,878.4,2,0
ORD_114605,CUST_3605,Footwear,990.15,2,1,0.1543,2447.0,1,0
ORD_105007,CUST_2950,Beauty,352.19,0,1,0.5439,2352.1,2,1
ORD_112840,CUST_3317,Beauty,1096.82,0,1,0.2941,2555.6,3,0
ORD_114923,CUST_2161,Beauty,2748.35,0,1,0.1591,2267.8,1,0
ORD_100362,CUST_3191,Beauty,4343.89,3,0,0.0356,547.6,12,0
ORD_104441,CUST_2185,Home & Kitchen,2431.34,0,0,0.1104,2545.9,1,1
ORD_108557,CUST_4926,Electronics,353.95,2,0,0.0197,1467.7,2,1
ORD_106426,CUST_4807,Home & Kitchen,2719.4,0,1,0.1391,3478.5,1,0
ORD_105359,CUST_4096,Footwear,1418.8,0,0,0.1166,1487.2,1,0
ORD_104514,CUST_2727,Beauty,3826.66,1,0,0.2538,1388.0,1,0
ORD_109192,CUST_1756,Electronics,1087.04,0,1,0.06,2738.7,1,0
ORD_102768,CUST_3532,Footwear,2343.9,1,0,0.1512,3484.2,1,0
ORD_113824,CUST_1323,Home & Kitchen,1333.39,0,0,0.3459,3140.4,3,0
ORD_107561,CUST_2151,Apparel,381.5,10,0,0.263,1736.5,2,1
ORD_102941,CUST_1943,Apparel,1874.5,0,1,0.2397,3415.6,2,0
ORD_113521,CUST_2775,Apparel,607.95,0,0,0.0464,1432.3,1,0
ORD_104129,CUST_1687,Apparel,1082.41,0,1,0.0197,2731.2,1,0
ORD_100566,CUST_1837,Apparel,1599.27,2,1,0.3487,887.6,1,0
ORD_109341,CUST_4902,Electronics,299.48,4,0,0.0558,2796.8,1,0
ORD_113154,CUST_2105,Beauty,2289.63,0,1,0.0541,1912.1,1,0
ORD_104992,CUST_3983,Apparel,1676.73,0,0,0.0191,1064.8,1,0
ORD_111119,CUST_3000,Home & Kitchen,1036.07,0,1,0.2555,499.5,1,0
ORD_112639,CUST_1442,Electronics,318.65,0,0,0.3078,2570.9,1,0
ORD_100909,CUST_1928,Home & Kitchen,3504.47,0,0,0.1801,1073.6,1,0
ORD_113703,CUST_3326,Home & Kitchen,947.36,1,0,0.2342,290.6,1,0
ORD_107437,CUST_4806,Home & Kitchen,488.97,5,0,0.3156,326.3,2,0
ORD_108723,CUST_3283,Home & Kitchen,313.51,2,1,0.1833,3383.0,2,0
ORD_111537,CUST_2127,Apparel,1855.55,1,0,0.1298,419.8,1,0
ORD_114827,CUST_3565,Electronics,661.94,7,1,0.1959,3127.5,3,0
ORD_104791,CUST_4708,Electronics,846.13,0,1,0.2472,2079.7,1,0
ORD_112140,CUST_4527,Footwear,2773.62,0,0,0.1013,3458.5,1,0
ORD_101186,CUST_2101,Apparel,2178.34,4,1,0.0723,301.9,1,0
ORD_105781,CUST_3120,Apparel,781.48,0,0,0.1228,1071.6,1,0
ORD_107882,CUST_4371,Footwear,950.75,1,0,0.1536,2102.5,1,0
ORD_104349,CUST_2677,Electronics,417.35,0,1,0.1866,612.9,1,0
ORD_113164,CUST_4672,Apparel,1412.84,1,1,0.2238,1836.9,1,1
ORD_105504,CUST_1136,Apparel,3098.4,1,0,0.0731,2397.0,3,0
ORD_111996,CUST_2625,Apparel,2158.81,1,1,0.1829,861.2,1,0
ORD_111581,CUST_1964,Apparel,1784.59,1,1,0.3543,2407.9,1,1
ORD_106270,CUST_2700,Footwear,422.05,4,1,0.2018,939.3,1,0
ORD_102740,CUST_4275,Footwear,1301.9,1,1,0.1269,791.8,1,0
ORD_107648,CUST_4722,Electronics,1536.52,0,1,0.2297,310.3,6,0
ORD_101513,CUST_3371,Apparel,1774.37,0,0,0.2717,349.4,1,0
ORD_106271,CUST_4670,Home & Kitchen,3024.1,2,0,0.3026,1028.7,1,0
ORD_105955,CUST_4416,Electronics,434.42,1,0,0.2736,1080.4,1,1
ORD_106472,CUST_4485,Electronics,2822.19,0,0,0.3424,2775.7,2,1
ORD_105039,CUST_1182,Electronics,332.45,1,0,0.1869,2393.8,1,0
ORD_110859,CUST_3201,Home & Kitchen,593.2,1,0,0.1791,2910.5,3,0
ORD_106330,CUST_4005,Footwear,843.81,0,1,0.5555,2190.9,1,0
ORD_114286,CUST_4364,Home & Kitchen,2065.9,0,0,0.0407,1184.8,1,0
ORD_111434,CUST_2633,Footwear,2322.64,3,1,0.206,467.9,1,1
ORD_114420,CUST_1006,Electronics,2289.52,4,0,0.0948,2690.4,1,1
ORD_108054,CUST_2708,Beauty,1869.44,0,1,0.1941,3271.9,1,0
ORD_107480,CUST_1495,Apparel,607.81,0,0,0.0553,2490.0,1,0
ORD_112815,CUST_3979,Electronics,1092.3,2,0,0.1049,2113.4,6,0
ORD_113306,CUST_1916,Beauty,2020.92,0,1,0.2942,1818.9,1,0
ORD_108072,CUST_4948,Footwear,347.21,0,1,0.12,2384.6,1,0
ORD_105973,CUST_3600,Apparel,1257.97,3,1,0.4376,1640.0,1,1
ORD_114660,CUST_2505,Beauty,2056.53,3,0,0.3287,1841.7,1,0
ORD_109292,CUST_2821,Apparel,2652.71,2,1,0.2922,1949.2,1,0
ORD_107367,CUST_1888,Electronics,1510.43,1,0,0.2027,3168.8,1,0
ORD_105387,CUST_1685,Electronics,351.61,0,1,0.0897,731.8,2,1
ORD_106450,CUST_2769,Electronics,588.12,1,1,0.2401,2793.0,1,1
ORD_114275,CUST_1843,Beauty,441.07,4,1,0.5087,1377.4,12,0
ORD_100256,CUST_1317,Apparel,1453.51,2,0,0.038,2230.8,1,0
ORD_112853,CUST_1519,Electronics,853.04,1,0,0.0713,1867.0,1,0
ORD_108929,CUST_4339,Beauty,858.29,1,1,0.4506,858.7,1,1
ORD_110772,CUST_4728,Apparel,2888.11,4,0,0.1566,3033.4,1,0
ORD_108553,CUST_1596,Apparel,1405.96,3,1,0.0484,2633.5,1,0
ORD_110370,CUST_4626,Apparel,1941.54,1,1,0.5065,781.2,1,0
ORD_112580,CUST_3838,Electronics,493.19,5,0,0.462,2360.7,6,1
ORD_111846,CUST_2973,Electronics,2935.27,0,0,0.4273,988.8,1,1
ORD_109464,CUST_1703,Electronics,691.71,0,1,0.1287,854.0,1,0
ORD_114268,CUST_4216,Beauty,908.45,0,0,0.1015,1544.1,1,0
ORD_111131,CUST_2603,Home & Kitchen,943.85,3,0,0.1136,2022.6,1,0
ORD_101823,CUST_3657,Electronics,2977.62,1,1,0.2909,2660.9,1,0
ORD_103424,CUST_4764,Home & Kitchen,1125.84,0,0,0.2039,1955.9,1,0
ORD_101094,CUST_3150,Electronics,1426.95,2,1,0.1784,1303.5,2,0
ORD_100080,CUST_2478,Home & Kitchen,307.42,0,1,0.0568,513.0,6,0
ORD_107578,CUST_2307,Home & Kitchen,1322.83,0,1,0.0612,2372.7,1,1
ORD_112453,CUST_3404,Apparel,2062.13,0,1,0.0605,1506.9,1,0
ORD_105962,CUST_3213,Footwear,1475.27,0,1,0.2462,1799.9,1,0
ORD_102830,CUST_3161,Electronics,355.38,3,1,0.3015,1518.5,1,1
ORD_106447,CUST_2983,Electronics,3647.26,7,0,0.5739,3235.2,1,0
ORD_108666,CUST_1034,Apparel,552.74,0,1,0.0544,2221.6,1,0
ORD_109406,CUST_2727,Electronics,935.88,0,0,0.0623,235.2,2,1
ORD_107096,CUST_3547,Home & Kitchen,1446.44,1,0,0.2674,987.7,3,0
ORD_100715,CUST_1011,Electronics,2477.91,0,1,0.5159,3317.1,1,0
ORD_112285,CUST_2575,Beauty,4314.58,3,1,0.3186,2072.7,1,1
ORD_105949,CUST_4275,Apparel,1754.16,1,1,0.0759,443.4,1,0
ORD_107900,CUST_3462,Home & Kitchen,2321.04,1,0,0.0755,1756.0,1,0
ORD_100313,CUST_1293,Apparel,1636.11,0,0,0.3986,2619.5,1,0
ORD_104056,CUST_3105,Footwear,1437.19,1,1,0.2085,3181.4,1,1
ORD_101441,CUST_4597,Home & Kitchen,1424.91,0,0,0.0707,1700.7,1,0
ORD_100182,CUST_2028,Apparel,1017.42,0,1,0.0556,2056.2,2,0
ORD_104099,CUST_4982,Footwear,2753.75,0,0,0.1459,2652.2,1,0
ORD_101201,CUST_1047,Apparel,1457.24,4,1,0.1723,2347.0,1,1
ORD_105753,CUST_2214,Beauty,655.35,3,1,0.2422,1256.4,2,1
ORD_102324,CUST_4977,Apparel,1411.19,0,1,0.0665,425.0,1,0
ORD_108013,CUST_1787,Electronics,888.78,1,0,0.2387,2739.8,1,0
ORD_103063,CUST_2584,Home & Kitchen,3032.02,0,1,0.0812,2545.8,1,0
ORD_111579,CUST_3653,Apparel,859.09,2,1,0.304,2336.6,1,1
ORD_100130,CUST_1492,Apparel,735.95,0,1,0.184,1326.9,1,0
ORD_104516,CUST_2517,Apparel,1335.73,0,0,0.1704,250.8,1,0
ORD_112712,CUST_4400,Apparel,3735.43,4,1,0.1156,1387.5,1,1
ORD_114428,CUST_3620,Apparel,2333.03,0,0,0.1254,1575.9,1,0
ORD_113927,CUST_1568,Home & Kitchen,1590.42,0,1,0.0656,2968.3,1,1
ORD_104375,CUST_2693,Home & Kitchen,391.55,0,1,0.1117,2748.1,1,1
ORD_101603,CUST_1936,Beauty,1352.46,0,0,0.2808,3074.8,1,0
ORD_103834,CUST_4942,Home & Kitchen,698.96,1,1,0.2323,936.6,1,1
ORD_111099,CUST_1045,Home & Kitchen,1639.58,1,1,0.2129,1197.9,1,0
ORD_102022,CUST_3983,Home & Kitchen,2135.09,2,1,0.3885,509.2,1,1
ORD_101999,CUST_2500,Apparel,1692.52,2,1,0.3917,682.8,12,0
ORD_101976,CUST_1046,Footwear,1294.05,0,0,0.2365,2035.4,1,0
ORD_112690,CUST_3870,Apparel,559.76,0,0,0.027,1437.9,1,0
ORD_107936,CUST_4039,Home & Kitchen,5068.95,2,1,0.0848,2022.8,1,0
ORD_110202,CUST_4099,Apparel,510.69,0,0,0.2022,462.7,3,0
ORD_101107,CUST_1446,Footwear,4724.43,0,0,0.085,2364.1,1,0
ORD_107117,CUST_4545,Home & Kitchen,2215.02,0,1,0.124,1831.9,1,0
ORD_112933,CUST_4799,Footwear,505.0,0,0,0.1272,1647.2,1,0
ORD_106785,CUST_4130,Apparel,521.13,0,1,0.1532,2923.8,1,0
ORD_107682,CUST_3298,Home & Kitchen,1798.12,2,1,0.1443,292.4,1,1
ORD_108860,CUST_4141,Electronics,636.87,0,0,0.1133,1213.9,1,0
ORD_109338,CUST_4502,Apparel,2606.76,0,1,0.3787,1248.1,1,1
ORD_111776,CUST_3862,Electronics,331.84,0,1,0.1408,341.2,1,0
ORD_109054,CUST_1687,Apparel,858.81,0,0,0.1462,2732.6,1,0
ORD_104722,CUST_4634,Electronics,3159.61,1,1,0.1122,1220.7,1,0
ORD_108306,CUST_2490,Footwear,665.26,7,0,0.1326,1249.9,1,0
ORD_109988,CUST_1138,Footwear,1542.34,0,0,0.2235,2279.8,1,1
ORD_112359,CUST_3286,Apparel,1105.12,1,0,0.2608,760.6,1,0
ORD_107383,CUST_1871,Apparel,378.13,0,1,0.1371,2107.4,1,0
ORD_107222,CUST_2394,Apparel,1335.46,0,1,0.058,3007.9,1,1
ORD_103959,CUST_3068,Electronics,305.83,2,0,0.1012,1002.2,6,0
ORD_106221,CUST_2688,Apparel,1719.96,1,1,0.1786,1431.7,1,1
ORD_106781,CUST_4475,Home & Kitchen,839.38,1,1,0.33,1284.4,1,0
ORD_103320,CUST_1542,Apparel,1986.5,0,1,0.2741,1429.0,1,1
ORD_112109,CUST_3321,Apparel,620.4,4,1,0.2192,1608.4,1,1
ORD_100702,CUST_3738,Footwear,2564.29,2,0,0.2767,637.9,6,0
ORD_111052,CUST_1282,Home & Kitchen,403.43,1,0,0.0417,2640.6,1,1
ORD_102821,CUST_2198,Apparel,1628.58,0,0,0.0299,3027.3,12,0
ORD_107541,CUST_2635,Footwear,637.62,0,1,0.1593,1011.9,1,0
ORD_103283,CUST_1792,Footwear,2879.91,1,1,0.0621,1976.2,3,0
ORD_110853,CUST_1470,Apparel,892.07,0,1,0.2072,1049.5,1,1
ORD_113982,CUST_3706,Apparel,617.72,0,1,0.0361,1723.4,1,0
ORD_114111,CUST_4693,Footwear,1955.34,0,1,0.5125,403.0,2,1
ORD_108508,CUST_1178,Apparel,2465.52,5,0,0.3303,3257.4,1,0
ORD_103490,CUST_1855,Footwear,987.08,1,1,0.3069,1120.7,1,0
ORD_105872,CUST_4911,Apparel,2378.53,0,1,0.2194,438.7,1,0
ORD_106597,CUST_3934,Apparel,2035.01,0,1,0.1897,872.9,1,0
ORD_103311,CUST_2603,Electronics,381.63,1,1,0.3067,2205.7,1,0
ORD_103652,CUST_2430,Home & Kitchen,1180.49,2,0,0.1445,2975.0,2,0
ORD_101114,CUST_2358,Apparel,929.54,1,0,0.1703,2563.1,1,0
ORD_103963,CUST_4670,Home & Kitchen,1408.61,0,1,0.2553,263.1,1,0
ORD_112724,CUST_3276,Beauty,475.58,0,0,0.2671,3186.6,3,0
ORD_109133,CUST_2358,Electronics,1978.74,0,1,0.1126,577.9,1,0
ORD_106020,CUST_1609,Apparel,4292.26,5,1,0.1254,449.6,1,0
ORD_103823,CUST_2283,Home & Kitchen,1864.18,0,1,0.2791,181.2,1,0
ORD_109385,CUST_4548,Apparel,524.37,1,1,0.2837,1659.8,1,1
ORD_103292,CUST_3383,Footwear,951.85,0,0,0.017,2788.9,1,0
ORD_100869,CUST_2827,Footwear,4411.53,1,1,0.1867,686.0,1,0
ORD_100714,CUST_3444,Beauty,1857.89,0,1,0.0654,433.3,1,0
ORD_107530,CUST_4470,Apparel,528.69,0,1,0.1113,2494.0,1,0
ORD_105849,CUST_4731,Apparel,405.51,1,1,0.0806,1059.4,12,0
ORD_114156,CUST_2690,Home & Kitchen,4053.97,2,1,0.0584,2509.8,6,0
ORD_110204,CUST_4407,Footwear,1660.03,1,1,0.3078,1078.1,1,0
ORD_109252,CUST_3172,Electronics,410.22,1,0,0.1391,1831.4,1,0
ORD_110430,CUST_4020,Footwear,354.05,0,1,0.1262,1259.7,2,0
ORD_103446,CUST_1623,Apparel,521.11,0,1,0.1059,1817.7,1,0
ORD_114413,CUST_3022,Home & Kitchen,1273.61,0,0,0.0519,1859.4,2,0
ORD_114603,CUST_1984,Footwear,3936.64,0,1,0.0525,525.6,3,1
ORD_112483,CUST_1061,Beauty,1925.96,0,0,0.2966,2582.7,1,1
ORD_114152,CUST_2734,Apparel,1621.14,3,1,0.3142,1725.8,1,0
ORD_111734,CUST_1824,Footwear,499.69,1,0,0.1075,1530.1,1,0
ORD_111654,CUST_4071,Electronics,935.14,0,0,0.0492,2529.7,6,0
ORD_106648,CUST_1298,Footwear,642.77,0,1,0.0504,1144.4,1,0
ORD_109982,CUST_4755,Footwear,1637.39,0,1,0.1941,1129.9,1,0
ORD_102032,CUST_2372,Apparel,1013.71,5,1,0.2557,2907.3,1,1
ORD_100696,CUST_2931,Electronics,501.19,0,0,0.1152,2737.9,1,0
ORD_103765,CUST_4799,Footwear,1780.43,0,0,0.0982,3354.4,1,0
ORD_100291,CUST_2589,Home & Kitchen,921.62,5,1,0.4194,1849.9,1,0
ORD_103905,CUST_2243,Electronics,425.24,2,0,0.4402,1941.9,1,0
ORD_105201,CUST_2878,Apparel,1272.98,0,0,0.3109,793.5,1,0
ORD_108027,CUST_2101,Footwear,3321.44,0,0,0.0228,1833.7,6,0
ORD_103978,CUST_4779,Beauty,1763.13,3,1,0.2772,3126.9,3,1
ORD_108783,CUST_4731,Home & Kitchen,609.15,0,0,0.0304,1200.7,2,0
ORD_109227,CUST_4768,Beauty,545.69,0,1,0.111,3050.8,1,1
ORD_109767,CUST_1179,Apparel,622.81,0,1,0.1574,2462.8,1,0
ORD_103569,CUST_4747,Footwear,1725.31,0,0,0.1384,1641.4,1,0
ORD_103214,CUST_2523,Home & Kitchen,1208.7,0,0,0.0999,3451.6,1,0
ORD_109392,CUST_3836,Footwear,467.14,0,0,0.047,562.5,12,0
ORD_107160,CUST_3518,Apparel,2695.21,0,0,0.1788,869.0,1,0
ORD_110710,CUST_2130,Electronics,426.7,0,0,0.2593,3483.1,6,0
ORD_110404,CUST_4936,Electronics,408.23,0,1,0.1706,2503.1,1,0
ORD_101351,CUST_1531,Footwear,4240.02,0,1,0.1327,1411.6,3,1
ORD_106604,CUST_1160,Electronics,2684.75,0,1,0.4103,3332.8,1,0
ORD_108907,CUST_4401,Home & Kitchen,310.83,0,0,0.2848,3407.2,1,0
ORD_105439,CUST_1862,Footwear,3561.52,1,1,0.3266,1226.2,6,0
ORD_111413,CUST_2894,Home & Kitchen,670.85,3,0,0.0911,982.7,1,1
ORD_112659,CUST_4815,Apparel,1242.34,0,0,0.1322,2703.1,1,0
ORD_105029,CUST_3828,Home & Kitchen,1738.74,3,1,0.1885,3032.0,6,0
ORD_100664,CUST_4325,Apparel,3069.06,1,0,0.1258,1156.0,6,0
ORD_101985,CUST_4157,Apparel,3871.09,4,0,0.1619,1828.7,1,1
ORD_106263,CUST_3461,Apparel,709.38,1,1,0.154,2123.0,3,0
ORD_111857,CUST_4779,Footwear,2999.29,2,0,0.4378,668.1,1,0
ORD_106247,CUST_3876,Apparel,2070.22,1,1,0.0327,2589.3,2,0
ORD_105896,CUST_4951,Footwear,532.07,1,1,0.3779,862.1,1,0
ORD_111019,CUST_4815,Apparel,789.13,1,0,0.191,2571.6,12,1
ORD_113332,CUST_1042,Electronics,1028.32,4,0,0.1846,1689.7,6,1
ORD_103531,CUST_1772,Footwear,1725.42,0,0,0.2693,237.6,1,0
ORD_109255,CUST_2706,Apparel,1010.4,0,1,0.4476,3134.6,1,1
ORD_104634,CUST_4500,Footwear,469.23,1,1,0.273,3164.8,3,0
ORD_106002,CUST_1412,Beauty,1226.51,0,0,0.1168,2691.2,1,0
ORD_106941,CUST_3239,Footwear,1231.65,1,0,0.1854,287.5,1,0
ORD_106683,CUST_1919,Home & Kitchen,1314.13,0,1,0.0884,414.3,1,0
ORD_107228,CUST_2473,Footwear,530.8,0,1,0.1876,1012.6,12,0
ORD_111697,CUST_2153,Footwear,1331.91,7,1,0.3131,3417.4,1,0
ORD_110304,CUST_3253,Electronics,2867.57,0,1,0.2334,1489.8,1,0
ORD_110751,CUST_3209,Apparel,1954.43,0,1,0.0881,2450.4,12,0
ORD_114191,CUST_1384,Apparel,1208.84,2,0,0.2311,2606.1,1,0
ORD_106753,CUST_1939,Home & Kitchen,4798.41,0,0,0.2632,743.4,1,1
ORD_108830,CUST_4553,Apparel,2678.12,5,0,0.2126,484.7,3,0
ORD_107166,CUST_3355,Home & Kitchen,391.67,1,0,0.3473,3250.3,1,0
ORD_113509,CUST_4181,Apparel,2355.58,1,1,0.4903,2112.3,6,1
ORD_106049,CUST_2818,Home & Kitchen,838.24,0,0,0.1569,2497.2,1,0
ORD_114509,CUST_2283,Footwear,767.59,3,1,0.0871,3226.7,1,0
ORD_114022,CUST_2179,Apparel,624.71,0,0,0.1394,3347.6,1,0
ORD_110290,CUST_3198,Footwear,3164.75,0,0,0.2146,1487.8,1,1
ORD_110737,CUST_1172,Beauty,768.86,0,0,0.0677,3287.1,1,0
ORD_111875,CUST_2017,Footwear,787.68,2,1,0.1105,2250.6,1,0
ORD_104332,CUST_3990,Beauty,544.03,0,0,0.1259,1885.4,6,0
ORD_103639,CUST_3907,Footwear,743.24,3,1,0.12,923.6,1,0
ORD_114334,CUST_3605,Electronics,612.66,0,0,0.1189,2737.8,3,0
ORD_107074,CUST_2278,Footwear,3349.1,0,0,0.2532,1481.0,1,1
ORD_105018,CUST_2050,Apparel,3548.08,1,0,0.2671,3195.4,1,1
ORD_105240,CUST_4173,Apparel,1943.12,0,0,0.3346,1321.4,12,0
ORD_109019,CUST_4774,Footwear,2885.43,3,1,0.2446,371.0,1,0
ORD_106857,CUST_4805,Apparel,2222.87,1,0,0.3872,2233.1,6,1
ORD_102876,CUST_2637,Electronics,439.78,1,1,0.0806,346.8,3,0
ORD_113905,CUST_3883,Electronics,1074.65,7,0,0.0319,1603.9,1,0
ORD_111807,CUST_1527,Apparel,583.22,0,0,0.0311,1126.2,1,0
ORD_104895,CUST_1880,Apparel,1017.82,2,0,0.4404,2342.1,1,0
ORD_104385,CUST_2348,Electronics,1251.23,0,1,0.1324,1166.7,2,0
ORD_105010,CUST_3342,Electronics,636.4,0,0,0.1955,2714.3,3,0
ORD_110625,CUST_4965,Home & Kitchen,2938.13,0,0,0.4125,3165.8,1,0
ORD_114472,CUST_1995,Electronics,822.81,0,1,0.0957,934.0,1,0
ORD_111028,CUST_1372,Apparel,507.36,0,0,0.4985,2859.0,1,1
ORD_112732,CUST_4742,Apparel,526.81,0,1,0.1619,2725.1,1,0
ORD_108305,CUST_4612,Electronics,417.08,1,1,0.0865,1699.8,1,0
ORD_111998,CUST_1842,Electronics,1102.47,0,1,0.4707,257.9,3,1
ORD_113512,CUST_3695,Apparel,695.22,3,0,0.061,1338.0,1,1
ORD_110182,CUST_1100,Beauty,2854.71,0,0,0.3104,1659.3,1,0
ORD_105041,CUST_3591,Apparel,447.1,0,1,0.0611,1339.4,1,1
ORD_111944,CUST_1337,Apparel,1767.71,1,0,0.316,2761.7,1,1
ORD_114130,CUST_2952,Apparel,2047.86,0,1,0.1554,1312.7,1,1
ORD_108895,CUST_3294,Electronics,474.78,0,0,0.2627,460.8,1,0
ORD_111993,CUST_4237,Electronics,372.93,2,1,0.1679,509.7,2,0
ORD_101218,CUST_1473,Apparel,1419.15,0,0,0.0973,171.9,1,0
ORD_113367,CUST_2939,Home & Kitchen,1185.41,2,0,0.3966,2446.7,6,0
ORD_110956,CUST_4727,Apparel,797.86,4,1,0.0579,3290.9,1,0
ORD_111103,CUST_1981,Apparel,391.78,3,0,0.2742,163.7,1,0
ORD_106154,CUST_2211,Electronics,516.52,0,1,0.519,346.8,1,0
ORD_100884,CUST_4522,Electronics,888.16,10,0,0.3623,1932.2,6,0
ORD_105403,CUST_4809,Apparel,1511.39,1,1,0.359,3088.7,2,1
ORD_101996,CUST_2521,Footwear,686.68,0,0,0.1345,1930.9,6,0
ORD_111096,CUST_1104,Apparel,523.46,1,1,0.336,506.8,6,1
ORD_114254,CUST_3840,Apparel,2006.35,4,0,0.2225,3106.1,3,0
ORD_106383,CUST_4700,Beauty,493.94,0,0,0.102,3100.6,2,0
ORD_113590,CUST_4405,Beauty,1258.48,0,0,0.2948,3261.3,3,1
ORD_103525,CUST_3546,Home & Kitchen,1010.4,0,1,0.2906,1875.5,1,1
ORD_109420,CUST_3499,Apparel,1096.96,2,1,0.2268,1978.0,6,0
ORD_102891,CUST_2624,Electronics,1893.97,0,0,0.4388,3410.1,1,1
ORD_103574,CUST_3421,Home & Kitchen,4465.53,0,0,0.1065,3447.7,1,0
ORD_110344,CUST_2053,Electronics,1508.88,0,1,0.1979,1412.5,3,0
ORD_104004,CUST_4648,Footwear,693.41,0,0,0.0155,3086.0,1,0
ORD_114013,CUST_2074,Electronics,794.74,0,0,0.0454,2488.7,1,0
ORD_102842,CUST_2987,Footwear,1192.73,0,1,0.1013,1433.0,3,0
ORD_109580,CUST_3883,Home & Kitchen,811.57,0,0,0.2151,1285.9,3,0
ORD_114945,CUST_4249,Apparel,2445.63,1,0,0.4658,2762.8,1,0
ORD_102325,CUST_1885,Electronics,4360.79,0,0,0.358,3433.8,1,0
ORD_112418,CUST_1566,Footwear,1189.29,0,1,0.2312,2072.5,1,1
ORD_103784,CUST_4390,Electronics,4760.26,3,0,0.1727,2405.1,2,0
ORD_100040,CUST_2082,Footwear,418.64,0,0,0.1912,1316.9,6,1
ORD_108911,CUST_2031,Footwear,2235.31,7,0,0.41,1244.0,1,0
ORD_108287,CUST_3054,Footwear,2308.17,1,1,0.2667,1465.4,1,0
ORD_113515,CUST_3731,Electronics,1043.74,0,1,0.0372,3446.7,1,0
ORD_106224,CUST_4390,Electronics,914.13,0,1,0.4675,1703.3,12,1
ORD_112825,CUST_2877,Footwear,676.04,3,1,0.137,882.5,1,1
ORD_105360,CUST_2417,Electronics,1085.63,3,1,0.1713,3428.6,1,0
ORD_100030,CUST_3324,Footwear,560.82,0,1,0.1373,2801.7,1,0
ORD_100864,CUST_1510,Home & Kitchen,839.68,3,1,0.2709,2369.0,1,0
ORD_106587,CUST_3950,Apparel,335.08,1,1,0.1748,2885.8,1,1
ORD_100812,CUST_4555,Home & Kitchen,2006.16,0,1,0.1219,2803.8,1,0
ORD_102095,CUST_2998,Footwear,495.06,0,0,0.0819,3097.2,1,0
ORD_107701,CUST_3415,Apparel,462.39,0,1,0.1487,706.8,1,0
ORD_107805,CUST_1969,Electronics,2420.57,2,1,0.3371,2377.1,1,1
ORD_102736,CUST_4178,Beauty,1408.07,1,1,0.0869,1487.9,1,0
ORD_112660,CUST_1871,Electronics,559.94,0,0,0.2584,2343.8,2,0
ORD_108328,CUST_3665,Footwear,1464.0,0,1,0.1908,2588.8,12,0
ORD_107918,CUST_1244,Apparel,1342.38,1,1,0.1457,1430.5,1,1
ORD_109761,CUST_2996,Beauty,608.27,5,1,0.0921,2132.6,2,0
ORD_104350,CUST_2226,Footwear,9441.38,0,1,0.2565,2596.7,1,1
ORD_100408,CUST_1337,Beauty,832.3,4,1,0.2282,1426.2,1,0
ORD_105256,CUST_1883,Electronics,733.95,0,0,0.2322,1478.1,1,0
ORD_106488,CUST_2955,Apparel,412.35,0,0,0.5197,2860.5,1,0
ORD_102150,CUST_2544,Home & Kitchen,6176.53,10,1,0.0455,1559.4,1,0
ORD_112188,CUST_2263,Footwear,732.18,1,0,0.0827,3269.8,12,0
ORD_104947,CUST_4363,Apparel,759.24,7,1,0.2338,236.6,1,1
ORD_104801,CUST_4170,Apparel,2295.98,0,0,0.1074,198.4,1,0
ORD_102626,CUST_1515,Apparel,1922.06,0,0,0.3902,1255.1,2,0
ORD_113445,CUST_3152,Home & Kitchen,1944.67,2,0,0.1851,1186.7,1,0
ORD_111862,CUST_4594,Beauty,1368.36,0,0,0.0941,2777.7,1,0
ORD_110534,CUST_2968,Apparel,1685.2,2,0,0.0792,1198.2,1,0
ORD_114024,CUST_3423,Beauty,2170.56,4,1,0.2183,1241.5,1,1
ORD_111161,CUST_4999,Apparel,2690.62,1,0,0.1999,975.8,12,0
ORD_104246,CUST_1123,Apparel,1150.33,0,0,0.1218,2806.2,2,0
ORD_112628,CUST_1157,Footwear,5736.95,0,1,0.0983,3365.9,2,1
ORD_101105,CUST_3906,Electronics,1834.48,1,1,0.0956,1264.7,12,0
ORD_105338,CUST_1392,Home & Kitchen,1027.72,5,0,0.4228,1246.5,1,1
ORD_109928,CUST_1800,Apparel,1767.34,0,0,0.3565,3414.0,3,0
ORD_102778,CUST_1275,Apparel,2468.63,2,0,0.0566,726.2,1,0
ORD_101782,CUST_1933,Electronics,1794.37,1,0,0.1578,486.5,1,0
ORD_107668,CUST_3806,Footwear,826.03,4,1,0.4308,1844.8,3,0
ORD_107245,CUST_4651,Footwear,2961.69,0,1,0.0603,601.7,1,0
ORD_102992,CUST_4416,Beauty,1219.65,1,1,0.1545,1683.0,3,1
ORD_103733,CUST_3179,Footwear,331.68,0,0,0.0663,474.5,6,0
ORD_106645,CUST_3074,Electronics,5894.98,0,1,0.1694,2717.0,1,1
ORD_111366,CUST_1808,Footwear,4454.39,10,1,0.4961,1636.5,1,1
ORD_100679,CUST_3489,Footwear,300.98,0,1,0.2217,2727.9,1,0
ORD_103259,CUST_2693,Apparel,1462.91,0,0,0.2017,2157.7,1,0
ORD_108261,CUST_4395,Home & Kitchen,656.61,0,1,0.0805,267.9,1,0
ORD_104903,CUST_3490,Beauty,2165.14,5,0,0.149,2779.6,3,0
ORD_105996,CUST_1744,Beauty,5401.55,0,1,0.2751,2907.1,1,1
ORD_100283,CUST_4696,Apparel,4217.95,0,0,0.1278,416.4,3,0
ORD_113531,CUST_4144,Apparel,387.64,1,1,0.1354,3028.5,1,1
ORD_110173,CUST_3910,Beauty,625.19,0,1,0.4894,1425.4,2,0
ORD_107257,CUST_4176,Beauty,912.66,1,0,0.0452,1945.1,1,1
ORD_114456,CUST_1122,Apparel,364.79,7,1,0.0542,1852.1,1,1
ORD_108831,CUST_1344,Apparel,829.7,0,1,0.0721,407.1,1,0
ORD_113771,CUST_2232,Footwear,1072.12,2,0,0.1526,3293.4,2,1
ORD_113340,CUST_4777,Apparel,2825.14,0,0,0.2716,601.2,1,0
ORD_111059,CUST_3970,Apparel,321.7,0,0,0.2639,2503.1,6,0
ORD_104103,CUST_2233,Electronics,1190.88,5,1,0.2405,3463.4,1,0
ORD_110335,CUST_3738,Electronics,1479.77,0,1,0.0829,776.8,1,1
ORD_102145,CUST_2796,Apparel,730.15,0,0,0.2012,1169.1,1,0
ORD_114137,CUST_3590,Electronics,635.64,3,1,0.1061,3495.5,1,1
ORD_112983,CUST_2644,Footwear,786.0,0,0,0.2526,799.3,1,0
ORD_107756,CUST_1238,Footwear,3198.72,1,1,0.3193,182.6,1,1
ORD_111985,CUST_4435,Footwear,665.84,0,0,0.0843,1043.8,1,0
ORD_114155,CUST_4863,Beauty,2139.35,0,1,0.1395,986.9,1,0
ORD_107139,CUST_3285,Footwear,877.1,0,0,0.1213,2417.7,2,1
ORD_114803,CUST_3474,Footwear,1966.86,0,1,0.1777,1081.1,6,0
ORD_107431,CUST_2461,Apparel,521.48,0,1,0.234,724.2,2,0
ORD_108838,CUST_4096,Footwear,2319.88,3,1,0.1226,2217.5,1,1
ORD_110009,CUST_2743,Home & Kitchen,766.21,0,0,0.187,982.0,1,0
ORD_100623,CUST_2141,Apparel,692.7,0,0,0.1362,2922.0,1,0
ORD_108450,CUST_1154,Beauty,712.9,2,0,0.1225,829.8,12,0
ORD_113236,CUST_4279,Footwear,838.45,1,1,0.2044,2379.2,1,0
ORD_110414,CUST_2176,Apparel,371.1,0,0,0.1884,2007.2,1,0
ORD_100248,CUST_1972,Home & Kitchen,521.53,0,1,0.1111,1607.4,3,0
ORD_111006,CUST_2417,Apparel,1965.88,2,0,0.0566,1070.5,1,1
ORD_101403,CUST_1375,Footwear,468.74,0,1,0.0974,2242.9,1,1
ORD_109413,CUST_3740,Electronics,3274.51,0,0,0.1659,424.5,1,0
ORD_111548,CUST_1078,Footwear,2403.83,1,1,0.0247,2384.6,1,0
ORD_101313,CUST_3590,Apparel,930.18,2,1,0.2489,295.8,1,0
ORD_104411,CUST_3221,Footwear,3758.8,10,1,0.0469,2444.3,1,1
ORD_104416,CUST_3073,Electronics,453.2,5,0,0.0905,1074.3,1,0
ORD_110488,CUST_2233,Beauty,457.85,0,1,0.1156,3340.6,1,0
ORD_114109,CUST_1760,Footwear,2924.41,4,0,0.1009,862.3,1,0
ORD_111084,CUST_4174,Footwear,959.33,1,1,0.1288,3184.6,1,1
ORD_107266,CUST_2773,Apparel,3155.42,1,1,0.4597,809.3,1,1
ORD_111296,CUST_1074,Footwear,2582.44,0,0,0.2942,1335.9,1,0
ORD_100807,CUST_1395,Home & Kitchen,691.27,4,1,0.1725,3123.3,3,1
ORD_106080,CUST_3804,Apparel,1089.67,5,0,0.148,3112.1,2,0
ORD_102938,CUST_2763,Beauty,436.24,1,0,0.1473,2349.1,2,1
ORD_104711,CUST_4650,Apparel,628.83,0,1,0.0219,1931.3,2,0
ORD_103448,CUST_1593,Home & Kitchen,622.39,0,1,0.2083,3069.6,1,0
ORD_105919,CUST_1759,Apparel,1742.19,3,1,0.0402,313.6,1,0
ORD_106498,CUST_2503,Apparel,466.23,3,1,0.1757,2941.0,1,0
ORD_107559,CUST_4212,Electronics,681.83,0,0,0.1105,1587.6,1,0
ORD_110566,CUST_1959,Apparel,719.05,0,0,0.4377,2723.7,1,0
ORD_112137,CUST_3165,Apparel,889.69,1,1,0.2594,2832.3,3,1
ORD_108664,CUST_4786,Home & Kitchen,403.66,0,0,0.1577,3090.5,1,0
ORD_103282,CUST_2985,Apparel,2462.99,0,0,0.2149,2773.7,1,0
ORD_106890,CUST_4155,Home & Kitchen,455.54,3,0,0.1734,3162.0,1,0
ORD_104338,CUST_2852,Apparel,1756.12,1,1,0.1752,888.4,6,0
ORD_114425,CUST_1615,Electronics,3384.32,1,0,0.2023,3039.5,1,0
ORD_112296,CUST_3134,Home & Kitchen,1592.93,0,0,0.1268,246.3,1,0
ORD_103330,CUST_1042,Electronics,299.13,2,0,0.1077,449.8,1,0
ORD_109607,CUST_3120,Footwear,648.24,0,0,0.2393,2572.7,1,1
ORD_106212,CUST_1068,Home & Kitchen,994.02,2,0,0.1545,706.2,1,0
ORD_102043,CUST_4521,Footwear,712.44,2,0,0.1871,297.9,1,0
ORD_110962,CUST_1524,Home & Kitchen,523.46,0,1,0.239,1318.6,1,1
ORD_112377,CUST_1163,Beauty,867.9,2,0,0.1762,609.6,1,0
ORD_106637,CUST_4329,Electronics,333.38,0,1,0.1951,3095.7,1,1
ORD_101259,CUST_4283,Home & Kitchen,931.27,0,1,0.1594,918.2,1,0
ORD_106921,CUST_4587,Beauty,486.87,1,1,0.2873,674.3,1,1
ORD_100663,CUST_2312,Electronics,1322.91,5,1,0.2731,3398.1,2,1
ORD_108127,CUST_3298,Apparel,801.39,1,0,0.1689,881.4,1,0
ORD_104018,CUST_1636,Footwear,396.36,0,0,0.0869,466.8,2,0
ORD_110993,CUST_1247,Beauty,1286.69,3,1,0.0759,2831.0,3,0
ORD_108229,CUST_1779,Apparel,1871.46,0,1,0.0623,798.8,6,0
ORD_108816,CUST_2264,Apparel,465.47,0,0,0.2835,1447.0,1,0
ORD_108015,CUST_1059,Apparel,1188.44,4,0,0.0525,1523.3,1,1
ORD_110893,CUST_2134,Apparel,311.54,0,1,0.2344,315.0,1,1
ORD_103068,CUST_1630,Home & Kitchen,420.63,10,1,0.2119,2525.8,1,0
ORD_108826,CUST_3476,Apparel,4520.01,0,1,0.1951,886.7,1,1
ORD_113006,CUST_2957,Apparel,1914.72,3,0,0.2069,239.9,1,0
ORD_111137,CUST_2098,Apparel,1209.73,3,1,0.1029,3448.2,3,0
ORD_113368,CUST_1788,Footwear,740.51,0,0,0.3055,1970.3,1,0
ORD_111663,CUST_3553,Electronics,1492.06,0,0,0.4271,1438.6,1,0
ORD_100756,CUST_4760,Beauty,946.12,1,1,0.2151,1982.1,1,1
ORD_105077,CUST_2098,Home & Kitchen,312.44,7,1,0.0783,2206.4,6,1
ORD_108485,CUST_1880,Footwear,688.75,0,1,0.2678,851.3,1,1
ORD_102801,CUST_2661,Footwear,300.74,1,1,0.2018,1687.7,1,0
ORD_109017,CUST_2577,Electronics,1079.33,1,1,0.0496,2119.6,1,0
ORD_102016,CUST_3235,Footwear,1682.17,0,1,0.1482,1824.4,1,0
ORD_113783,CUST_4677,Electronics,439.95,1,0,0.4305,3145.5,3,1
ORD_109035,CUST_2944,Beauty,2088.54,3,1,0.2552,751.6,1,0
ORD_107395,CUST_1202,Apparel,2470.07,0,0,0.1599,2997.8,1,0
ORD_112872,CUST_1588,Electronics,913.24,0,1,0.1696,2258.2,1,0
ORD_105868,CUST_4250,Electronics,2635.22,0,0,0.4465,3011.3,1,1
ORD_106329,CUST_4360,Electronics,1595.72,1,1,0.0995,3422.3,3,1
ORD_105853,CUST_4222,Footwear,751.59,1,1,0.1226,503.3,2,0
ORD_108286,CUST_3352,Electronics,438.54,1,0,0.45,2331.2,1,0
ORD_104582,CUST_2842,Beauty,923.46,0,1,0.3893,819.0,1,0
ORD_111444,CUST_3890,Apparel,727.04,0,0,0.0388,1220.6,3,0
ORD_105321,CUST_1643,Apparel,438.75,0,1,0.3079,899.1,2,1
ORD_112150,CUST_4174,Beauty,2964.68,1,0,0.4062,3061.1,3,0
ORD_109451,CUST_3582,Home & Kitchen,528.15,3,1,0.1841,1464.5,1,0
ORD_108454,CUST_1404,Beauty,587.2,7,1,0.2912,1308.1,2,1
ORD_100565,CUST_1681,Footwear,4399.92,0,0,0.3325,2888.2,1,1
ORD_106377,CUST_4608,Home & Kitchen,540.19,0,0,0.1413,919.1,1,0
ORD_104981,CUST_1187,Home & Kitchen,1343.85,0,0,0.0768,3274.6,1,1
ORD_109623,CUST_4150,Footwear,311.37,0,0,0.3282,160.2,1,0
ORD_110406,CUST_3284,Home & Kitchen,362.85,0,0,0.1746,1088.0,2,0
ORD_108274,CUST_1719,Apparel,1276.09,1,0,0.2279,472.6,6,1
ORD_112301,CUST_3484,Footwear,5213.6,1,0,0.4517,1387.9,1,1
ORD_105958,CUST_2537,Home & Kitchen,1961.37,7,1,0.1058,2024.4,1,0
ORD_106812,CUST_4882,Home & Kitchen,2538.65,1,1,0.2036,716.1,1,1
ORD_114449,CUST_4789,Beauty,1843.02,4,0,0.0149,1050.8,1,0
ORD_114562,CUST_2145,Home & Kitchen,3269.37,1,1,0.2342,2394.0,1,0
ORD_102837,CUST_1587,Footwear,545.12,2,0,0.3291,869.5,1,0
ORD_112457,CUST_4951,Apparel,1691.55,0,0,0.2127,1041.5,1,0
ORD_108638,CUST_2815,Footwear,1525.41,2,1,0.0623,2016.7,1,0
ORD_114004,CUST_2733,Electronics,1648.87,1,0,0.0198,1657.8,1,0
ORD_100171,CUST_3146,Apparel,1279.44,1,0,0.2619,1006.1,1,0
ORD_113772,CUST_1280,Home & Kitchen,1529.09,1,0,0.1494,2955.6,6,1
ORD_101440,CUST_1615,Beauty,3888.78,2,0,0.0445,1564.3,1,0
ORD_100868,CUST_2155,Home & Kitchen,1321.09,2,1,0.0168,1510.5,3,0
ORD_114412,CUST_3384,Footwear,426.14,2,0,0.1477,2519.7,2,0
ORD_110673,CUST_3371,Home & Kitchen,1428.02,0,1,0.1017,1038.6,1,1
ORD_110379,CUST_2094,Footwear,485.91,1,1,0.2191,2196.5,2,0
ORD_102081,CUST_3050,Electronics,3215.17,0,0,0.2966,1917.9,2,0
ORD_101378,CUST_3060,Home & Kitchen,1238.31,3,1,0.3991,3048.3,1,0
ORD_108565,CUST_4404,Apparel,5123.09,0,1,0.2442,878.1,12,0
ORD_114408,CUST_3685,Footwear,525.28,7,1,0.1455,2232.2,1,0
ORD_114635,CUST_3750,Footwear,2133.67,2,0,0.3504,1177.2,1,0
ORD_102397,CUST_4328,Apparel,851.48,1,0,0.3193,2924.9,2,0
ORD_112372,CUST_1176,Apparel,3755.45,0,1,0.1601,2934.0,1,1
ORD_113636,CUST_4137,Electronics,487.94,0,0,0.2256,268.1,1,0
ORD_113155,CUST_2386,Electronics,349.25,1,1,0.3492,645.6,1,0
ORD_107901,CUST_2362,Home & Kitchen,1793.98,0,1,0.0644,2425.7,1,0
ORD_113946,CUST_2800,Electronics,1016.11,0,1,0.2712,2987.1,1,0
ORD_103818,CUST_2141,Apparel,875.54,0,1,0.258,1874.6,1,0
ORD_114082,CUST_2758,Beauty,984.35,2,1,0.1406,931.3,1,1
ORD_102870,CUST_2347,Apparel,2008.52,7,0,0.0882,3380.5,12,0
ORD_111289,CUST_3307,Apparel,351.18,1,1,0.0368,664.1,1,0
ORD_112357,CUST_2299,Home & Kitchen,366.92,0,0,0.4164,2902.1,2,1
ORD_106888,CUST_1782,Beauty,852.59,0,0,0.2237,3370.5,6,0
ORD_109727,CUST_4887,Electronics,5253.58,3,1,0.0818,3313.4,1,0
ORD_114993,CUST_2443,Home & Kitchen,437.2,2,1,0.1276,1518.2,1,0
ORD_108748,CUST_4296,Apparel,2261.61,2,0,0.1922,1761.8,1,0
ORD_111962,CUST_3914,Apparel,4501.77,1,0,0.1802,2910.2,1,1
ORD_101696,CUST_1054,Apparel,3484.75,0,1,0.2316,1582.8,2,0
ORD_102033,CUST_4029,Home & Kitchen,454.11,0,0,0.2849,1074.3,1,0
ORD_113867,CUST_4281,Home & Kitchen,1686.29,0,1,0.116,1734.4,1,0
ORD_103536,CUST_2343,Home & Kitchen,2213.08,0,1,0.2041,1049.8,3,0
ORD_109184,CUST_1973,Apparel,1016.14,10,0,0.1647,2601.3,1,1
ORD_104171,CUST_4737,Beauty,391.17,3,1,0.1506,2679.7,1,0
ORD_108701,CUST_4108,Beauty,1717.09,0,0,0.0174,939.9,1,0
ORD_109860,CUST_4512,Beauty,4083.67,1,0,0.2865,3033.7,1,0
ORD_110734,CUST_4957,Beauty,598.86,2,1,0.0804,1990.2,1,0
ORD_113933,CUST_3801,Beauty,417.9,0,1,0.3449,311.7,1,0
ORD_105028,CUST_1436,Apparel,547.5,3,0,0.2534,2460.5,1,0
ORD_109318,CUST_3568,Footwear,2492.74,2,1,0.1238,2865.8,3,0
ORD_109179,CUST_4418,Apparel,3321.05,0,0,0.1994,1342.4,2,0
ORD_102913,CUST_4015,Electronics,2124.29,0,0,0.11,1316.5,6,0
ORD_105221,CUST_1355,Apparel,2876.81,0,1,0.3411,3082.5,1,0
ORD_101983,CUST_2817,Apparel,4938.85,0,0,0.3428,2469.9,1,0
ORD_110102,CUST_2959,Apparel,1047.64,2,1,0.2838,3190.9,1,0
ORD_108644,CUST_4780,Beauty,954.06,0,0,0.3189,569.0,2,0
ORD_107170,CUST_4072,Electronics,409.85,3,1,0.204,369.5,3,0
ORD_108312,CUST_1797,Electronics,560.21,1,1,0.1818,3037.8,1,0
ORD_108777,CUST_1295,Beauty,3006.05,0,0,0.2552,3037.1,1,0
ORD_110235,CUST_1897,Beauty,447.15,0,1,0.0171,1146.5,1,1
ORD_106819,CUST_1925,Footwear,796.27,1,0,0.0854,1853.6,1,0
ORD_112282,CUST_3547,Footwear,537.12,0,0,0.3509,3356.6,1,1
ORD_106578,CUST_3732,Apparel,332.76,3,1,0.0428,2735.5,3,0
ORD_113750,CUST_1228,Electronics,329.58,0,1,0.3491,2350.6,1,1
ORD_105021,CUST_4302,Apparel,1601.96,0,0,0.3817,808.2,1,1
ORD_102486,CUST_1213,Beauty,1822.19,3,1,0.2028,1240.8,1,0
ORD_100014,CUST_3135,Apparel,2157.06,1,1,0.2533,674.3,2,1
ORD_107629,CUST_3053,Beauty,8385.98,2,1,0.1888,2683.0,1,0
ORD_112475,CUST_2880,Electronics,1524.95,0,1,0.2842,1035.3,1,1
ORD_103475,CUST_4897,Footwear,517.98,4,1,0.2829,557.5,1,0
ORD_112259,CUST_4841,Home & Kitchen,2703.93,1,1,0.2494,2701.1,1,0
ORD_110293,CUST_1164,Electronics,1197.65,0,1,0.2123,1313.5,6,0
ORD_107665,CUST_2216,Apparel,3380.06,1,0,0.2729,547.3,2,0
ORD_104953,CUST_1140,Apparel,462.82,0,1,0.1253,538.6,1,1
ORD_102620,CUST_1158,Apparel,787.04,0,1,0.1695,953.5,1,1
ORD_109945,CUST_2769,Beauty,3664.39,0,0,0.1081,2636.8,1,0
ORD_104278,CUST_2138,Electronics,1135.15,2,1,0.2173,491.5,1,0
ORD_102174,CUST_2933,Apparel,1176.67,3,0,0.1593,1533.5,3,0
ORD_107124,CUST_2496,Beauty,312.58,5,0,0.2431,1086.6,1,1
ORD_111936,CUST_4180,Electronics,2632.32,3,1,0.3562,3462.8,1,1
ORD_109168,CUST_2105,Home & Kitchen,692.3,1,0,0.1754,2413.6,1,0
ORD_106871,CUST_2938,Electronics,2339.84,1,0,0.3156,2346.1,1,0
ORD_102099,CUST_4960,Beauty,1039.98,0,1,0.3824,596.4,1,0
ORD_112179,CUST_2220,Home & Kitchen,1280.18,0,1,0.2325,944.8,2,0
ORD_109996,CUST_4879,Electronics,895.49,0,0,0.3607,759.5,12,0
ORD_110671,CUST_2506,Apparel,1362.35,0,0,0.2444,1415.1,1,0
ORD_111608,CUST_3702,Electronics,1568.64,7,1,0.0176,428.1,2,0
ORD_113274,CUST_2088,Home & Kitchen,5051.98,0,1,0.1789,395.8,1,0
ORD_105546,CUST_4906,Footwear,628.89,0,1,0.2166,471.6,1,1
ORD_114044,CUST_3040,Apparel,1477.51,0,0,0.4198,2846.0,1,1
ORD_104220,CUST_4247,Electronics,816.41,0,0,0.3078,1573.6,1,0
ORD_103650,CUST_4678,Home & Kitchen,596.23,1,0,0.1575,1781.7,1,1
ORD_107426,CUST_2991,Home & Kitchen,1982.41,0,1,0.2386,685.5,1,0
ORD_105481,CUST_1929,Apparel,476.91,0,0,0.4805,1406.4,1,1
ORD_102212,CUST_4020,Electronics,1826.13,3,0,0.0483,2752.9,1,0
ORD_108879,CUST_3062,Footwear,364.14,0,1,0.2586,263.7,1,0
ORD_114335,CUST_4412,Apparel,744.44,0,1,0.1167,2390.9,1,0
ORD_105283,CUST_4805,Apparel,964.28,2,0,0.155,2118.9,1,0
ORD_105673,CUST_2349,Apparel,1572.69,0,1,0.2114,210.4,1,0
ORD_109373,CUST_2301,Apparel,939.64,2,0,0.4113,759.6,2,0
ORD_101388,CUST_2994,Apparel,475.38,2,1,0.0907,1163.9,1,0
ORD_109568,CUST_1608,Apparel,3227.71,4,0,0.101,1711.8,1,0
ORD_112720,CUST_3700,Home & Kitchen,946.75,1,1,0.1872,1002.2,12,1
ORD_113843,CUST_1663,Beauty,338.15,0,1,0.1927,2539.3,1,0
ORD_102599,CUST_1661,Home & Kitchen,1916.8,0,1,0.1737,1977.6,1,0
ORD_112058,CUST_1242,Footwear,307.18,0,1,0.2889,1982.9,1,1
ORD_103304,CUST_3529,Home & Kitchen,554.72,0,0,0.3436,1190.0,6,0
ORD_107596,CUST_4575,Footwear,928.5,1,0,0.1785,2026.5,3,0
ORD_110094,CUST_2244,Apparel,433.59,0,0,0.063,2928.9,3,0
ORD_103664,CUST_2653,Footwear,3098.39,0,1,0.1662,3029.7,1,0
ORD_112286,CUST_2823,Apparel,8918.55,1,1,0.076,589.3,3,1
ORD_101407,CUST_2570,Apparel,439.3,0,1,0.3013,2362.2,1,0
ORD_100830,CUST_1234,Beauty,1288.14,0,1,0.1494,2040.6,1,0
ORD_110288,CUST_4155,Home & Kitchen,1336.24,0,1,0.3102,870.2,1,1
ORD_110317,CUST_1579,Electronics,1604.25,1,1,0.1391,942.5,6,1
ORD_109736,CUST_3838,Apparel,4496.05,0,1,0.1369,1496.3,1,1
ORD_105368,CUST_4431,Apparel,702.14,0,1,0.2827,406.2,2,1
ORD_105157,CUST_1532,Electronics,1820.57,1,0,0.1117,3167.0,1,0
ORD_105585,CUST_2424,Electronics,564.9,0,1,0.1896,350.2,1,0
ORD_103450,CUST_4298,Footwear,1455.73,0,1,0.2012,2813.9,1,0
ORD_104460,CUST_4451,Apparel,1054.75,10,0,0.2109,1551.7,1,1
ORD_111989,CUST_3291,Apparel,1865.28,10,0,0.3585,1758.4,2,0
ORD_110923,CUST_1188,Footwear,2931.4,0,1,0.1938,1670.4,1,0
ORD_113402,CUST_4224,Beauty,2131.51,3,0,0.0871,931.4,1,1
ORD_105196,CUST_1951,Beauty,2674.42,0,1,0.1581,2878.6,1,0
ORD_113186,CUST_2646,Apparel,1497.62,0,1,0.2042,3015.3,1,0
ORD_108361,CUST_2211,Footwear,1503.96,0,0,0.1376,2559.5,3,0
ORD_107001,CUST_3491,Home & Kitchen,1200.06,3,1,0.0784,2722.5,3,0
ORD_113127,CUST_3286,Apparel,382.54,1,0,0.2478,1014.2,3,0
ORD_103828,CUST_1398,Home & Kitchen,1205.88,1,1,0.0891,2650.7,1,0
ORD_100073,CUST_4417,Electronics,3277.99,0,0,0.1905,798.8,1,0
ORD_110870,CUST_4110,Home & Kitchen,637.44,0,0,0.2848,1834.7,1,0
ORD_106480,CUST_1670,Home & Kitchen,409.19,1,1,0.4904,1604.9,1,1
ORD_103161,CUST_1661,Footwear,765.67,1,0,0.1147,2211.4,1,0
ORD_113250,CUST_2702,Apparel,2467.31,3,0,0.0279,3060.7,1,0
ORD_100837,CUST_1953,Apparel,1151.15,0,1,0.2531,2274.6,3,0
ORD_105102,CUST_2855,Electronics,1555.02,3,1,0.0672,3479.8,1,0
ORD_100160,CUST_1200,Footwear,1608.29,0,1,0.2376,1505.8,1,1
ORD_104388,CUST_4940,Apparel,1440.68,3,0,0.426,287.3,1,0
ORD_111184,CUST_2600,Apparel,726.08,0,1,0.2135,3264.3,1,0
ORD_108940,CUST_1790,Apparel,1022.4,0,0,0.2489,1601.0,12,0
ORD_111088,CUST_3624,Electronics,809.03,0,0,0.2295,1505.6,1,0
ORD_101726,CUST_3626,Apparel,2248.74,0,1,0.4906,1212.8,12,1
ORD_102951,CUST_1406,Footwear,1760.21,3,1,0.2521,3466.6,1,0
ORD_114882,CUST_3392,Home & Kitchen,534.94,0,0,0.2538,1323.8,1,0
ORD_114958,CUST_2996,Electronics,836.93,3,1,0.0722,535.1,1,0
ORD_104313,CUST_4693,Apparel,336.2,1,1,0.0736,620.0,6,1
ORD_104670,CUST_2591,Apparel,653.28,0,1,0.0927,303.1,1,0
ORD_102100,CUST_4415,Footwear,1654.7,0,1,0.1974,1385.9,2,1
ORD_112581,CUST_3696,Footwear,487.95,0,1,0.1195,419.6,3,0
ORD_101620,CUST_1954,Beauty,1620.95,3,0,0.2129,2144.4,3,1
ORD_102621,CUST_2977,Home & Kitchen,1609.05,0,1,0.0891,2931.1,12,0
ORD_102541,CUST_2439,Apparel,1106.24,1,0,0.3262,2167.2,12,1
ORD_112882,CUST_4440,Apparel,644.97,7,1,0.3205,506.1,1,1
ORD_104772,CUST_2439,Home & Kitchen,438.19,0,1,0.0655,2697.6,1,0
ORD_114009,CUST_2276,Beauty,1850.58,10,1,0.1969,1517.9,2,0
ORD_113837,CUST_1718,Footwear,886.71,2,0,0.332,1476.4,1,0
ORD_108352,CUST_1380,Footwear,747.02,1,1,0.0608,713.7,1,0
ORD_100115,CUST_2016,Electronics,770.29,3,0,0.0477,2048.9,1,1
ORD_105639,CUST_2920,Footwear,1172.58,0,1,0.0801,1285.5,3,0
ORD_111136,CUST_3441,Footwear,2417.34,0,1,0.265,260.2,1,1
ORD_108584,CUST_3999,Beauty,1714.48,2,0,0.2131,3342.4,1,1
ORD_110058,CUST_3591,Electronics,866.49,3,1,0.1108,498.6,1,0
ORD_111562,CUST_4514,Electronics,527.46,0,0,0.0666,684.7,12,0
ORD_105273,CUST_3151,Home & Kitchen,1186.12,0,0,0.2437,323.2,1,0
ORD_102728,CUST_4019,Apparel,596.67,2,1,0.0796,753.3,1,0
ORD_113264,CUST_1545,Home & Kitchen,1713.12,0,1,0.3461,315.1,1,1
ORD_107359,CUST_1249,Footwear,487.77,2,0,0.1546,2368.7,1,0
ORD_113490,CUST_1002,Home & Kitchen,1120.84,0,1,0.2294,1037.0,12,0
ORD_101839,CUST_4045,Electronics,4063.93,3,1,0.1871,2177.5,1,1
ORD_112574,CUST_2524,Home & Kitchen,382.12,0,1,0.0367,670.1,6,0
ORD_104296,CUST_2682,Apparel,1572.48,0,1,0.111,2520.9,6,0
ORD_103397,CUST_2764,Footwear,871.81,0,0,0.3072,2581.5,1,0
ORD_103393,CUST_3139,Beauty,4847.85,0,0,0.0802,666.0,3,0
ORD_111725,CUST_3784,Electronics,687.1,0,0,0.531,636.7,3,0
ORD_114303,CUST_2088,Footwear,8963.8,0,1,0.1777,813.8,1,0
ORD_102305,CUST_2435,Beauty,1136.56,0,0,0.0315,3318.9,1,0
ORD_110592,CUST_2643,Apparel,916.08,0,1,0.27,2897.9,1,0
ORD_111318,CUST_4533,Apparel,1966.3,4,1,0.0662,2347.4,1,1
ORD_108762,CUST_1681,Footwear,473.68,0,0,0.5463,2798.0,6,1
ORD_105928,CUST_2415,Footwear,630.47,0,0,0.1084,227.0,1,1
ORD_104876,CUST_4802,Electronics,1810.22,3,0,0.3595,1825.5,1,0
ORD_102279,CUST_2985,Home & Kitchen,4716.46,0,1,0.2467,1561.5,1,0
ORD_112104,CUST_2738,Apparel,800.96,5,1,0.0776,2560.9,2,0
ORD_106187,CUST_4074,Electronics,2082.54,1,1,0.2389,2008.0,1,0
ORD_111203,CUST_2487,Footwear,322.67,0,1,0.1531,729.9,3,0
ORD_104477,CUST_1700,Apparel,2223.21,1,1,0.3553,671.6,1,1
ORD_101764,CUST_3747,Apparel,460.15,2,1,0.2165,374.2,1,0
ORD_110515,CUST_3480,Apparel,1972.03,0,0,0.3072,834.6,2,1
ORD_111454,CUST_1701,Footwear,421.49,0,1,0.3118,2595.8,2,1
ORD_101878,CUST_1028,Apparel,555.49,0,1,0.1233,2026.0,6,0
ORD_102177,CUST_2290,Footwear,634.24,3,1,0.2839,1045.3,2,0
ORD_105773,CUST_1508,Electronics,506.62,2,0,0.16,1996.6,6,0
ORD_102447,CUST_2259,Home & Kitchen,2885.7,0,1,0.3175,1806.9,1,1
ORD_107713,CUST_2960,Home & Kitchen,3028.12,1,1,0.3321,1876.7,3,1
ORD_106492,CUST_3361,Home & Kitchen,830.04,0,0,0.0611,2996.7,1,0
ORD_110101,CUST_2510,Electronics,4427.45,3,0,0.0581,251.0,1,0
ORD_106417,CUST_3989,Electronics,503.74,4,1,0.0887,2924.5,2,0
ORD_103134,CUST_4610,Apparel,790.97,0,0,0.1768,1133.3,6,1
ORD_103767,CUST_1335,Home & Kitchen,5042.88,2,1,0.3043,1454.0,1,0
ORD_101601,CUST_1116,Apparel,848.77,3,1,0.3025,1115.9,3,0
ORD_114400,CUST_1463,Home & Kitchen,2002.21,1,0,0.3226,717.5,6,0
ORD_110407,CUST_2410,Footwear,1210.73,0,1,0.1019,1848.8,1,0
ORD_109906,CUST_2865,Apparel,784.4,0,1,0.2528,3216.2,2,0
ORD_102618,CUST_3909,Home & Kitchen,2335.63,0,0,0.1026,783.8,1,0
ORD_110730,CUST_1969,Apparel,3606.13,3,1,0.1647,2392.9,3,0
ORD_105982,CUST_2437,Home & Kitchen,2871.18,1,0,0.15,2478.3,6,0
ORD_101656,CUST_1326,Footwear,1434.59,3,1,0.1313,3135.9,6,0
ORD_114326,CUST_4486,Electronics,1971.87,1,1,0.1559,471.7,1,1
ORD_101865,CUST_3681,Footwear,1665.41,0,0,0.0687,2803.0,3,0
ORD_108551,CUST_2923,Home & Kitchen,969.3,0,1,0.2444,444.7,1,1
ORD_100620,CUST_3849,Apparel,649.39,3,1,0.0938,3351.9,1,0
ORD_103267,CUST_1072,Electronics,2934.46,2,0,0.1333,2331.1,12,0
ORD_104475,CUST_2712,Electronics,1339.06,4,1,0.0444,3048.2,1,0
ORD_110453,CUST_1573,Footwear,1492.43,2,1,0.048,944.8,1,0
ORD_106493,CUST_2892,Apparel,1048.09,1,1,0.1849,725.5,6,0
ORD_102158,CUST_3466,Home & Kitchen,1585.61,5,1,0.2937,2848.5,3,0
ORD_111950,CUST_3555,Electronics,947.56,1,1,0.1956,829.0,1,0
ORD_108198,CUST_1652,Apparel,1151.62,1,0,0.183,365.9,1,0
ORD_102160,CUST_1849,Electronics,1318.53,0,1,0.0982,2161.2,1,0
ORD_108730,CUST_2944,Footwear,7441.82,0,0,0.0949,2507.7,1,0
ORD_107283,CUST_3947,Home & Kitchen,401.05,0,0,0.1303,2300.0,1,0
ORD_104440,CUST_3007,Home & Kitchen,3112.85,10,1,0.0206,2162.3,3,1
ORD_110896,CUST_2728,Apparel,1831.79,0,1,0.0791,3486.0,1,0
ORD_104263,CUST_2336,Apparel,643.76,1,0,0.127,1367.3,1,0
ORD_113873,CUST_4175,Footwear,653.58,5,0,0.1205,3189.3,6,0
ORD_114984,CUST_4148,Electronics,1494.12,0,1,0.3324,2711.6,1,0
ORD_108707,CUST_2191,Apparel,5318.39,1,1,0.1241,1000.7,1,0
ORD_103375,CUST_1819,Home & Kitchen,540.07,1,0,0.3202,490.6,1,1
ORD_108833,CUST_2761,Footwear,1217.49,0,0,0.0573,757.4,1,0
ORD_112126,CUST_3652,Apparel,7466.96,2,1,0.444,926.1,1,1
ORD_102636,CUST_1607,Electronics,1329.68,0,0,0.1551,1499.8,1,0
ORD_110190,CUST_4134,Footwear,372.36,3,0,0.2598,488.2,1,0
ORD_113751,CUST_2598,Footwear,1848.94,3,1,0.1012,934.7,1,0
ORD_104988,CUST_2146,Home & Kitchen,362.92,0,1,0.0863,175.3,1,0
ORD_101126,CUST_4472,Electronics,784.28,1,1,0.2641,650.6,1,0
ORD_109963,CUST_3305,Footwear,309.09,0,1,0.1087,3494.4,3,0
ORD_104936,CUST_1018,Beauty,730.07,5,1,0.4318,1359.6,1,0
ORD_106937,CUST_4373,Home & Kitchen,780.24,0,0,0.1711,624.5,1,0
ORD_114429,CUST_3646,Footwear,729.52,1,1,0.0614,1532.5,1,0
ORD_111638,CUST_4394,Apparel,529.86,1,0,0.1459,1164.2,3,0
ORD_111138,CUST_1977,Apparel,384.08,0,0,0.1734,2818.8,1,0
ORD_110855,CUST_3785,Apparel,638.01,0,1,0.1676,2740.8,6,0
ORD_114086,CUST_2715,Electronics,3021.48,2,0,0.3347,1096.7,1,0
ORD_111837,CUST_2773,Electronics,4178.77,0,1,0.0376,1761.5,3,0
ORD_109707,CUST_4993,Home & Kitchen,1076.99,0,1,0.1737,1765.8,1,0
ORD_104003,CUST_3657,Apparel,1306.33,4,0,0.2199,2718.0,6,0
ORD_103440,CUST_1628,Home & Kitchen,583.81,0,1,0.22,365.6,3,0
ORD_109376,CUST_4986,Footwear,983.57,0,1,0.3643,1365.7,6,1
ORD_113956,CUST_1350,Apparel,1157.75,0,1,0.2684,3418.0,3,0
ORD_103257,CUST_4229,Apparel,1088.51,7,0,0.1629,2309.1,3,0
ORD_110654,CUST_2552,Footwear,2170.59,0,0,0.0339,2819.8,2,0
ORD_101411,CUST_3965,Electronics,1814.96,4,1,0.4389,2560.1,1,0
ORD_105644,CUST_1039,Electronics,872.85,2,0,0.3756,2275.1,3,1
ORD_103791,CUST_1541,Home & Kitchen,923.07,1,0,0.3619,1818.3,12,0
ORD_108662,CUST_2784,Apparel,3130.98,0,1,0.2224,236.2,1,0
ORD_104792,CUST_3530,Electronics,2519.29,0,1,0.0994,2148.7,6,0
ORD_111794,CUST_4279,Apparel,619.14,2,0,0.3159,1120.7,2,1
ORD_103174,CUST_3493,Electronics,1236.48,1,0,0.2277,3187.3,1,0
ORD_113954,CUST_3836,Electronics,2786.06,0,0,0.2982,1221.6,1,0
ORD_104556,CUST_2681,Footwear,766.96,0,0,0.1163,1428.2,1,0
ORD_106846,CUST_2828,Footwear,583.58,0,0,0.1489,2350.2,3,0
ORD_102735,CUST_4192,Apparel,887.4,4,0,0.0914,2070.4,1,0
ORD_109147,CUST_2384,Apparel,1133.62,1,1,0.3379,3254.0,1,1
ORD_103699,CUST_3278,Footwear,2499.85,1,1,0.1607,1341.0,1,0
ORD_101443,CUST_4762,Footwear,1520.22,0,1,0.1416,3246.7,12,0
ORD_100778,CUST_3109,Electronics,1735.08,1,0,0.1454,1911.9,6,1
ORD_100606,CUST_1740,Electronics,3082.01,3,1,0.1657,1802.3,1,0
ORD_104399,CUST_1481,Footwear,334.16,0,1,0.2969,2752.0,12,1
ORD_106448,CUST_1220,Electronics,683.6,4,1,0.166,609.3,1,0
ORD_111721,CUST_2049,Footwear,755.91,2,0,0.2354,2722.0,1,0
ORD_108483,CUST_1721,Electronics,1547.33,0,1,0.3576,376.6,1,0
ORD_103542,CUST_4291,Apparel,2072.37,2,1,0.2381,2012.7,1,0
ORD_106864,CUST_4339,Apparel,3007.58,1,0,0.2044,2091.7,1,0
ORD_102983,CUST_4215,Apparel,430.18,0,1,0.1227,412.0,1,0
ORD_112527,CUST_3908,Apparel,452.59,0,1,0.1636,3292.8,1,1
ORD_105708,CUST_4256,Electronics,1702.02,1,1,0.1881,3327.5,1,0
ORD_101625,CUST_1663,Footwear,300.31,2,0,0.4226,2978.2,12,1
ORD_103651,CUST_2486,Apparel,612.47,1,1,0.0401,2620.6,1,0
ORD_106272,CUST_3700,Beauty,1398.28,4,1,0.1944,2672.6,1,0
ORD_112396,CUST_2438,Home & Kitchen,1440.45,0,1,0.1854,1420.9,1,1
ORD_100257,CUST_4748,Apparel,2857.31,0,0,0.1339,794.9,1,0
ORD_106502,CUST_4426,Apparel,372.99,1,1,0.1446,2301.9,1,0
ORD_100345,CUST_1488,Footwear,599.12,0,1,0.0945,2711.7,1,0
ORD_103845,CUST_1972,Apparel,332.37,0,1,0.1302,378.1,1,0
ORD_114663,CUST_3944,Footwear,7276.96,0,0,0.1593,713.5,1,0
ORD_110798,CUST_3180,Electronics,552.82,0,1,0.0468,3150.8,2,0
ORD_107767,CUST_1826,Apparel,8350.08,7,0,0.2092,2392.0,1,1
ORD_103322,CUST_4603,Footwear,373.98,4,1,0.2219,1603.7,1,1
ORD_110184,CUST_4592,Apparel,1143.81,1,0,0.1278,2667.9,1,1
ORD_105632,CUST_4565,Apparel,320.83,1,0,0.2097,1854.7,1,0
ORD_107470,CUST_3749,Beauty,1188.54,1,1,0.2095,2848.8,1,0
ORD_110467,CUST_1428,Footwear,299.98,0,1,0.4145,2243.6,3,1
ORD_103826,CUST_2070,Footwear,2471.96,0,0,0.1207,2749.3,2,1
ORD_111263,CUST_4145,Apparel,2614.31,1,0,0.3627,2023.3,1,1
ORD_113528,CUST_3698,Electronics,698.07,1,1,0.1626,2948.5,1,0
ORD_107053,CUST_3655,Apparel,801.84,0,1,0.2242,1350.9,1,0
ORD_108747,CUST_4534,Electronics,599.96,1,0,0.4683,238.8,1,0
ORD_109335,CUST_4440,Apparel,1449.23,2,0,0.1146,1101.6,2,0
ORD_112339,CUST_4023,Beauty,484.92,2,1,0.2114,803.4,3,0
ORD_106773,CUST_2749,Apparel,1370.81,2,0,0.2307,3368.0,3,0
ORD_108564,CUST_3381,Apparel,307.12,0,1,0.2372,1395.7,3,1
ORD_106175,CUST_4285,Apparel,908.42,0,0,0.1601,2461.3,6,1
ORD_112207,CUST_2064,Footwear,2062.13,0,1,0.2805,795.3,1,0
ORD_105209,CUST_2827,Apparel,703.02,0,0,0.1132,2360.1,1,0
ORD_108709,CUST_1293,Electronics,1405.85,0,1,0.0819,2793.4,1,0
ORD_105117,CUST_3958,Beauty,2375.9,10,0,0.24,2924.7,1,0
ORD_114188,CUST_1138,Footwear,2088.88,0,0,0.1799,2525.1,1,1
ORD_105874,CUST_1112,Home & Kitchen,532.93,0,0,0.097,1935.2,1,0
ORD_106945,CUST_4199,Home & Kitchen,1317.95,0,1,0.2677,681.6,3,0
ORD_106381,CUST_4278,Beauty,2266.78,0,0,0.206,2919.6,1,0
ORD_112709,CUST_1889,Electronics,1128.42,5,1,0.1001,3116.9,12,0
ORD_106093,CUST_1943,Home & Kitchen,423.67,0,1,0.1737,2438.6,1,1
ORD_107132,CUST_1912,Apparel,941.06,2,0,0.2368,2078.6,1,0
ORD_104562,CUST_1593,Apparel,299.15,0,1,0.2421,1192.9,1,1
ORD_108219,CUST_1298,Home & Kitchen,326.18,0,1,0.2026,1379.3,1,0
ORD_114900,CUST_1945,Footwear,752.68,0,1,0.2392,989.2,2,0
ORD_111644,CUST_4670,Footwear,1788.86,0,1,0.2313,1250.9,1,0
ORD_108392,CUST_2436,Apparel,863.1,0,1,0.1836,346.6,1,1
ORD_112187,CUST_2618,Electronics,419.59,1,0,0.2124,960.3,1,0
ORD_100153,CUST_2796,Footwear,906.87,0,1,0.0984,1066.1,2,0
ORD_104050,CUST_3651,Apparel,1404.34,2,1,0.2011,2883.5,1,0
ORD_103078,CUST_2546,Apparel,2875.71,7,1,0.2741,2360.4,1,1
ORD_104094,CUST_4668,Apparel,3630.72,0,0,0.1897,1496.2,1,0
ORD_108207,CUST_3924,Apparel,1240.65,1,0,0.2323,2904.4,2,0
ORD_104653,CUST_4146,Beauty,1215.31,1,1,0.1758,379.6,1,0
ORD_106973,CUST_1971,Footwear,1524.13,2,1,0.1794,2595.3,6,1
ORD_107256,CUST_1976,Apparel,309.64,0,0,0.016,3062.9,1,0
ORD_105211,CUST_4074,Home & Kitchen,1129.45,0,0,0.2839,3019.8,3,0
ORD_102970,CUST_2357,Beauty,2599.08,0,1,0.2083,3153.2,1,0
ORD_109064,CUST_4183,Home & Kitchen,1091.23,0,1,0.2158,194.8,1,0
ORD_102054,CUST_4487,Footwear,1128.82,5,1,0.0585,3184.8,12,0
ORD_107585,CUST_1135,Footwear,979.9,0,0,0.0642,1771.0,1,0
ORD_103378,CUST_1419,Electronics,386.8,3,1,0.1388,2712.6,2,0
ORD_106051,CUST_1689,Apparel,1996.27,0,1,0.0754,3456.0,1,1
ORD_111557,CUST_1802,Footwear,627.4,0,0,0.2766,2688.9,1,1
ORD_108029,CUST_4356,Apparel,1280.87,0,0,0.0883,2495.2,1,0
ORD_114948,CUST_3389,Electronics,327.27,2,0,0.018,3131.7,1,0
ORD_112746,CUST_2866,Beauty,3183.14,2,0,0.1489,256.1,1,0
ORD_102570,CUST_1013,Beauty,613.52,2,0,0.1239,2946.2,1,0
ORD_112530,CUST_2625,Electronics,2003.23,1,1,0.1209,3021.7,1,0
ORD_102561,CUST_4385,Apparel,892.74,3,1,0.134,2100.3,1,0
ORD_106358,CUST_1855,Apparel,1247.15,0,1,0.3248,2862.3,1,0
ORD_108037,CUST_1279,Home & Kitchen,2114.54,5,1,0.2539,1708.7,1,0
ORD_113194,CUST_3367,Apparel,3144.2,0,0,0.061,934.9,1,0
ORD_100499,CUST_3613,Electronics,734.32,1,0,0.0497,579.4,1,0
ORD_103453,CUST_2459,Apparel,886.49,0,0,0.2421,1759.1,1,0
ORD_107811,CUST_4364,Electronics,455.73,2,1,0.2285,2425.1,1,1
ORD_111698,CUST_1616,Home & Kitchen,493.94,5,0,0.3104,1600.7,1,0
ORD_107319,CUST_1270,Apparel,322.58,0,0,0.0454,1317.0,3,0
ORD_106389,CUST_3072,Apparel,3615.95,0,1,0.2406,1221.3,1,1
ORD_112020,CUST_4906,Apparel,2258.39,2,1,0.2269,2616.6,1,0
ORD_114774,CUST_3630,Footwear,2244.69,1,1,0.3371,1856.3,1,1
ORD_114267,CUST_2975,Apparel,761.87,2,0,0.1957,1854.8,1,0
ORD_107754,CUST_1490,Electronics,564.13,0,0,0.3903,3482.9,1,0
ORD_100560,CUST_3361,Electronics,980.62,1,1,0.6527,1591.6,3,1
ORD_101519,CUST_3674,Beauty,1208.38,0,0,0.1498,2370.8,1,0
ORD_105511,CUST_4326,Beauty,1374.59,1,1,0.1282,1543.6,3,1
ORD_113354,CUST_3567,Apparel,301.25,4,1,0.0605,550.2,1,0
ORD_113435,CUST_1826,Apparel,1296.08,0,0,0.353,479.4,1,1
ORD_100896,CUST_2384,Home & Kitchen,3628.74,4,0,0.3748,850.8,1,1
ORD_108998,CUST_3992,Electronics,878.99,2,0,0.0701,1309.0,1,0
ORD_106338,CUST_1448,Beauty,1334.27,0,1,0.0855,1500.8,3,0
ORD_108806,CUST_2191,Footwear,1374.37,0,0,0.0578,1398.3,1,0
ORD_106887,CUST_1563,Apparel,445.54,0,0,0.3262,3059.4,1,0
ORD_114121,CUST_3120,Footwear,339.66,3,1,0.1096,3315.5,1,0
ORD_109185,CUST_4672,Footwear,772.9,1,1,0.0669,2830.3,2,1
ORD_104408,CUST_3379,Electronics,2088.22,3,1,0.1821,3146.4,6,0
ORD_104450,CUST_4736,Electronics,3592.51,1,0,0.3334,1891.6,1,0
ORD_114987,CUST_3094,Apparel,1378.34,1,1,0.1231,3431.3,1,0
ORD_102993,CUST_1349,Apparel,337.0,0,1,0.0395,421.0,1,0
ORD_110424,CUST_2207,Apparel,1445.72,1,1,0.1587,1456.2,1,0
ORD_113901,CUST_2843,Apparel,3937.78,1,0,0.3405,2645.8,1,0
ORD_114436,CUST_2485,Beauty,614.5,1,1,0.216,416.5,2,0
ORD_107151,CUST_2490,Home & Kitchen,935.72,0,0,0.0839,2888.4,3,0
ORD_114065,CUST_1270,Electronics,751.61,0,0,0.3261,157.5,2,0
ORD_114051,CUST_3586,Apparel,2294.08,0,1,0.059,1236.5,1,0
ORD_100338,CUST_2986,Footwear,2142.87,0,0,0.0435,573.0,1,1
ORD_112155,CUST_4364,Beauty,1305.63,2,1,0.2508,2805.6,1,1
ORD_104734,CUST_3217,Apparel,1428.29,0,1,0.3759,2247.4,1,1
ORD_101394,CUST_4677,Footwear,1078.09,0,1,0.0862,2067.2,1,0
ORD_100474,CUST_4963,Apparel,1210.16,0,0,0.1001,1474.0,2,0
ORD_107838,CUST_4012,Apparel,1238.38,3,1,0.5768,1530.0,1,1
ORD_110059,CUST_3830,Footwear,806.86,1,1,0.2722,2038.5,1,1
ORD_103825,CUST_2775,Apparel,1136.23,1,0,0.4635,330.8,2,1
ORD_111690,CUST_2700,Home & Kitchen,2585.48,0,1,0.3394,805.6,3,0
ORD_111711,CUST_2043,Footwear,2655.06,0,0,0.1471,2571.7,1,1
ORD_113269,CUST_1742,Apparel,374.37,0,1,0.3881,3173.9,1,0
ORD_104940,CUST_1112,Apparel,342.85,0,1,0.061,1628.4,1,0
ORD_112551,CUST_4498,Beauty,2000.74,4,0,0.0895,2993.0,1,1
ORD_102309,CUST_3084,Apparel,899.28,0,0,0.2532,2279.3,1,0
ORD_110316,CUST_2140,Electronics,409.47,0,1,0.0412,1839.9,1,0
ORD_101461,CUST_2970,Electronics,1445.39,1,1,0.2065,157.4,1,1
ORD_112247,CUST_4893,Electronics,2240.5,0,0,0.1111,3118.5,1,0
ORD_100142,CUST_3695,Footwear,507.43,0,1,0.321,1252.3,1,1
ORD_107071,CUST_1826,Beauty,587.58,2,0,0.2195,1677.2,1,0
ORD_104305,CUST_3903,Apparel,1562.92,3,0,0.0412,1139.2,2,0
ORD_102572,CUST_4025,Electronics,2104.17,1,1,0.4542,2302.6,1,1
ORD_113618,CUST_2294,Apparel,778.76,0,1,0.1646,2674.0,1,0
ORD_108368,CUST_1729,Beauty,527.98,3,0,0.2513,2824.0,2,0
ORD_106564,CUST_4389,Home & Kitchen,1934.3,3,1,0.0024,2468.8,1,0
ORD_104629,CUST_2461,Beauty,3186.55,0,1,0.0858,1393.4,1,0
ORD_106639,CUST_3378,Apparel,1211.72,2,0,0.425,2348.1,1,1
ORD_101045,CUST_2168,Footwear,2927.33,0,1,0.2458,1421.6,1,0
ORD_103299,CUST_2960,Electronics,3603.45,0,0,0.0603,2213.0,1,0
ORD_114526,CUST_2594,Electronics,816.56,1,1,0.0432,1800.1,1,0
ORD_102754,CUST_2939,Electronics,1075.62,1,1,0.3575,2868.3,1,1
ORD_100634,CUST_1580,Apparel,425.26,3,0,0.3693,2401.7,1,0
ORD_107835,CUST_1223,Electronics,361.28,0,0,0.2742,3134.3,1,0
ORD_102682,CUST_2851,Home & Kitchen,1052.41,0,0,0.1007,3455.9,1,0
ORD_102468,CUST_1273,Home & Kitchen,596.67,3,1,0.3101,2693.8,3,0
ORD_109661,CUST_3915,Apparel,584.96,0,1,0.3326,1323.0,1,0
ORD_110401,CUST_2628,Electronics,1550.27,0,1,0.1629,1331.9,1,0
ORD_100970,CUST_1739,Electronics,1067.9,0,0,0.0934,1606.1,3,0
ORD_109519,CUST_4698,Footwear,335.16,0,0,0.055,2652.2,1,0
ORD_107877,CUST_4748,Home & Kitchen,1122.8,7,1,0.3423,822.7,1,1
ORD_109862,CUST_3699,Footwear,1675.37,2,1,0.1846,2968.1,1,0
ORD_111057,CUST_4144,Home & Kitchen,1409.31,3,1,0.2917,806.6,3,0
ORD_104685,CUST_4546,Apparel,507.36,4,0,0.3834,2802.9,3,0
ORD_106545,CUST_1954,Footwear,413.82,0,1,0.0241,1893.3,1,0
ORD_113147,CUST_1380,Apparel,3491.08,3,0,0.2556,801.3,1,1
ORD_107521,CUST_3832,Footwear,2079.31,1,1,0.1295,1229.6,3,0
ORD_111399,CUST_3173,Apparel,502.94,2,1,0.1898,2454.2,2,0
ORD_101485,CUST_4482,Footwear,323.33,0,1,0.2254,819.6,1,0
ORD_107714,CUST_2048,Apparel,1267.95,2,1,0.1888,783.8,12,0
ORD_111909,CUST_3273,Beauty,683.05,2,0,0.021,2829.2,1,0
ORD_106579,CUST_3015,Beauty,1809.68,2,0,0.1818,570.4,1,1
ORD_108378,CUST_4836,Footwear,730.97,7,0,0.1833,1724.1,3,0
ORD_104759,CUST_4560,Apparel,2085.21,0,0,0.2934,3039.3,1,0
ORD_110487,CUST_1779,Footwear,626.99,10,0,0.1225,3314.1,1,0
ORD_107369,CUST_4972,Footwear,2044.76,4,0,0.0936,3151.7,1,1
ORD_105984,CUST_3849,Electronics,2573.09,1,1,0.2118,1900.6,1,0
ORD_109213,CUST_3640,Footwear,1332.91,1,0,0.1816,3220.7,1,1
ORD_104063,CUST_2783,Footwear,315.73,1,1,0.2999,2289.9,2,0
ORD_107112,CUST_4350,Footwear,3178.22,2,0,0.2383,2917.3,1,0
ORD_104779,CUST_1382,Footwear,1161.69,0,1,0.1017,425.9,1,0
ORD_111978,CUST_2636,Footwear,674.14,2,0,0.1038,2285.4,1,0
ORD_103747,CUST_3023,Footwear,1021.35,1,0,0.423,720.3,3,0
ORD_114196,CUST_1567,Footwear,335.9,0,0,0.2316,2870.6,1,0
ORD_109469,CUST_4201,Apparel,324.09,0,1,0.1455,2552.8,1,0
ORD_104317,CUST_2298,Apparel,777.12,3,1,0.1246,2116.1,2,0
ORD_113608,CUST_3651,Electronics,1327.29,0,1,0.121,2571.9,1,0
ORD_105458,CUST_2624,Beauty,1440.08,4,1,0.0935,2136.0,2,1
ORD_110256,CUST_4438,Home & Kitchen,1370.43,0,1,0.1624,1364.0,1,0
ORD_107500,CUST_2083,Footwear,1291.28,1,0,0.2974,1642.6,1,1
ORD_107454,CUST_3432,Beauty,3661.38,1,1,0.3241,1363.7,1,1
ORD_112432,CUST_4363,Beauty,649.19,0,1,0.2282,376.7,1,0
ORD_108696,CUST_3938,Apparel,391.88,0,1,0.1006,254.1,3,0
ORD_105651,CUST_3583,Beauty,471.56,2,0,0.1355,813.9,1,0
ORD_114102,CUST_1324,Footwear,472.9,4,1,0.283,2264.9,1,0
ORD_105066,CUST_2494,Home & Kitchen,398.77,0,0,0.442,539.6,1,0
ORD_102509,CUST_3272,Home & Kitchen,1856.42,3,1,0.0609,3170.2,1,1
ORD_103374,CUST_2403,Electronics,1319.11,10,1,0.2706,2124.3,1,0
ORD_108682,CUST_4734,Footwear,3215.77,1,0,0.4047,2038.8,3,1
ORD_110100,CUST_1218,Footwear,1011.27,0,1,0.1443,2071.7,1,0
ORD_104391,CUST_4060,Apparel,1285.65,2,0,0.0283,1447.8,1,0
ORD_114466,CUST_1022,Beauty,1178.82,1,0,0.3898,3385.7,1,0
ORD_103654,CUST_2067,Home & Kitchen,718.44,0,1,0.0661,2959.4,1,0
ORD_110251,CUST_1688,Home & Kitchen,4213.33,2,1,0.2104,373.5,2,1
ORD_112113,CUST_2386,Footwear,1206.07,2,0,0.1338,833.7,1,0
ORD_108451,CUST_4494,Footwear,3179.73,0,1,0.1596,1486.4,2,0
ORD_105302,CUST_3420,Apparel,1484.45,1,1,0.0739,789.8,1,0
ORD_105742,CUST_4907,Beauty,2397.23,1,1,0.2266,1156.7,1,0
ORD_109045,CUST_4553,Home & Kitchen,1927.73,1,1,0.0222,600.7,1,0
ORD_107090,CUST_1524,Apparel,1967.22,0,1,0.1396,2388.3,1,0
ORD_113050,CUST_2359,Beauty,336.58,0,1,0.048,2133.7,1,0
ORD_111818,CUST_2176,Home & Kitchen,965.5,1,1,0.0429,2452.1,6,1
ORD_114568,CUST_3588,Electronics,1536.49,0,0,0.1377,2830.5,1,0
ORD_114998,CUST_2180,Footwear,4191.24,1,1,0.2619,910.0,6,0
ORD_112641,CUST_3362,Beauty,334.7,0,1,0.1458,2614.8,12,1
ORD_111712,CUST_4326,Home & Kitchen,1698.34,4,1,0.0808,2671.0,1,0
ORD_104244,CUST_3248,Apparel,679.31,3,0,0.1122,1023.6,1,1
ORD_103183,CUST_4719,Apparel,299.23,0,1,0.3871,2461.0,3,0
ORD_101678,CUST_1768,Home & Kitchen,1814.88,0,0,0.2217,3143.0,6,0
ORD_108964,CUST_3918,Home & Kitchen,773.85,0,0,0.0465,3229.5,1,0
ORD_102684,CUST_2646,Beauty,882.34,0,1,0.2476,2695.0,1,0
ORD_103605,CUST_1685,Apparel,955.94,0,0,0.3743,185.8,1,1
ORD_114804,CUST_4919,Home & Kitchen,1622.87,0,0,0.2747,3483.0,1,0
ORD_101145,CUST_4734,Apparel,2046.05,0,1,0.1291,717.2,2,1
ORD_107060,CUST_3232,Home & Kitchen,1618.81,0,1,0.2253,1220.0,1,1
ORD_104560,CUST_3686,Apparel,1121.88,3,1,0.1935,688.6,1,0
ORD_111825,CUST_3445,Footwear,1339.93,2,1,0.2033,2133.4,1,0
ORD_101283,CUST_4391,Footwear,627.7,1,0,0.0986,1034.2,6,0
ORD_109961,CUST_1288,Home & Kitchen,3032.31,0,0,0.4739,1364.8,1,0
ORD_106023,CUST_3028,Electronics,326.19,1,0,0.3881,3199.4,1,0
ORD_104035,CUST_3324,Footwear,1066.69,1,1,0.0945,2968.8,2,0
ORD_111396,CUST_2538,Footwear,3275.06,0,0,0.0618,548.0,1,0
ORD_112590,CUST_2543,Footwear,1464.7,2,1,0.0678,2566.8,1,1
ORD_107828,CUST_2683,Home & Kitchen,394.29,2,1,0.1705,3416.6,1,1
ORD_102566,CUST_4198,Apparel,418.91,3,1,0.1683,1089.0,1,0
ORD_101662,CUST_3482,Electronics,2182.41,0,1,0.1452,1513.5,1,0
ORD_100603,CUST_2081,Beauty,783.59,4,0,0.1668,1042.8,1,0
ORD_114054,CUST_2717,Footwear,1114.42,2,0,0.2999,2150.3,1,1
ORD_101059,CUST_2823,Apparel,2203.96,0,1,0.1313,356.9,1,0
ORD_113888,CUST_4593,Electronics,317.56,3,0,0.0938,1819.7,1,0
ORD_100452,CUST_3926,Home & Kitchen,2495.14,1,1,0.2909,3098.1,2,0
ORD_100164,CUST_4104,Apparel,1480.17,3,1,0.2576,2546.7,1,1
ORD_107331,CUST_1139,Apparel,732.51,1,1,0.2992,261.6,6,0
ORD_106881,CUST_3323,Apparel,426.05,0,0,0.1419,2162.8,1,0
ORD_108859,CUST_2657,Footwear,2167.83,0,0,0.3077,796.7,6,0
ORD_114572,CUST_3498,Beauty,1231.79,1,0,0.1175,1168.7,12,0
ORD_106497,CUST_3854,Home & Kitchen,909.52,0,1,0.2197,641.1,1,0
ORD_113219,CUST_1168,Apparel,1430.36,1,0,0.0405,2102.5,2,0
ORD_112053,CUST_1100,Footwear,600.24,0,0,0.3099,1765.9,1,1
ORD_100844,CUST_2676,Apparel,3444.23,0,1,0.0858,1613.0,6,0
ORD_100485,CUST_1992,Footwear,1806.78,1,0,0.1243,2952.4,1,1
ORD_110835,CUST_4372,Beauty,1427.06,1,1,0.2696,344.1,1,0
ORD_106681,CUST_4486,Home & Kitchen,1916.29,10,1,0.1914,207.6,1,0
ORD_114607,CUST_3764,Home & Kitchen,4402.42,0,0,0.1374,1248.1,2,1
ORD_110780,CUST_2093,Footwear,436.49,0,1,0.3635,1230.3,2,1
ORD_110349,CUST_1068,Home & Kitchen,1043.14,1,1,0.0537,1098.3,1,0
ORD_114445,CUST_1687,Home & Kitchen,1233.21,3,0,0.1025,1918.0,1,0
ORD_102408,CUST_1791,Electronics,2656.45,0,1,0.0501,1771.0,3,1
ORD_105318,CUST_4116,Electronics,2293.39,0,0,0.1946,2227.5,1,1
ORD_103491,CUST_4244,Apparel,816.57,1,1,0.2696,2904.5,2,0
ORD_112602,CUST_3208,Apparel,435.33,1,1,0.193,650.4,3,1
ORD_103563,CUST_1118,Home & Kitchen,1429.14,2,1,0.1168,2869.1,1,0
ORD_105707,CUST_1205,Apparel,586.32,0,0,0.3306,704.2,1,0
ORD_100847,CUST_2416,Apparel,1074.62,0,0,0.163,1360.4,1,0
ORD_109434,CUST_2861,Footwear,1566.32,0,1,0.1822,3121.2,6,0
ORD_114444,CUST_4870,Beauty,2855.77,7,0,0.3921,2140.7,6,1
ORD_113350,CUST_2932,Apparel,477.75,0,0,0.1597,1766.3,1,1
ORD_101083,CUST_1623,Electronics,669.56,0,1,0.4977,1680.0,1,0
ORD_108420,CUST_1254,Footwear,1448.94,2,1,0.0589,2388.8,1,0
ORD_110412,CUST_1551,Beauty,5407.84,1,0,0.1151,2460.6,1,1
ORD_107923,CUST_1906,Beauty,3239.15,0,1,0.1052,1238.8,1,0
ORD_104395,CUST_2928,Beauty,1629.29,1,0,0.2248,3418.5,1,0
ORD_111746,CUST_1949,Footwear,810.83,2,1,0.2705,2291.2,1,0
ORD_103721,CUST_4448,Footwear,1238.41,0,0,0.1342,2383.9,6,0
ORD_103538,CUST_2573,Footwear,829.51,0,0,0.2627,998.0,3,1
ORD_103355,CUST_2122,Electronics,412.0,4,1,0.1301,2921.9,1,0
ORD_103315,CUST_4871,Footwear,2439.39,0,0,0.2036,3412.3,3,1
ORD_111357,CUST_3790,Footwear,871.84,0,0,0.0966,1190.9,1,1
ORD_102458,CUST_1116,Apparel,1048.41,0,0,0.1163,363.4,6,0
ORD_102573,CUST_4061,Apparel,4243.64,0,0,0.0796,1206.3,1,1
ORD_101042,CUST_1713,Apparel,1539.92,2,0,0.2242,654.5,1,0
ORD_110927,CUST_4147,Electronics,1005.43,1,1,0.2794,487.9,1,0
ORD_113030,CUST_2309,Footwear,3972.55,3,1,0.0352,3363.7,1,1
ORD_111806,CUST_4382,Apparel,1128.18,2,1,0.2398,1688.1,1,0
ORD_100666,CUST_1356,Beauty,2150.91,0,0,0.192,2285.1,1,0
ORD_109759,CUST_1237,Electronics,4613.33,0,1,0.0577,2658.9,1,0
ORD_105671,CUST_1699,Footwear,774.06,0,1,0.1497,311.2,1,0
ORD_103624,CUST_2927,Footwear,327.2,5,0,0.1103,404.6,12,1
ORD_114542,CUST_3288,Apparel,634.01,0,0,0.1763,3357.6,3,1
ORD_105698,CUST_4414,Home & Kitchen,4920.83,2,1,0.1961,876.7,1,0
ORD_111212,CUST_2638,Apparel,558.79,7,1,0.2141,3391.7,1,1
ORD_103135,CUST_1159,Home & Kitchen,679.93,0,0,0.1351,1126.2,1,1
ORD_103776,CUST_4741,Beauty,1868.3,5,1,0.1354,762.6,1,0
ORD_114173,CUST_2901,Apparel,8691.74,0,0,0.1623,2324.0,1,0
ORD_103816,CUST_4896,Footwear,2725.13,3,1,0.1915,1096.2,1,1
ORD_101571,CUST_4533,Apparel,1812.91,2,1,0.1618,3256.5,2,0
ORD_100573,CUST_3311,Beauty,421.54,4,0,0.4994,712.5,12,0
ORD_102203,CUST_2274,Electronics,562.57,1,1,0.2934,2207.4,1,0
ORD_110937,CUST_1969,Electronics,1072.67,0,0,0.3212,930.7,2,0
ORD_111762,CUST_3063,Footwear,335.68,1,0,0.1368,973.7,3,1
ORD_103372,CUST_3148,Apparel,327.65,3,1,0.0881,1356.8,1,0
ORD_107325,CUST_4353,Apparel,595.58,3,0,0.2927,3360.5,1,1
ORD_100442,CUST_1562,Apparel,2062.67,1,0,0.042,665.2,6,0
ORD_102319,CUST_3239,Beauty,3380.02,0,1,0.4181,2061.0,1,0
ORD_110035,CUST_3945,Footwear,663.94,0,1,0.0624,1779.6,1,0
ORD_100969,CUST_1040,Apparel,451.04,3,1,0.4041,1420.6,1,1
ORD_114301,CUST_4677,Apparel,3622.14,0,0,0.0664,764.8,1,0
ORD_110683,CUST_1472,Electronics,4464.65,0,0,0.24,1235.2,3,0
ORD_103530,CUST_2284,Apparel,537.84,1,0,0.2544,454.4,1,0
ORD_101606,CUST_3291,Home & Kitchen,916.62,0,0,0.3549,2576.6,1,0
ORD_107747,CUST_2012,Electronics,1345.85,0,0,0.1741,499.9,1,0
ORD_111588,CUST_2547,Apparel,1154.83,1,1,0.126,230.5,1,1
ORD_100415,CUST_1160,Beauty,3078.02,1,0,0.0941,621.6,2,0
ORD_111981,CUST_1540,Footwear,1337.45,0,1,0.278,1141.0,1,0
ORD_107834,CUST_3965,Home & Kitchen,584.74,3,1,0.1136,692.1,1,1
ORD_100576,CUST_4051,Footwear,390.93,1,1,0.0383,2742.0,1,0
ORD_111823,CUST_4050,Footwear,750.64,1,1,0.041,3287.4,1,0
ORD_103351,CUST_1456,Apparel,2954.84,0,1,0.1507,3206.9,1,0
ORD_114231,CUST_1460,Home & Kitchen,1651.22,0,0,0.1666,354.1,1,0
ORD_105468,CUST_2283,Beauty,3261.61,0,1,0.3107,953.5,1,0
ORD_109235,CUST_4349,Apparel,336.31,0,0,0.4425,1148.8,1,1
ORD_112386,CUST_1055,Beauty,420.82,3,0,0.2189,1300.4,1,1
ORD_112328,CUST_2569,Beauty,2480.94,0,0,0.3073,1543.7,12,0
ORD_107675,CUST_4387,Beauty,1653.61,3,1,0.4672,1164.2,2,1
ORD_110740,CUST_4959,Electronics,985.06,0,0,0.0932,3291.0,3,0
ORD_111149,CUST_4787,Home & Kitchen,928.45,0,0,0.0754,742.6,1,0
ORD_112895,CUST_3224,Electronics,1194.21,1,1,0.2405,1709.7,1,0
ORD_107647,CUST_4177,Electronics,3133.45,1,1,0.2185,542.4,1,0
ORD_110201,CUST_2230,Footwear,733.85,1,1,0.2693,2726.2,1,0
ORD_105687,CUST_1341,Electronics,1395.2,0,1,0.1463,1819.0,6,0
ORD_110205,CUST_3635,Electronics,587.69,2,0,0.4291,1032.8,6,0
ORD_104552,CUST_4760,Electronics,374.92,0,0,0.4738,3187.6,2,1
ORD_102256,CUST_3180,Apparel,673.77,3,1,0.3613,3307.0,3,1
ORD_108828,CUST_4197,Electronics,651.3,0,1,0.6779,2913.3,1,0
ORD_100461,CUST_1546,Apparel,3052.8,2,1,0.2049,1316.2,2,0
ORD_111387,CUST_4044,Apparel,3509.78,0,0,0.2776,2293.9,1,0
ORD_106106,CUST_2629,Apparel,860.96,2,0,0.1535,2117.0,1,0
ORD_106048,CUST_1369,Beauty,1813.93,3,0,0.2057,3172.9,3,0
ORD_106430,CUST_3763,Home & Kitchen,963.97,4,0,0.311,369.0,1,0
ORD_100249,CUST_2768,Home & Kitchen,1121.71,0,1,0.1963,3310.2,1,0
ORD_103728,CUST_2093,Apparel,1501.31,0,1,0.2147,502.9,1,1
ORD_100734,CUST_1616,Footwear,3178.23,0,1,0.1457,2573.2,1,1
ORD_100653,CUST_4059,Electronics,1705.44,3,1,0.1313,193.3,1,0
ORD_102632,CUST_3199,Beauty,2359.38,1,1,0.1283,3481.0,12,0
ORD_101426,CUST_3898,Apparel,861.92,1,1,0.2883,2679.8,1,0
ORD_113699,CUST_2190,Electronics,851.1,0,0,0.1688,2196.2,3,0
ORD_109446,CUST_4985,Footwear,1057.97,0,0,0.2069,2298.3,1,0
ORD_108225,CUST_1210,Apparel,3134.38,1,1,0.1111,2686.2,1,0
ORD_101322,CUST_2755,Beauty,1687.23,0,0,0.231,839.9,1,0
ORD_102567,CUST_1808,Beauty,632.08,0,1,0.0619,2662.2,3,0
ORD_105223,CUST_4323,Apparel,1946.65,0,0,0.151,3271.2,1,0
ORD_103986,CUST_1592,Home & Kitchen,950.51,0,1,0.4245,1099.9,1,0
ORD_111517,CUST_3889,Beauty,3544.38,0,1,0.2506,2095.6,1,0
ORD_108614,CUST_2342,Home & Kitchen,4395.7,1,0,0.1821,1790.4,1,1
ORD_102045,CUST_1738,Electronics,921.41,0,1,0.0352,3496.8,1,0
ORD_112406,CUST_1842,Apparel,458.3,5,0,0.1516,3391.3,3,1
ORD_113828,CUST_3784,Home & Kitchen,789.55,1,0,0.2307,3306.7,1,0
ORD_101302,CUST_3890,Home & Kitchen,389.72,1,1,0.0598,1280.9,2,0
ORD_100281,CUST_4184,Apparel,733.84,2,0,0.1778,723.2,1,0
ORD_109658,CUST_4426,Apparel,2579.54,3,1,0.2296,1391.6,3,0
ORD_104535,CUST_4311,Beauty,2178.58,7,0,0.092,1871.8,1,1
ORD_102281,CUST_2548,Apparel,1832.94,2,0,0.0488,1450.9,1,0
ORD_103356,CUST_1148,Home & Kitchen,1045.75,1,1,0.1061,2104.3,1,1
ORD_108432,CUST_4115,Footwear,599.51,0,0,0.0261,2442.4,1,0
ORD_100246,CUST_3680,Beauty,762.2,4,0,0.0782,3258.1,3,0
ORD_111349,CUST_1385,Electronics,2833.01,3,1,0.1862,821.8,2,1
ORD_106905,CUST_1903,Footwear,434.31,2,0,0.1148,3003.2,1,0
ORD_103989,CUST_1572,Home & Kitchen,1542.69,2,1,0.0687,2625.9,1,1
ORD_104509,CUST_4642,Electronics,3257.5,0,1,0.0539,3430.5,1,0
ORD_102791,CUST_4255,Footwear,2150.2,3,1,0.2993,154.1,1,1
ORD_112093,CUST_4354,Beauty,592.09,0,1,0.1363,1511.3,2,0
ORD_110507,CUST_2749,Apparel,6303.63,0,1,0.025,1194.4,1,0
ORD_101802,CUST_1735,Apparel,3263.51,2,1,0.3096,1154.2,6,0
ORD_101203,CUST_1336,Footwear,1677.56,3,0,0.016,608.3,1,0
ORD_109702,CUST_2598,Electronics,1742.39,2,1,0.2927,3169.5,1,1
ORD_103856,CUST_3804,Footwear,1128.35,0,0,0.2955,2112.1,3,0
ORD_103338,CUST_2540,Electronics,1160.74,2,1,0.0695,1066.4,1,0
ORD_100570,CUST_3491,Beauty,3170.82,3,1,0.2235,1956.4,1,0
ORD_114707,CUST_2676,Apparel,1350.87,3,0,0.2557,945.5,3,0
ORD_111206,CUST_2557,Home & Kitchen,1308.88,1,1,0.1375,2997.9,1,0
ORD_106792,CUST_4293,Home & Kitchen,328.91,2,1,0.316,3236.6,1,0
ORD_112913,CUST_3602,Home & Kitchen,898.81,2,1,0.2632,2631.5,1,0
ORD_108760,CUST_1679,Electronics,1077.65,3,1,0.2672,730.6,1,0
ORD_107471,CUST_4758,Apparel,455.56,7,0,0.3313,2595.2,1,1
ORD_114883,CUST_4340,Footwear,735.66,1,1,0.1679,3216.9,1,0
ORD_113619,CUST_1745,Footwear,1587.3,0,1,0.131,1492.5,6,0
ORD_102841,CUST_1813,Electronics,2239.01,2,1,0.4461,2110.1,1,1
ORD_110591,CUST_3180,Electronics,366.34,3,1,0.2815,349.7,1,0
ORD_105103,CUST_2180,Home & Kitchen,963.21,0,0,0.2404,1619.6,1,0
ORD_109919,CUST_3759,Apparel,1734.33,1,1,0.3733,1175.5,1,1
ORD_114671,CUST_3247,Home & Kitchen,1278.47,0,0,0.1372,160.9,1,0
ORD_111216,CUST_1821,Apparel,1616.97,0,1,0.0499,2463.9,1,0
ORD_111089,CUST_4280,Apparel,635.96,1,1,0.4722,1893.7,6,0
ORD_108158,CUST_3575,Beauty,2294.96,0,1,0.0824,3474.2,1,1
ORD_113484,CUST_1252,Electronics,2921.58,4,0,0.072,1118.0,1,1
ORD_114259,CUST_4714,Apparel,876.82,1,0,0.1097,2547.4,1,1
ORD_101436,CUST_3449,Apparel,723.78,1,0,0.3154,676.9,1,1
ORD_114554,CUST_1451,Apparel,748.7,0,1,0.0969,3221.9,1,0
ORD_111467,CUST_1527,Apparel,299.12,5,1,0.0939,1041.3,2,1
ORD_103269,CUST_2428,Beauty,3103.63,0,1,0.177,852.0,2,0
ORD_106675,CUST_1507,Footwear,1467.4,2,0,0.0949,900.2,1,0
ORD_100243,CUST_2408,Electronics,3048.81,0,0,0.0735,1649.1,12,0
ORD_105365,CUST_1460,Home & Kitchen,1800.24,0,1,0.3726,2534.1,1,1
ORD_105584,CUST_2216,Electronics,2944.57,10,1,0.1728,2043.0,1,0
ORD_111735,CUST_3418,Footwear,2593.8,1,1,0.0443,2346.8,1,0
ORD_113347,CUST_1583,Home & Kitchen,949.8,0,0,0.1731,2121.9,1,0
ORD_114585,CUST_1143,Apparel,1044.55,0,1,0.3554,203.1,6,0
ORD_107210,CUST_1389,Beauty,2212.35,0,0,0.1408,2997.5,1,1
ORD_114184,CUST_1239,Footwear,2702.4,0,1,0.0245,1009.5,1,1
ORD_113119,CUST_1873,Footwear,3153.16,0,1,0.2462,1619.5,1,0
ORD_104073,CUST_3726,Home & Kitchen,1235.3,0,1,0.2869,2143.3,1,1
ORD_102820,CUST_1085,Apparel,2232.37,2,0,0.068,2821.4,1,1
ORD_109448,CUST_3092,Apparel,594.34,0,1,0.2577,729.8,12,1
ORD_104254,CUST_3563,Apparel,1300.37,1,0,0.2678,593.8,2,0
ORD_107676,CUST_3123,Footwear,1087.94,10,0,0.219,2053.5,6,1
ORD_105529,CUST_2676,Home & Kitchen,312.02,1,1,0.1299,1520.9,6,0
ORD_103509,CUST_4554,Electronics,631.97,0,1,0.1535,1950.7,1,0
ORD_104691,CUST_1575,Home & Kitchen,1851.0,1,0,0.1618,984.5,1,0
ORD_103965,CUST_4031,Electronics,2896.4,3,0,0.0278,2537.1,3,0
ORD_103162,CUST_4883,Home & Kitchen,2530.92,1,0,0.0298,438.8,1,1
ORD_102688,CUST_3008,Home & Kitchen,5353.92,1,0,0.1308,2779.6,1,0
ORD_107428,CUST_1959,Apparel,328.46,0,0,0.1352,1454.1,1,1
ORD_104916,CUST_1682,Apparel,1883.82,1,0,0.2967,1976.3,12,0
ORD_114775,CUST_4872,Home & Kitchen,2888.93,1,1,0.1646,2780.4,12,0
ORD_110945,CUST_4301,Footwear,1312.19,1,1,0.0344,3135.3,1,0
ORD_105030,CUST_2556,Footwear,1250.26,0,1,0.2797,2385.6,2,0
ORD_109247,CUST_3144,Beauty,1248.72,0,0,0.1003,3173.9,1,0
ORD_112974,CUST_2794,Footwear,1098.76,1,1,0.0515,685.8,1,0
ORD_106897,CUST_2319,Apparel,1601.83,0,0,0.1079,1766.3,1,0
ORD_101623,CUST_2202,Footwear,1490.0,0,0,0.311,1884.3,1,0
ORD_108583,CUST_2735,Home & Kitchen,1614.22,0,1,0.3255,2069.8,3,0
ORD_107486,CUST_4597,Apparel,1321.14,1,1,0.3262,2956.1,1,0
ORD_109577,CUST_2341,Home & Kitchen,2342.45,0,0,0.2572,3479.5,1,0
ORD_104427,CUST_1178,Home & Kitchen,1285.2,0,1,0.233,2342.6,1,0
ORD_110490,CUST_1797,Apparel,2239.74,0,1,0.4095,173.4,1,1
ORD_114165,CUST_2088,Apparel,561.9,2,0,0.1914,1536.1,2,0
ORD_103194,CUST_2540,Electronics,4848.27,3,1,0.3828,2935.5,3,1
ORD_111999,CUST_3971,Footwear,839.23,0,0,0.2244,2094.6,1,1
ORD_114309,CUST_2936,Footwear,1457.49,0,1,0.2726,391.7,3,0
ORD_102176,CUST_4681,Home & Kitchen,783.17,0,1,0.2874,1014.7,1,0
ORD_107611,CUST_3780,Beauty,2408.98,3,1,0.0506,1888.7,2,0
ORD_107363,CUST_2325,Apparel,402.98,1,1,0.266,268.3,1,0
ORD_107908,CUST_2161,Apparel,1985.37,3,1,0.0931,2367.4,1,0
ORD_105625,CUST_3600,Home & Kitchen,618.25,2,1,0.0736,1150.4,1,1
ORD_100955,CUST_1667,Footwear,1243.51,3,1,0.1358,1004.1,1,0
ORD_107302,CUST_3557,Apparel,602.02,2,1,0.2345,3037.0,1,1
ORD_113136,CUST_4282,Apparel,1685.68,0,1,0.0555,2099.5,1,0
ORD_112747,CUST_1028,Footwear,1719.72,0,1,0.2399,2298.2,1,1
ORD_104983,CUST_3015,Electronics,1763.03,3,0,0.0818,196.8,1,0
ORD_100159,CUST_3182,Electronics,552.74,3,0,0.1512,2731.4,1,0
ORD_108103,CUST_1609,Electronics,2014.07,2,1,0.1974,3108.9,1,0
ORD_110133,CUST_1098,Apparel,1276.31,0,1,0.1236,800.8,2,1
ORD_102606,CUST_3971,Apparel,306.22,1,0,0.4751,241.2,1,1
ORD_109419,CUST_2004,Apparel,457.36,2,0,0.3383,2317.6,3,0
ORD_102880,CUST_4665,Apparel,1911.36,4,1,0.1453,1289.9,1,1
ORD_103581,CUST_4359,Apparel,912.9,0,0,0.1552,2426.0,1,0
ORD_113175,CUST_3587,Beauty,4693.63,0,1,0.2078,1854.2,3,1
ORD_102711,CUST_4466,Home & Kitchen,2603.25,0,0,0.1328,281.8,1,0
ORD_110363,CUST_4744,Home & Kitchen,390.68,0,1,0.0463,2650.0,1,0
ORD_105822,CUST_2923,Apparel,1187.87,2,1,0.12,2659.6,1,1
ORD_114434,CUST_2566,Footwear,661.36,2,1,0.3357,547.6,1,1
ORD_104175,CUST_1226,Home & Kitchen,1611.3,3,1,0.2516,1649.7,1,0
ORD_106216,CUST_4515,Electronics,1661.17,4,1,0.1583,2554.0,1,0
ORD_112374,CUST_2034,Electronics,1051.77,0,1,0.0873,216.0,1,0
ORD_106028,CUST_2091,Electronics,534.77,0,0,0.5174,1246.9,1,0
ORD_102116,CUST_2085,Footwear,1778.8,0,1,0.1904,2902.6,3,0
ORD_106783,CUST_2135,Home & Kitchen,442.42,0,1,0.1834,219.0,1,0
ORD_113975,CUST_1734,Apparel,3756.94,2,1,0.0251,1919.7,1,0
ORD_113820,CUST_1372,Apparel,1577.88,4,1,0.3885,336.5,1,1
ORD_110641,CUST_1508,Apparel,6373.92,5,0,0.0689,2136.9,1,0
ORD_111733,CUST_1920,Apparel,1316.64,0,0,0.0853,2269.0,2,0
ORD_109180,CUST_3357,Home & Kitchen,570.96,2,0,0.342,2889.1,12,1
ORD_103813,CUST_3810,Apparel,876.8,1,1,0.1429,2542.1,1,0
ORD_114661,CUST_1633,Home & Kitchen,679.02,2,1,0.2329,2779.5,1,0
ORD_113406,CUST_2734,Apparel,299.22,1,0,0.2746,2358.3,1,0
ORD_111815,CUST_2102,Apparel,434.13,2,0,0.4515,3227.6,3,1
ORD_111367,CUST_1171,Apparel,3243.98,0,1,0.1788,2378.8,1,0
ORD_106569,CUST_4877,Home & Kitchen,754.94,0,0,0.1998,2251.6,1,0
ORD_104568,CUST_2107,Apparel,9222.66,1,0,0.0915,382.3,2,1
ORD_113410,CUST_4416,Footwear,832.83,0,0,0.1602,362.8,1,0
ORD_101047,CUST_4149,Electronics,1302.44,3,1,0.0576,2223.6,1,1
ORD_107241,CUST_4190,Footwear,685.65,0,0,0.0551,2667.1,1,1
ORD_106839,CUST_3135,Footwear,703.59,1,1,0.4327,2542.7,3,0
ORD_110029,CUST_3663,Apparel,2239.51,0,0,0.2391,2903.0,1,1
ORD_114056,CUST_2212,Footwear,2257.84,0,1,0.4244,3273.2,2,1
ORD_113698,CUST_1040,Apparel,1381.18,10,1,0.301,793.0,3,1
ORD_108750,CUST_1312,Footwear,3591.84,0,1,0.3521,2281.3,3,0
ORD_106790,CUST_2141,Electronics,1644.28,0,1,0.2148,536.3,3,0
ORD_109025,CUST_3593,Electronics,428.98,0,1,0.067,2245.5,2,1
ORD_108654,CUST_4441,Electronics,1241.25,0,0,0.3352,1786.9,1,0
ORD_113627,CUST_2610,Home & Kitchen,451.73,0,1,0.2847,1207.7,3,0
ORD_101830,CUST_4924,Apparel,2712.03,0,0,0.0682,2018.7,1,0
ORD_111925,CUST_4868,Electronics,1676.19,0,1,0.237,573.3,3,0
ORD_106144,CUST_1648,Beauty,619.13,1,0,0.2924,1991.6,1,0
ORD_111637,CUST_2460,Beauty,1100.31,1,0,0.1669,3012.2,1,0
ORD_102692,CUST_1837,Footwear,1338.64,1,0,0.1675,1460.8,1,0
ORD_113260,CUST_2939,Apparel,1978.81,0,1,0.2397,1249.4,1,0
ORD_108133,CUST_1325,Apparel,3119.37,0,1,0.0903,1533.5,1,0
ORD_114299,CUST_3421,Apparel,340.46,2,1,0.1585,760.8,2,1
ORD_112874,CUST_1376,Apparel,1246.8,2,0,0.3119,3131.7,6,1
ORD_108331,CUST_4252,Footwear,438.72,0,0,0.2074,539.3,1,1
ORD_112132,CUST_3513,Apparel,1021.44,4,0,0.1186,2465.0,1,0
ORD_104342,CUST_1285,Footwear,954.13,0,1,0.1713,1229.3,1,0
ORD_114226,CUST_3286,Electronics,4617.61,0,0,0.1663,1344.0,2,0
ORD_108776,CUST_4161,Apparel,719.07,0,0,0.089,2324.5,1,0
ORD_108173,CUST_4397,Electronics,299.08,1,0,0.1051,3356.5,1,0
ORD_114736,CUST_4091,Beauty,933.35,0,1,0.1446,1552.1,1,1
ORD_112193,CUST_4542,Apparel,524.28,1,1,0.2629,1180.6,3,1
ORD_114649,CUST_3011,Footwear,1338.85,0,1,0.2536,1731.8,2,1
ORD_102010,CUST_2296,Footwear,2107.05,1,0,0.3074,2539.4,1,0
ORD_112154,CUST_2464,Footwear,2863.5,2,0,0.0999,2907.2,1,1
ORD_109390,CUST_1896,Electronics,814.78,0,0,0.1588,1309.5,3,1
ORD_105565,CUST_4162,Electronics,789.36,0,1,0.3324,2775.6,3,0
ORD_110961,CUST_1862,Home & Kitchen,2312.13,2,1,0.1468,891.9,1,1
ORD_113896,CUST_4138,Beauty,506.13,0,1,0.3368,1344.8,1,0
ORD_102808,CUST_1374,Apparel,1170.91,0,0,0.0504,1821.2,1,0
ORD_107787,CUST_1375,Electronics,1967.42,2,1,0.3066,1016.0,1,0
ORD_109302,CUST_4846,Home & Kitchen,1904.64,4,0,0.2493,632.1,2,0
ORD_107553,CUST_3410,Electronics,1230.86,1,1,0.2894,628.4,1,0
ORD_110088,CUST_3058,Apparel,4948.08,3,1,0.2395,2921.8,1,1
ORD_110056,CUST_2211,Electronics,1918.3,3,1,0.4417,1003.8,1,0
ORD_101245,CUST_1484,Home & Kitchen,2949.27,1,0,0.2624,1785.0,2,0
ORD_106452,CUST_3370,Apparel,3020.04,1,1,0.4614,907.7,1,1
ORD_109334,CUST_1240,Electronics,359.47,0,1,0.2978,1829.7,3,0
ORD_113935,CUST_2607,Home & Kitchen,753.32,0,1,0.5013,2089.6,1,1
ORD_113326,CUST_3312,Apparel,2478.59,1,0,0.1207,3354.1,1,0
ORD_111531,CUST_4981,Beauty,331.81,0,0,0.116,1233.9,1,0
ORD_113076,CUST_3478,Footwear,799.11,0,0,0.0216,1847.0,1,0
ORD_102315,CUST_1483,Home & Kitchen,551.09,0,1,0.0912,1420.5,1,0
ORD_107413,CUST_2537,Electronics,1683.97,0,0,0.3167,3156.5,12,0
ORD_111218,CUST_2620,Electronics,2377.24,2,1,0.1559,1478.3,2,0
ORD_113348,CUST_1431,Footwear,4259.44,4,1,0.0908,2064.8,1,1
ORD_105308,CUST_1306,Beauty,1301.24,3,1,0.4543,2525.5,1,0
ORD_105392,CUST_3052,Footwear,659.13,0,1,0.2953,1106.6,1,0
ORD_109161,CUST_2469,Home & Kitchen,752.47,1,1,0.2131,3046.1,1,0
ORD_100296,CUST_4474,Footwear,1813.92,2,0,0.1601,2212.2,2,0
ORD_113960,CUST_4960,Home & Kitchen,2619.49,1,1,0.3585,688.4,1,0
ORD_114037,CUST_1707,Apparel,1143.7,0,1,0.0712,2519.2,2,0
ORD_102357,CUST_2453,Apparel,1276.23,0,1,0.1865,182.3,1,0
ORD_108258,CUST_1266,Footwear,300.76,7,0,0.0708,1756.0,1,1
ORD_111139,CUST_2505,Apparel,1300.64,0,0,0.0652,3361.3,1,0
ORD_114986,CUST_2004,Home & Kitchen,6003.61,3,1,0.1129,2573.1,2,0
ORD_103110,CUST_2190,Electronics,2373.49,0,1,0.2499,2895.1,1,0
ORD_110439,CUST_1503,Beauty,1390.01,0,1,0.0718,1533.7,3,0
ORD_113656,CUST_4388,Footwear,649.44,0,1,0.1847,247.5,12,1
ORD_104329,CUST_1632,Home & Kitchen,1961.77,1,0,0.0325,1098.7,1,0
ORD_106496,CUST_2853,Beauty,583.62,1,0,0.2372,1272.0,1,1
ORD_101808,CUST_1520,Apparel,597.26,0,1,0.1359,2127.4,1,0
ORD_113878,CUST_2398,Apparel,3223.46,3,0,0.0929,2309.2,6,0
ORD_109684,CUST_1859,Beauty,398.43,1,1,0.1162,2303.6,1,0
ORD_102153,CUST_2913,Home & Kitchen,1234.05,0,0,0.2047,3063.4,2,0
ORD_114838,CUST_4516,Apparel,465.6,0,0,0.3468,1227.1,1,1
ORD_112598,CUST_1161,Apparel,1286.4,2,1,0.0465,1847.9,1,1
ORD_110410,CUST_4298,Footwear,2217.8,5,0,0.2404,2142.7,2,1
ORD_112300,CUST_4534,Apparel,840.88,1,0,0.2265,3000.8,1,1
ORD_111528,CUST_2561,Beauty,1718.2,0,0,0.1856,1143.9,1,0
ORD_110622,CUST_1044,Electronics,508.3,0,1,0.5894,456.7,1,0
ORD_109296,CUST_4779,Apparel,1565.13,0,1,0.1568,2525.9,2,0
ORD_111129,CUST_2753,Apparel,959.81,0,1,0.0965,1478.9,1,1
ORD_106254,CUST_1661,Apparel,1441.17,0,0,0.0441,2119.1,2,0
ORD_104128,CUST_2915,Electronics,526.79,3,1,0.0704,2152.8,1,0
ORD_109391,CUST_3266,Home & Kitchen,1606.04,0,1,0.024,312.0,1,0
ORD_103305,CUST_4463,Footwear,4286.13,0,0,0.1631,3322.4,1,0
ORD_109683,CUST_1486,Apparel,1025.32,0,0,0.1304,2019.2,1,0
ORD_108339,CUST_3264,Home & Kitchen,989.07,0,1,0.116,197.6,1,0
ORD_102773,CUST_2008,Beauty,1675.54,4,0,0.1301,2422.6,1,0
ORD_114937,CUST_3933,Apparel,1566.95,0,0,0.42,1002.5,1,0
ORD_114805,CUST_4130,Apparel,1942.19,0,1,0.342,2219.3,1,1
ORD_100601,CUST_2810,Apparel,1232.39,0,0,0.2574,1517.4,1,0
ORD_113393,CUST_3322,Apparel,502.03,0,0,0.1033,2034.0,1,0
ORD_105607,CUST_4374,Beauty,4092.0,0,1,0.2087,1407.0,1,0
ORD_112009,CUST_4069,Footwear,620.78,0,1,0.0977,552.6,12,0
ORD_108867,CUST_2001,Footwear,1263.57,2,1,0.3994,2366.7,1,1
ORD_112350,CUST_3825,Apparel,3712.93,0,0,0.2657,1906.4,1,0
ORD_102674,CUST_1001,Apparel,1646.12,0,0,0.5161,2207.5,1,0
ORD_102446,CUST_4965,Apparel,1185.86,5,0,0.0619,3246.9,1,0
ORD_110156,CUST_1767,Footwear,492.16,4,0,0.0885,1344.7,1,1
ORD_101943,CUST_4115,Apparel,2323.67,0,0,0.1253,1781.2,2,0
ORD_109108,CUST_2583,Footwear,1486.35,3,1,0.0456,1022.0,1,1
ORD_107326,CUST_2710,Apparel,1362.66,0,0,0.3272,1101.2,1,0
ORD_114711,CUST_3686,Apparel,592.38,1,1,0.163,2367.8,1,0
ORD_101029,CUST_1517,Footwear,4701.89,4,0,0.1852,723.1,6,1
ORD_113196,CUST_4286,Apparel,944.55,0,0,0.1848,3185.0,1,0
ORD_107295,CUST_3796,Apparel,7326.07,0,0,0.1325,2527.7,1,0
ORD_101846,CUST_3074,Apparel,3824.77,5,1,0.0539,2313.3,6,0
ORD_101210,CUST_2276,Apparel,1398.63,0,1,0.1648,3400.6,3,0
ORD_103051,CUST_4131,Electronics,2213.54,1,0,0.0263,1044.7,1,0
ORD_106116,CUST_3366,Home & Kitchen,1541.91,0,1,0.2884,2115.1,6,1
ORD_106421,CUST_3705,Home & Kitchen,1102.29,5,0,0.2214,3406.3,1,0
ORD_108320,CUST_4164,Electronics,1156.12,3,1,0.1652,1182.8,3,0
ORD_107784,CUST_2086,Footwear,493.11,0,0,0.314,3035.3,1,0
ORD_113586,CUST_2660,Footwear,2202.84,0,1,0.0978,1340.7,3,0
ORD_109030,CUST_1913,Electronics,884.45,0,1,0.0421,2141.5,1,0
ORD_113887,CUST_4337,Electronics,1316.65,0,1,0.2857,511.3,1,0
ORD_110681,CUST_4127,Apparel,314.04,0,0,0.2099,1212.0,1,0
ORD_113336,CUST_4909,Apparel,3111.0,4,1,0.0345,283.0,3,1
ORD_107443,CUST_2270,Apparel,778.98,0,0,0.2577,1949.6,3,0
ORD_104816,CUST_1656,Apparel,463.31,0,0,0.2204,1664.3,12,0
ORD_104299,CUST_4917,Beauty,4315.25,7,0,0.3682,1332.8,1,1
ORD_107401,CUST_2716,Footwear,784.25,4,1,0.2556,1439.5,1,0
ORD_104702,CUST_4459,Apparel,2436.98,0,0,0.214,3300.0,1,0
ORD_103141,CUST_1066,Footwear,1254.5,0,0,0.0543,679.0,6,0
ORD_106205,CUST_4010,Apparel,2504.45,1,0,0.2458,301.7,1,1
ORD_111607,CUST_2013,Home & Kitchen,660.0,1,1,0.0498,2002.2,1,1
ORD_112183,CUST_3414,Beauty,3571.12,0,1,0.0397,1435.3,1,0
ORD_105212,CUST_2051,Electronics,1777.63,0,0,0.2852,878.3,1,0
ORD_111273,CUST_2681,Apparel,885.4,4,0,0.3855,3247.6,1,0
ORD_113380,CUST_2577,Home & Kitchen,1240.44,10,0,0.2227,3198.9,3,0
ORD_109817,CUST_2037,Footwear,1674.52,0,1,0.4271,352.6,1,0
ORD_109882,CUST_1751,Electronics,697.76,1,1,0.3554,2711.2,1,0
ORD_110471,CUST_4780,Electronics,990.54,2,1,0.0773,415.0,1,0
ORD_109964,CUST_1529,Apparel,1494.22,0,0,0.2446,231.7,1,1
ORD_106879,CUST_2825,Footwear,1799.83,0,1,0.2046,3351.3,2,0
ORD_114180,CUST_4747,Footwear,886.76,0,0,0.2829,263.3,12,0
ORD_114917,CUST_2777,Apparel,720.86,0,1,0.0454,1833.4,1,0
ORD_108743,CUST_2612,Apparel,1696.64,1,0,0.1794,3201.4,2,1
ORD_104526,CUST_1018,Apparel,312.65,0,1,0.1042,3017.3,1,0
ORD_100918,CUST_2852,Footwear,306.03,2,0,0.2775,1210.4,3,0
ORD_110883,CUST_4482,Electronics,2929.79,0,1,0.1935,285.7,2,0
ORD_103016,CUST_2195,Home & Kitchen,686.39,0,1,0.1819,180.2,6,1
ORD_109138,CUST_1561,Apparel,1478.39,1,0,0.2301,1943.1,2,0
ORD_109777,CUST_2797,Footwear,309.85,3,0,0.1236,658.7,1,1
ORD_109175,CUST_1920,Beauty,1957.28,1,0,0.0753,1958.7,2,0
ORD_102271,CUST_3129,Footwear,3222.0,1,0,0.1487,2024.0,1,1
ORD_114300,CUST_4151,Beauty,904.31,0,1,0.2005,2499.4,1,1
ORD_110165,CUST_1220,Apparel,1526.12,1,1,0.0654,3309.3,6,0
ORD_109875,CUST_2031,Electronics,795.11,0,1,0.3697,347.5,1,0
ORD_114533,CUST_3332,Apparel,3177.07,0,1,0.2034,1754.4,1,0
ORD_112116,CUST_3427,Electronics,1356.24,1,0,0.2554,726.3,1,1
ORD_105737,CUST_4551,Footwear,1029.65,0,1,0.1622,2699.9,2,1
ORD_113892,CUST_3715,Apparel,1053.07,0,1,0.4728,3215.6,1,1
ORD_107503,CUST_1981,Apparel,2211.83,5,1,0.0965,3096.4,1,0
ORD_101014,CUST_4353,Apparel,1243.56,4,0,0.0208,150.5,1,1
ORD_105351,CUST_2552,Apparel,3225.61,2,1,0.1811,691.0,1,1
ORD_104710,CUST_1442,Beauty,997.02,0,1,0.0744,2907.8,2,0
ORD_109195,CUST_4556,Home & Kitchen,756.75,0,1,0.3751,1556.3,1,0
ORD_111364,CUST_2468,Apparel,2457.33,0,0,0.2074,2520.2,1,0
ORD_112014,CUST_1904,Apparel,745.11,0,1,0.0096,2115.2,1,0
ORD_100952,CUST_1357,Electronics,1228.73,0,0,0.0476,1231.8,1,0
ORD_110347,CUST_4848,Home & Kitchen,1553.41,1,1,0.117,2527.1,6,1
ORD_107353,CUST_3044,Beauty,412.77,5,0,0.1367,2785.7,1,0
ORD_108300,CUST_3414,Apparel,628.18,0,0,0.2705,714.6,3,0
ORD_114968,CUST_4652,Beauty,659.55,0,1,0.0852,226.3,1,0
ORD_108695,CUST_2563,Footwear,431.32,2,1,0.0935,3088.5,1,0
ORD_107650,CUST_2424,Beauty,502.47,0,0,0.1765,175.1,1,0
ORD_114831,CUST_4663,Apparel,804.32,0,1,0.2528,923.1,1,0
ORD_106504,CUST_2234,Home & Kitchen,1216.09,3,0,0.2762,1210.0,1,0
ORD_106757,CUST_1570,Footwear,3512.52,2,1,0.2661,3105.7,1,0
ORD_110340,CUST_1880,Apparel,868.85,0,1,0.1865,2917.7,1,0
ORD_104942,CUST_4398,Electronics,1566.43,4,0,0.2707,3273.7,1,0
ORD_113701,CUST_3689,Beauty,1569.29,2,0,0.0607,2204.8,1,0
ORD_110022,CUST_2437,Home & Kitchen,1695.58,3,1,0.0921,2821.6,1,1
ORD_113486,CUST_3759,Electronics,508.08,0,1,0.1185,1196.5,1,0
ORD_106707,CUST_1018,Home & Kitchen,1119.74,0,1,0.2289,3180.9,1,0
ORD_110948,CUST_4097,Apparel,348.87,0,0,0.2794,1027.9,1,1
ORD_107472,CUST_2808,Electronics,715.62,0,1,0.3145,3401.3,1,0
ORD_107312,CUST_1151,Beauty,1054.37,0,0,0.226,757.6,2,0
ORD_110672,CUST_1258,Apparel,575.1,0,0,0.0885,1184.6,1,0
ORD_100617,CUST_1633,Home & Kitchen,1097.23,2,0,0.363,773.3,1,0
ORD_104807,CUST_4735,Apparel,1246.75,4,0,0.3676,1555.5,2,1
ORD_106107,CUST_2327,Apparel,602.96,2,1,0.1847,3491.4,1,0
ORD_108540,CUST_3670,Beauty,657.0,2,1,0.0417,3148.8,1,0
ORD_105579,CUST_4786,Apparel,789.55,3,0,0.3194,1071.1,1,0
ORD_101000,CUST_4322,Footwear,2774.07,2,0,0.1531,3404.1,1,1
ORD_101449,CUST_3190,Electronics,321.52,2,1,0.326,3301.5,12,1
ORD_111594,CUST_4791,Apparel,5435.5,0,1,0.2981,3415.5,12,0
ORD_110571,CUST_3282,Apparel,771.56,0,0,0.1969,2187.2,1,0
ORD_110655,CUST_2075,Footwear,329.35,0,1,0.212,2153.4,3,1
ORD_108511,CUST_1264,Electronics,486.99,0,0,0.222,2580.5,1,0
ORD_101269,CUST_1110,Beauty,2135.71,1,0,0.1656,687.6,1,0
ORD_114680,CUST_2110,Beauty,303.04,3,0,0.0907,2464.9,3,0
ORD_103860,CUST_4373,Electronics,612.03,0,1,0.1443,2066.6,1,0
ORD_111597,CUST_4170,Footwear,319.41,2,0,0.1069,1011.6,6,0
ORD_109566,CUST_1365,Footwear,519.82,0,0,0.1068,1257.2,12,0
ORD_102978,CUST_2692,Footwear,6537.73,0,0,0.0511,363.1,6,1
ORD_104357,CUST_2731,Footwear,1104.43,5,0,0.1572,338.9,1,0
ORD_114809,CUST_4858,Electronics,2146.02,1,0,0.2563,3277.7,1,0
ORD_104396,CUST_2347,Footwear,599.07,0,0,0.0782,2516.5,1,0
ORD_106485,CUST_1718,Apparel,1367.05,0,1,0.2576,1929.7,6,0
ORD_100049,CUST_4005,Footwear,406.3,0,1,0.2952,1497.1,3,0
ORD_106405,CUST_4816,Apparel,786.76,1,0,0.2431,593.5,1,0
ORD_105833,CUST_2476,Beauty,889.25,0,0,0.1188,1848.7,1,0
ORD_110523,CUST_1957,Electronics,406.55,0,0,0.0627,2698.4,1,1
ORD_110679,CUST_3850,Footwear,1408.15,0,1,0.2677,1350.2,1,0
ORD_103871,CUST_3308,Beauty,470.4,0,0,0.0633,547.4,1,0
ORD_111445,CUST_3766,Beauty,1305.77,1,0,0.16,3306.8,12,0
ORD_112523,CUST_4975,Footwear,3236.86,0,1,0.0538,752.0,6,0
ORD_111561,CUST_3679,Beauty,1132.13,0,1,0.5173,3434.9,12,0
ORD_109902,CUST_4772,Footwear,2072.88,0,1,0.419,2682.7,1,1
ORD_109554,CUST_3762,Electronics,1636.78,0,1,0.2686,1046.0,1,1
ORD_101648,CUST_1147,Home & Kitchen,1754.12,2,0,0.3014,3239.6,12,0
ORD_107890,CUST_1579,Apparel,1373.38,3,1,0.1544,1027.2,3,1
ORD_102275,CUST_1588,Apparel,731.67,0,1,0.1263,1727.0,6,0
ORD_112752,CUST_4660,Beauty,6200.06,0,1,0.1143,1610.0,1,1
ORD_111009,CUST_4663,Apparel,563.99,0,0,0.1887,2308.1,3,0
ORD_110653,CUST_3647,Footwear,1695.86,3,0,0.3048,981.7,1,1
ORD_113214,CUST_3747,Apparel,5068.15,2,0,0.3274,743.8,3,0
ORD_106086,CUST_2023,Home & Kitchen,785.18,3,0,0.1821,1244.5,6,0
ORD_101362,CUST_1138,Apparel,966.82,0,1,0.2416,3234.4,6,0
ORD_100561,CUST_3617,Apparel,2190.29,1,0,0.4957,2586.1,2,0
ORD_100356,CUST_3198,Home & Kitchen,392.79,1,0,0.0682,898.0,3,0
ORD_100391,CUST_1586,Electronics,482.99,1,0,0.2445,2712.7,1,0
ORD_107532,CUST_1574,Beauty,2390.25,0,1,0.4354,2129.5,3,0
ORD_108992,CUST_1216,Electronics,482.96,0,0,0.175,380.0,1,0
ORD_101361,CUST_2917,Apparel,4097.02,2,1,0.5787,1164.3,1,0
ORD_105073,CUST_1849,Apparel,473.89,1,0,0.1139,2009.6,3,0
ORD_111911,CUST_3510,Home & Kitchen,564.82,1,1,0.2767,609.5,1,0
ORD_107357,CUST_2788,Home & Kitchen,795.61,1,1,0.0647,1724.1,1,0
ORD_101497,CUST_2141,Apparel,3541.74,1,0,0.0404,3495.6,1,0
ORD_103391,CUST_3566,Footwear,2917.53,5,1,0.0321,2083.2,1,1
ORD_101228,CUST_1882,Electronics,1194.52,1,0,0.3135,2627.8,1,0
ORD_101863,CUST_4547,Apparel,2339.78,0,1,0.1995,2498.0,1,0
ORD_106853,CUST_4335,Beauty,814.77,0,1,0.1463,1304.7,3,0
ORD_108059,CUST_3895,Home & Kitchen,739.69,0,0,0.4055,2417.5,1,0
ORD_107461,CUST_1404,Home & Kitchen,1121.58,1,0,0.2062,429.4,1,1
ORD_106240,CUST_4433,Beauty,375.64,0,0,0.3922,3231.0,3,0
ORD_112773,CUST_1325,Beauty,1823.09,1,0,0.1377,888.6,1,0
ORD_107305,CUST_2096,Footwear,1910.45,1,0,0.2806,748.8,1,1
ORD_107065,CUST_3953,Footwear,1447.89,3,1,0.4489,491.2,3,0
ORD_104083,CUST_1778,Apparel,1015.66,0,1,0.2663,3285.2,1,0
ORD_114874,CUST_3867,Electronics,1784.15,1,0,0.0299,537.1,1,0
ORD_113382,CUST_4139,Footwear,1498.6,7,1,0.3628,3277.3,6,0
ORD_114095,CUST_1295,Footwear,716.59,0,0,0.2615,470.3,1,0
ORD_113369,CUST_1849,Home & Kitchen,350.57,1,0,0.0894,1930.3,1,0
ORD_112343,CUST_3491,Apparel,1581.32,2,0,0.0604,1268.4,1,0
ORD_109478,CUST_2357,Home & Kitchen,935.46,2,1,0.1959,1073.9,1,0
ORD_102582,CUST_4218,Electronics,1198.95,1,1,0.4063,2249.7,1,1
ORD_113463,CUST_1449,Apparel,1166.11,3,1,0.1077,1008.3,1,0
ORD_108434,CUST_4735,Apparel,1374.55,0,1,0.0667,2345.8,1,0
ORD_105720,CUST_1309,Apparel,487.02,2,1,0.6103,2052.8,1,1
ORD_101484,CUST_4044,Home & Kitchen,2109.55,7,1,0.1742,1354.7,1,1
ORD_111619,CUST_1754,Electronics,1552.79,0,0,0.244,1257.1,1,0
ORD_104017,CUST_1434,Apparel,428.21,0,0,0.0766,2221.7,1,0
ORD_106665,CUST_3850,Beauty,360.24,1,0,0.3659,3224.0,1,0
ORD_105545,CUST_4824,Home & Kitchen,731.34,0,1,0.2106,2585.9,2,0
ORD_109158,CUST_3828,Electronics,1088.46,0,0,0.0557,1780.1,1,0
ORD_107511,CUST_4076,Electronics,1445.19,3,1,0.0581,779.8,1,0
ORD_103354,CUST_4976,Footwear,1197.49,0,1,0.1685,3111.2,1,1
ORD_110246,CUST_3607,Footwear,496.49,0,1,0.1891,894.4,1,1
ORD_113853,CUST_4003,Apparel,532.32,7,0,0.208,1214.4,1,1
ORD_113533,CUST_2099,Electronics,826.46,4,1,0.0087,3113.8,1,0
ORD_112308,CUST_1701,Footwear,520.73,1,0,0.1891,441.4,1,0
ORD_105561,CUST_1115,Beauty,850.08,0,1,0.1816,2168.2,6,1
ORD_108206,CUST_2972,Home & Kitchen,419.4,0,0,0.3026,781.1,1,0
ORD_105642,CUST_4351,Electronics,1901.3,1,0,0.0896,2201.7,6,0
ORD_109387,CUST_2956,Electronics,1177.39,0,1,0.1328,2432.7,3,0
ORD_108257,CUST_1262,Apparel,1098.14,0,0,0.2392,3019.4,1,0
ORD_104681,CUST_2442,Footwear,1546.0,1,1,0.3393,3277.1,1,0
ORD_114311,CUST_1600,Electronics,880.5,0,0,0.2457,2687.3,1,1
ORD_106152,CUST_1362,Footwear,2043.71,1,1,0.175,2664.7,3,0
ORD_105549,CUST_1628,Electronics,1494.37,0,1,0.3695,3012.3,1,0
ORD_105934,CUST_3369,Apparel,686.76,2,1,0.1765,1075.8,1,1
ORD_110982,CUST_1628,Apparel,803.75,0,0,0.1464,876.9,1,0
ORD_113244,CUST_2124,Apparel,1003.22,5,0,0.2884,1412.4,1,0
ORD_106842,CUST_2096,Home & Kitchen,1338.24,1,0,0.1839,2558.2,1,0
ORD_105675,CUST_4896,Electronics,572.09,3,0,0.257,1694.0,2,1
ORD_108710,CUST_4916,Apparel,1781.42,3,1,0.0144,3204.5,1,0
ORD_112605,CUST_4125,Apparel,4005.71,4,0,0.133,1742.0,6,0
ORD_109477,CUST_4791,Apparel,4552.08,0,0,0.1627,3190.3,1,0
ORD_102709,CUST_4374,Beauty,1092.5,0,1,0.1871,2254.2,1,0
ORD_105905,CUST_1451,Home & Kitchen,2343.33,0,1,0.3668,2772.7,1,1
ORD_110319,CUST_1545,Electronics,459.75,1,1,0.3139,342.0,1,0
ORD_101448,CUST_1574,Footwear,973.89,0,1,0.2126,366.3,1,0
ORD_112355,CUST_2676,Footwear,912.24,1,0,0.0549,1593.1,2,1
ORD_111291,CUST_1753,Footwear,1184.97,0,1,0.2146,1319.3,1,0
ORD_104405,CUST_1342,Apparel,1148.21,2,0,0.2804,1856.8,3,0
ORD_107569,CUST_1807,Apparel,708.31,0,0,0.381,2413.0,1,0
ORD_112559,CUST_1209,Home & Kitchen,514.29,0,1,0.1451,2562.3,1,0
ORD_114735,CUST_2773,Electronics,5809.47,2,1,0.2194,1224.2,1,1
ORD_101573,CUST_4368,Electronics,4218.33,2,1,0.0276,2213.2,1,0
ORD_111869,CUST_4454,Footwear,1914.43,0,1,0.2272,2901.4,1,0
ORD_111076,CUST_3553,Home & Kitchen,774.77,0,0,0.1123,1212.8,1,0
ORD_113388,CUST_3649,Electronics,837.66,1,1,0.3576,2233.2,1,0
ORD_103116,CUST_1352,Apparel,800.15,4,1,0.1476,2510.9,1,0
ORD_105780,CUST_3524,Beauty,1418.14,5,0,0.11,2774.4,3,0
ORD_100843,CUST_2197,Footwear,2636.17,1,1,0.1266,472.2,3,1
ORD_103020,CUST_3606,Electronics,1410.61,0,0,0.2438,1884.3,3,0
ORD_113339,CUST_1349,Electronics,1468.74,10,1,0.3574,2805.9,1,1
ORD_112771,CUST_2606,Beauty,1706.78,0,1,0.295,2822.2,2,0
ORD_101309,CUST_2160,Beauty,1439.35,0,1,0.0577,1282.2,1,0
ORD_112417,CUST_2018,Electronics,2286.72,1,1,0.1139,2613.1,6,1
ORD_104001,CUST_2517,Apparel,874.48,0,1,0.2062,359.8,1,1
ORD_106959,CUST_4561,Footwear,499.9,1,1,0.0954,2587.4,1,0
ORD_100147,CUST_3640,Home & Kitchen,3707.64,0,0,0.1477,1284.9,1,1
ORD_111621,CUST_4735,Home & Kitchen,1022.35,0,0,0.2102,2785.1,1,0
ORD_113333,CUST_2609,Footwear,1568.41,2,0,0.2044,1744.6,3,1
ORD_108391,CUST_1507,Apparel,1383.13,0,0,0.2811,2350.1,1,0
ORD_104872,CUST_4536,Footwear,1813.89,0,0,0.1181,1552.7,3,0
ORD_104271,CUST_1550,Electronics,434.42,1,1,0.0218,3146.6,1,0
ORD_111748,CUST_4963,Apparel,621.94,0,1,0.2069,2099.3,3,0
ORD_114087,CUST_2785,Beauty,383.31,1,1,0.115,3356.5,1,0
ORD_105366,CUST_4764,Footwear,1648.53,4,0,0.447,1892.8,1,0
ORD_100242,CUST_4296,Electronics,2421.54,0,1,0.1177,3356.1,6,1
ORD_105527,CUST_4522,Beauty,2334.01,1,1,0.1668,3072.8,1,0
ORD_103415,CUST_2446,Apparel,4063.34,0,1,0.2728,1847.3,6,0
ORD_106524,CUST_1857,Home & Kitchen,542.81,0,1,0.1497,2937.7,1,0
ORD_101498,CUST_3853,Apparel,1386.26,2,0,0.2188,2820.7,3,0
ORD_110517,CUST_3688,Electronics,5684.64,0,0,0.1049,197.8,1,0
ORD_108820,CUST_2772,Apparel,1050.13,0,1,0.0439,1039.9,1,0
ORD_101887,CUST_3854,Apparel,570.7,3,1,0.0998,2265.4,1,0
ORD_108471,CUST_2706,Home & Kitchen,434.9,0,1,0.0903,2904.7,6,0
ORD_109432,CUST_3532,Electronics,363.42,0,1,0.34,1127.8,2,0
ORD_100833,CUST_1750,Electronics,851.8,0,1,0.1649,2471.1,1,0
ORD_114974,CUST_1088,Footwear,332.85,0,1,0.3033,1018.7,1,1
ORD_110881,CUST_2465,Beauty,829.82,1,1,0.2374,919.7,1,0
ORD_102760,CUST_2316,Footwear,733.44,10,0,0.0669,1213.5,1,0
ORD_105287,CUST_4205,Apparel,541.87,0,1,0.1604,3373.2,1,0
ORD_104453,CUST_3620,Apparel,1345.38,4,1,0.0626,198.5,6,0
ORD_112321,CUST_1037,Apparel,3119.77,3,0,0.4085,1882.1,1,0
ORD_110326,CUST_2320,Home & Kitchen,952.5,2,1,0.0991,2809.5,1,1
ORD_110984,CUST_3879,Footwear,1963.25,1,1,0.0936,3368.0,2,0
ORD_112401,CUST_4891,Footwear,685.27,10,1,0.0578,2791.1,1,0
ORD_107646,CUST_1834,Apparel,669.42,4,0,0.3205,2216.9,3,0
ORD_111855,CUST_1595,Home & Kitchen,1082.82,1,1,0.2762,1152.5,1,1
ORD_105412,CUST_4365,Apparel,382.75,1,1,0.1192,1805.5,3,0
ORD_104525,CUST_4691,Home & Kitchen,1138.48,0,0,0.0682,1709.5,12,0
ORD_107321,CUST_1459,Apparel,656.11,3,1,0.017,2528.0,6,0
ORD_112755,CUST_4476,Home & Kitchen,523.42,0,0,0.1463,1899.6,1,0
ORD_107434,CUST_1605,Beauty,1662.96,0,1,0.2986,398.5,1,1
ORD_109162,CUST_1078,Beauty,902.54,0,1,0.1015,2980.3,1,0
ORD_111525,CUST_3197,Apparel,883.12,2,1,0.0982,1146.5,1,1
ORD_114032,CUST_4115,Home & Kitchen,2018.3,3,1,0.1107,817.2,1,1
ORD_113855,CUST_2075,Beauty,849.21,1,0,0.0324,2932.8,1,0
ORD_100396,CUST_4923,Home & Kitchen,1129.49,0,0,0.2699,2465.0,3,0
ORD_102173,CUST_1579,Beauty,3079.97,0,1,0.1221,326.1,1,1
ORD_100141,CUST_3027,Electronics,3146.47,0,0,0.1576,1361.1,1,0
ORD_108066,CUST_1147,Footwear,1476.53,0,0,0.2121,1787.0,1,0
ORD_112353,CUST_1114,Apparel,393.85,0,0,0.15,902.0,1,0
ORD_103099,CUST_3506,Electronics,933.38,2,1,0.3958,1183.3,1,0
ORD_109546,CUST_4672,Beauty,1416.21,0,1,0.3097,3144.3,1,1
ORD_110526,CUST_3901,Apparel,306.83,2,1,0.2004,2193.4,1,1
ORD_109375,CUST_2910,Apparel,656.36,3,1,0.2521,3261.4,2,1
ORD_107216,CUST_1498,Apparel,427.36,0,1,0.0393,979.1,2,0
ORD_107190,CUST_2344,Apparel,653.71,0,0,0.1216,2352.7,1,0
ORD_112397,CUST_2893,Footwear,399.0,1,1,0.0811,1392.0,1,0
ORD_109043,CUST_4186,Footwear,2368.88,0,1,0.2633,1782.4,1,0
ORD_100860,CUST_2856,Footwear,304.53,0,1,0.202,1061.3,1,1
ORD_114520,CUST_3176,Electronics,940.0,2,1,0.3217,1051.7,1,1
ORD_112678,CUST_3739,Footwear,1028.48,0,1,0.2127,2198.9,1,0
ORD_100163,CUST_3977,Footwear,2732.55,7,0,0.2525,2554.3,1,1
ORD_108961,CUST_3712,Home & Kitchen,571.76,0,0,0.1645,625.6,1,0
ORD_101490,CUST_3645,Apparel,4604.34,3,1,0.1341,2085.1,1,1
ORD_102575,CUST_3134,Footwear,1696.67,2,1,0.2146,741.3,2,0
ORD_100725,CUST_1089,Footwear,2356.09,3,1,0.319,1658.2,1,1
ORD_113914,CUST_1108,Electronics,980.37,1,1,0.1766,3063.0,1,0
ORD_112606,CUST_2963,Apparel,2663.34,0,1,0.2015,3481.1,1,0
ORD_114106,CUST_1326,Electronics,394.51,0,1,0.1354,2722.2,6,0
ORD_110539,CUST_3869,Apparel,351.7,2,0,0.0595,575.5,1,0
ORD_101858,CUST_3953,Electronics,986.81,1,0,0.2413,887.0,2,0
ORD_114110,CUST_4662,Electronics,1209.92,0,0,0.2987,2314.4,1,0
ORD_104852,CUST_2771,Apparel,585.94,0,1,0.1802,796.2,1,0
ORD_106058,CUST_4995,Beauty,1624.03,0,1,0.3109,2287.9,3,0
ORD_104394,CUST_4516,Apparel,1109.45,2,0,0.3158,3496.1,1,1
ORD_100006,CUST_4772,Apparel,967.95,0,1,0.1063,572.8,1,0
ORD_110174,CUST_4985,Electronics,789.75,0,1,0.1974,2538.6,1,1
ORD_110540,CUST_2502,Apparel,839.13,2,0,0.1167,2834.4,1,0
ORD_112313,CUST_4722,Home & Kitchen,2051.53,0,1,0.6999,2633.8,1,0
ORD_100907,CUST_4480,Footwear,408.98,5,0,0.0722,1197.1,1,0
ORD_105599,CUST_3146,Electronics,1163.39,0,1,0.1087,1070.3,1,0
ORD_101705,CUST_3134,Footwear,1206.65,7,1,0.1737,1826.0,1,0
ORD_102431,CUST_1959,Apparel,310.69,5,0,0.2503,2725.5,1,0
ORD_104820,CUST_4730,Home & Kitchen,5077.21,0,1,0.2215,1360.9,1,1
ORD_112791,CUST_4808,Apparel,955.95,0,0,0.1398,3023.9,1,0
ORD_101664,CUST_1951,Home & Kitchen,2064.37,2,0,0.0823,1021.8,1,0
ORD_105447,CUST_2275,Apparel,973.95,1,0,0.4235,2273.3,1,0
ORD_104990,CUST_2551,Apparel,579.3,0,1,0.1317,3310.0,1,0
ORD_101469,CUST_4571,Footwear,351.17,1,1,0.4614,2255.0,1,0
ORD_100605,CUST_2369,Apparel,629.31,0,0,0.2059,2040.1,1,0
ORD_108308,CUST_4235,Beauty,522.15,1,1,0.0837,2260.9,1,0
ORD_111278,CUST_4964,Footwear,514.11,0,0,0.3909,2264.4,3,0
ORD_107376,CUST_1470,Footwear,331.92,0,1,0.1251,442.7,3,0
ORD_111499,CUST_3976,Apparel,609.83,0,1,0.0963,2759.3,2,0
ORD_107092,CUST_3686,Home & Kitchen,438.39,0,0,0.0276,2863.8,1,0
ORD_108148,CUST_3987,Apparel,727.41,0,1,0.1033,731.3,1,0
ORD_106153,CUST_3170,Apparel,851.13,0,1,0.1052,1854.5,1,0
ORD_108622,CUST_3184,Footwear,443.82,0,1,0.1574,1831.3,1,0
ORD_113362,CUST_4450,Electronics,3214.49,1,0,0.1542,2649.0,1,0
ORD_114684,CUST_2523,Beauty,2524.5,2,0,0.1466,737.7,6,0
ORD_109493,CUST_4385,Apparel,783.48,0,0,0.2063,1884.8,1,0
ORD_109046,CUST_2307,Electronics,708.08,2,1,0.2105,2126.9,1,0
ORD_113700,CUST_3969,Electronics,527.73,0,0,0.3042,2898.7,2,0
ORD_111498,CUST_3598,Footwear,1717.71,1,1,0.2359,850.2,1,0
ORD_112552,CUST_1115,Electronics,1286.45,0,0,0.1732,2385.5,1,0
ORD_107441,CUST_4566,Electronics,527.24,1,0,0.3193,3228.6,1,0
ORD_106084,CUST_2459,Apparel,3114.94,0,1,0.1017,1861.1,1,1
ORD_101038,CUST_4094,Footwear,2134.37,1,0,0.2932,883.0,1,0
ORD_103086,CUST_1920,Home & Kitchen,2401.19,0,0,0.1657,403.9,1,1
ORD_109016,CUST_3642,Home & Kitchen,426.99,2,1,0.0953,2100.4,6,0
ORD_107490,CUST_1654,Electronics,2369.15,3,0,0.0962,1431.8,1,0
ORD_109075,CUST_2335,Footwear,2318.25,5,1,0.0204,1293.3,1,0
ORD_113166,CUST_2425,Beauty,1133.86,1,1,0.1166,1473.1,6,0
ORD_105883,CUST_3949,Footwear,1833.41,0,0,0.225,666.0,6,0
ORD_103276,CUST_4277,Home & Kitchen,757.87,7,0,0.2574,167.6,3,0
ORD_109468,CUST_4900,Electronics,6169.57,0,0,0.1697,2464.8,1,0
ORD_107324,CUST_4627,Electronics,4304.82,10,1,0.2041,2177.2,1,1
ORD_111448,CUST_3258,Beauty,4723.98,0,0,0.1123,271.9,1,0
ORD_101113,CUST_4031,Apparel,972.47,0,1,0.1982,1516.1,1,0
ORD_107442,CUST_1673,Electronics,814.01,0,1,0.0823,199.9,6,0
ORD_113056,CUST_1946,Apparel,2310.31,4,1,0.2495,2341.4,1,1
ORD_104214,CUST_1942,Apparel,966.41,1,1,0.206,2272.9,1,0
ORD_113061,CUST_1848,Apparel,2546.36,1,1,0.1157,3377.4,1,0
ORD_109999,CUST_4113,Apparel,983.07,0,1,0.3397,1712.4,1,0
ORD_101728,CUST_4680,Apparel,7511.9,0,1,0.3261,2564.7,3,1
ORD_104603,CUST_2935,Beauty,903.09,2,1,0.4076,2951.4,1,0
ORD_101095,CUST_4493,Footwear,848.01,0,0,0.1115,1535.2,2,0
ORD_102102,CUST_4211,Footwear,1491.46,0,0,0.1002,2982.8,1,0
ORD_106661,CUST_4471,Footwear,1907.45,3,1,0.232,782.6,3,1
ORD_104154,CUST_2283,Home & Kitchen,879.99,3,0,0.3419,2213.5,1,0
ORD_111648,CUST_2428,Apparel,2515.54,4,1,0.2067,2275.2,1,1
ORD_104633,CUST_3658,Electronics,328.65,0,1,0.0212,2651.1,1,1
ORD_103493,CUST_3628,Electronics,545.86,0,0,0.0819,541.8,6,0
ORD_111723,CUST_2704,Footwear,348.2,0,1,0.1364,3248.0,3,0
ORD_104505,CUST_4600,Footwear,2118.51,0,1,0.5047,3067.4,1,1
ORD_109731,CUST_3793,Footwear,2128.83,0,1,0.4137,772.0,3,0
ORD_113073,CUST_3025,Electronics,972.64,3,1,0.1243,3457.0,1,1
ORD_106873,CUST_2546,Apparel,1392.73,3,1,0.3232,299.9,1,1
ORD_105769,CUST_2006,Electronics,3352.64,5,1,0.3416,3094.6,1,1
ORD_110239,CUST_1246,Home & Kitchen,1790.18,5,1,0.207,2747.7,1,0
ORD_101665,CUST_1722,Home & Kitchen,995.18,0,0,0.1924,1845.2,1,0
ORD_106561,CUST_1857,Apparel,562.43,0,1,0.4511,2253.3,3,0
ORD_100350,CUST_3385,Footwear,306.57,0,0,0.2721,2768.6,1,0
ORD_114069,CUST_4410,Footwear,2673.93,1,0,0.3407,1011.7,1,0
ORD_111140,CUST_2126,Apparel,825.68,3,1,0.1346,1648.1,1,1
ORD_111640,CUST_3905,Beauty,750.02,0,1,0.0538,1547.7,1,0
ORD_106136,CUST_4690,Electronics,2505.18,2,0,0.0656,791.0,1,1
ORD_112940,CUST_2129,Footwear,3128.68,0,0,0.3733,2848.3,1,0
ORD_101624,CUST_2205,Home & Kitchen,2788.97,0,0,0.4601,294.0,6,0
ORD_101376,CUST_3219,Electronics,499.32,0,1,0.1947,624.8,6,0
ORD_114807,CUST_1096,Electronics,1084.74,3,1,0.3388,1679.0,1,0
ORD_113766,CUST_3675,Footwear,2622.0,0,1,0.2724,2070.9,1,1
ORD_108007,CUST_1200,Home & Kitchen,4681.74,3,0,0.1881,2945.9,1,0
ORD_109381,CUST_2916,Apparel,330.09,0,0,0.1486,470.1,1,0
ORD_112466,CUST_2764,Electronics,867.21,1,1,0.045,1586.7,1,0
ORD_105718,CUST_2045,Footwear,1273.37,0,0,0.1523,1341.1,1,0
ORD_114910,CUST_3114,Apparel,2969.44,5,0,0.2633,3300.1,1,0
ORD_104842,CUST_1557,Apparel,925.7,3,0,0.2351,2364.9,2,0
ORD_101980,CUST_1710,Electronics,421.53,2,0,0.2584,1894.8,1,0
ORD_113874,CUST_1203,Electronics,1199.22,0,0,0.2916,2684.5,1,0
ORD_109096,CUST_2908,Footwear,3816.06,2,0,0.3243,1655.2,1,0
ORD_105842,CUST_1658,Footwear,1626.83,0,0,0.2153,838.0,1,0
ORD_107333,CUST_4203,Apparel,3010.74,2,0,0.0959,206.5,1,1
ORD_102065,CUST_1244,Electronics,1994.24,5,0,0.2,1042.7,1,0
ORD_103101,CUST_4351,Apparel,858.03,0,0,0.0736,2083.8,12,0
ORD_106172,CUST_4256,Apparel,1321.0,0,0,0.0419,3424.6,1,0
ORD_111969,CUST_1998,Home & Kitchen,676.4,4,1,0.1333,2232.7,1,0
ORD_113910,CUST_3428,Electronics,4989.54,3,0,0.1932,746.1,1,0
ORD_110809,CUST_3697,Apparel,752.68,0,1,0.2315,1100.7,1,0
ORD_100496,CUST_3065,Electronics,2433.76,1,1,0.3534,762.2,6,0
ORD_111790,CUST_1803,Footwear,697.37,7,0,0.1534,426.9,1,0
ORD_109457,CUST_1026,Beauty,415.65,4,1,0.0561,1613.5,6,0
ORD_100526,CUST_2841,Electronics,1853.28,4,0,0.0924,2016.1,1,0
ORD_101722,CUST_4125,Electronics,2265.02,1,0,0.3557,705.7,1,0
ORD_108764,CUST_2073,Apparel,1785.83,0,1,0.3453,1354.1,1,0
ORD_106003,CUST_4523,Home & Kitchen,903.37,7,1,0.2422,2520.5,1,1
ORD_109790,CUST_2410,Beauty,606.65,0,0,0.2233,2772.0,6,1
ORD_103478,CUST_4355,Beauty,2022.93,1,1,0.3768,3440.9,1,1
ORD_114721,CUST_2535,Electronics,1446.19,4,0,0.1548,2980.1,1,1
ORD_101958,CUST_3708,Beauty,544.7,0,0,0.2109,2647.9,1,0
ORD_106192,CUST_4456,Home & Kitchen,2805.93,1,1,0.0496,547.6,1,0
ORD_109998,CUST_4907,Electronics,491.78,2,1,0.036,2554.0,1,1
ORD_100992,CUST_1708,Beauty,1114.35,1,0,0.1347,1534.3,1,0
ORD_105502,CUST_1085,Apparel,936.16,0,1,0.3643,1740.4,1,1
ORD_114854,CUST_1892,Beauty,804.42,0,1,0.1159,2389.4,1,0
ORD_103966,CUST_3352,Apparel,437.37,1,1,0.2118,534.5,12,1
ORD_102554,CUST_3430,Home & Kitchen,455.48,0,1,0.1341,704.5,1,1
ORD_102536,CUST_3056,Beauty,389.15,1,1,0.073,2896.2,2,0
ORD_113926,CUST_4056,Apparel,1901.56,2,1,0.1712,2491.7,3,0
ORD_112698,CUST_1310,Electronics,1166.91,0,0,0.1809,1023.0,1,0
ORD_101237,CUST_4345,Footwear,532.49,1,0,0.1045,1309.0,3,0
ORD_112800,CUST_1480,Apparel,1585.26,0,1,0.1516,2888.3,1,1
ORD_112532,CUST_4883,Apparel,462.81,3,1,0.644,1547.5,1,1
ORD_100537,CUST_3368,Footwear,861.1,0,0,0.2123,2926.7,1,0
ORD_114211,CUST_3335,Apparel,570.76,2,0,0.1235,2720.6,1,0
ORD_113517,CUST_2070,Apparel,331.93,0,0,0.2705,526.4,1,0
ORD_106437,CUST_3163,Apparel,338.17,0,1,0.2792,656.5,1,1
ORD_109062,CUST_3226,Footwear,874.22,0,1,0.2201,2222.6,2,1
ORD_110128,CUST_3997,Apparel,789.46,0,1,0.295,244.1,1,0
ORD_113810,CUST_3121,Electronics,1065.72,0,0,0.1091,194.5,6,0
ORD_102601,CUST_4423,Footwear,1151.97,0,0,0.0539,3015.1,1,1
ORD_101013,CUST_1852,Electronics,565.82,1,1,0.0737,2332.9,1,1
ORD_107043,CUST_1052,Apparel,465.23,0,0,0.355,1508.0,1,1
ORD_111646,CUST_1760,Apparel,1004.55,2,1,0.2475,2420.9,1,1
ORD_103155,CUST_4874,Apparel,481.88,0,0,0.2136,2382.3,1,0
ORD_100430,CUST_3735,Electronics,1833.8,0,1,0.0261,542.5,2,0
ORD_103443,CUST_2731,Apparel,831.78,0,0,0.1961,2997.3,1,0
ORD_104828,CUST_2708,Electronics,1153.05,0,0,0.1533,2384.1,6,0
ORD_100659,CUST_3479,Footwear,2360.91,3,1,0.2747,2576.3,2,0
ORD_108332,CUST_3623,Apparel,2521.34,4,1,0.0616,2700.4,2,0
ORD_108704,CUST_2633,Footwear,2143.92,0,1,0.2734,3009.6,1,1
ORD_109522,CUST_2842,Electronics,3337.85,0,0,0.1428,3420.5,1,0
ORD_107814,CUST_4982,Electronics,994.96,5,1,0.2373,1716.1,1,0
ORD_107878,CUST_1277,Beauty,1903.79,2,0,0.2588,517.3,6,0
ORD_104508,CUST_3866,Electronics,689.1,0,0,0.0516,835.4,1,0
ORD_105225,CUST_3274,Home & Kitchen,3003.17,1,1,0.2549,1666.0,6,1
ORD_111832,CUST_2463,Footwear,589.51,1,1,0.5056,1490.4,1,0
ORD_102317,CUST_4395,Home & Kitchen,775.08,2,1,0.085,1849.4,1,0
ORD_108808,CUST_2526,Beauty,1179.05,0,1,0.0753,239.8,1,1
ORD_103893,CUST_4614,Footwear,2956.61,1,0,0.1333,2592.7,2,0
ORD_112675,CUST_2223,Electronics,2145.73,7,0,0.0487,2810.6,2,0
ORD_109322,CUST_4369,Home & Kitchen,331.42,1,1,0.0983,1397.7,1,1
ORD_101795,CUST_1592,Apparel,530.09,1,0,0.3421,2000.7,1,0
ORD_104219,CUST_3326,Home & Kitchen,2106.4,1,0,0.1507,2681.1,1,0
ORD_106728,CUST_4634,Apparel,702.42,1,1,0.1697,2219.9,1,0
ORD_106334,CUST_3377,Apparel,390.5,0,1,0.1082,428.7,2,1
ORD_100763,CUST_3710,Apparel,2404.67,0,1,0.0143,2932.4,1,0
ORD_114039,CUST_4480,Footwear,4439.01,0,0,0.1403,943.1,1,1
ORD_108050,CUST_2173,Footwear,327.18,0,0,0.368,2147.3,2,0
ORD_102343,CUST_2030,Apparel,569.71,10,0,0.282,645.8,1,1
ORD_102321,CUST_3571,Apparel,3938.84,0,1,0.3464,2788.4,1,1
ORD_100624,CUST_1559,Electronics,763.78,0,1,0.0447,1109.9,1,0
ORD_114655,CUST_4012,Home & Kitchen,1258.42,0,1,0.0241,630.4,1,0
ORD_112460,CUST_1664,Home & Kitchen,317.49,1,1,0.1996,1567.5,1,0
ORD_101643,CUST_1966,Home & Kitchen,973.96,1,0,0.2598,3244.6,1,0
ORD_114284,CUST_1976,Apparel,581.88,0,1,0.0291,1046.4,3,1
ORD_114558,CUST_2758,Home & Kitchen,517.87,1,1,0.1542,2763.2,2,0
ORD_110941,CUST_2724,Apparel,652.81,4,0,0.4211,1179.5,1,0
ORD_100528,CUST_3455,Apparel,599.46,7,1,0.2594,3296.6,1,0
ORD_104381,CUST_2585,Electronics,925.02,1,1,0.285,1458.1,1,0
ORD_111402,CUST_2221,Footwear,3762.26,0,0,0.2551,1546.5,6,0
ORD_109586,CUST_2117,Home & Kitchen,502.48,0,0,0.0305,1813.6,1,0
ORD_104841,CUST_2960,Electronics,935.1,0,1,0.2319,190.1,6,0
ORD_108176,CUST_2135,Apparel,2081.99,3,0,0.0794,1879.3,2,0
ORD_112812,CUST_2462,Beauty,2927.3,0,0,0.1143,914.4,2,0
ORD_114270,CUST_2389,Electronics,1254.89,3,0,0.1976,870.6,1,0
ORD_104868,CUST_1703,Electronics,808.61,1,0,0.2026,2440.4,1,0
ORD_105386,CUST_3536,Footwear,2365.87,2,1,0.3164,2288.6,1,1
ORD_109760,CUST_2157,Footwear,3995.7,0,0,0.384,2130.2,1,1
ORD_105444,CUST_3319,Apparel,1799.74,0,1,0.1594,1851.3,1,0
ORD_114374,CUST_1146,Footwear,3119.41,0,0,0.2767,203.8,3,0
ORD_105210,CUST_3321,Beauty,415.64,0,1,0.1049,3307.6,1,0
ORD_110627,CUST_3603,Electronics,1500.03,1,1,0.211,470.0,1,1
ORD_106543,CUST_4111,Beauty,1072.15,0,0,0.0512,1128.3,1,0
ORD_109193,CUST_2045,Beauty,2362.81,0,1,0.2613,1860.7,3,0
ORD_105852,CUST_3475,Beauty,1992.44,2,0,0.1014,2340.0,1,0
ORD_100158,CUST_4099,Electronics,351.6,0,1,0.3068,1200.7,2,0
ORD_100315,CUST_4908,Apparel,438.49,2,1,0.047,3317.5,1,0
ORD_106608,CUST_4748,Apparel,2337.23,2,1,0.3804,1024.9,12,1
ORD_112564,CUST_1893,Beauty,2268.76,1,0,0.2278,178.1,1,0
ORD_100113,CUST_4798,Apparel,1860.8,1,0,0.2358,2010.6,1,0
ORD_113453,CUST_3185,Apparel,2500.79,1,0,0.2878,1660.5,2,0
ORD_112692,CUST_1048,Apparel,1559.47,0,0,0.3807,515.7,1,0
ORD_102787,CUST_4868,Footwear,2480.68,2,0,0.0553,2119.1,1,0
ORD_111405,CUST_3745,Home & Kitchen,2897.13,0,1,0.226,3056.8,6,0
ORD_110310,CUST_1018,Electronics,539.25,0,0,0.3737,1802.7,2,0
ORD_114247,CUST_3315,Apparel,961.28,0,0,0.4075,1353.1,1,1
ORD_113794,CUST_2230,Electronics,2528.73,3,1,0.1272,1106.7,1,0
ORD_110050,CUST_4159,Footwear,317.18,3,0,0.1977,211.8,6,1
ORD_107149,CUST_3896,Electronics,689.4,1,1,0.3386,3081.8,1,0
ORD_107762,CUST_2923,Home & Kitchen,1471.74,5,1,0.2414,1577.8,1,0
ORD_102893,CUST_4726,Home & Kitchen,1571.3,1,1,0.3938,2957.8,1,0
ORD_111878,CUST_3045,Electronics,778.03,0,0,0.079,3089.3,1,0
ORD_107850,CUST_3268,Footwear,1433.97,0,1,0.1752,156.4,1,0
ORD_111738,CUST_4677,Apparel,953.62,0,1,0.439,496.9,6,1
ORD_101501,CUST_1814,Apparel,1176.85,5,1,0.4503,2999.8,1,1
ORD_110145,CUST_4146,Footwear,578.57,2,0,0.4217,838.4,1,0
ORD_102313,CUST_3963,Apparel,589.41,1,1,0.1668,241.7,1,1
ORD_105959,CUST_2659,Footwear,877.18,1,0,0.1172,2639.7,1,0
ORD_103547,CUST_1359,Footwear,420.94,3,0,0.0571,2339.8,1,0
ORD_108520,CUST_4124,Electronics,671.18,2,0,0.2106,299.5,1,0
ORD_105459,CUST_3321,Apparel,622.48,0,0,0.1792,2194.2,1,1
ORD_100665,CUST_2757,Footwear,2116.68,0,0,0.0947,1594.7,1,0
ORD_101380,CUST_4713,Apparel,1716.43,0,1,0.0658,878.6,1,0
ORD_107916,CUST_4373,Apparel,2296.57,0,1,0.1061,2992.5,1,1
ORD_106213,CUST_2152,Home & Kitchen,1959.67,2,0,0.1144,1826.3,1,0
ORD_107857,CUST_4814,Beauty,323.85,0,1,0.106,1077.5,1,0
ORD_102662,CUST_4808,Apparel,957.36,10,0,0.0823,2221.8,1,0
ORD_110470,CUST_4992,Electronics,710.12,0,1,0.0544,2721.4,1,0
ORD_102836,CUST_4952,Electronics,568.58,0,1,0.1884,2799.4,1,0
ORD_109864,CUST_2025,Electronics,578.58,1,0,0.2023,1489.9,1,0
ORD_105449,CUST_3743,Electronics,2276.96,0,0,0.279,229.0,1,1
ORD_112822,CUST_4224,Footwear,583.23,4,0,0.0736,1242.3,6,0
ORD_106868,CUST_3857,Footwear,588.9,0,1,0.0681,2185.6,1,0
ORD_102122,CUST_1771,Home & Kitchen,1149.97,1,0,0.3906,1291.4,1,0
ORD_107964,CUST_2921,Home & Kitchen,1639.96,1,1,0.0405,380.9,1,0
ORD_102865,CUST_4828,Home & Kitchen,1360.01,3,0,0.2147,2510.1,2,0
ORD_100695,CUST_2687,Electronics,1787.38,4,0,0.4784,1549.1,6,0
ORD_109089,CUST_1966,Apparel,331.03,2,1,0.165,1543.0,3,1
ORD_104557,CUST_2347,Beauty,899.45,1,0,0.1848,2846.1,1,0
ORD_103641,CUST_4852,Beauty,2535.02,1,0,0.3685,1804.8,6,0
ORD_112576,CUST_1581,Footwear,335.6,0,1,0.2067,1518.9,1,1
ORD_101588,CUST_2854,Apparel,5579.67,1,1,0.0762,1433.0,1,1
ORD_105594,CUST_4327,Apparel,1671.73,1,1,0.575,160.5,1,0
ORD_104107,CUST_4525,Home & Kitchen,454.68,0,0,0.0468,673.1,1,0
ORD_110639,CUST_4634,Beauty,418.11,0,1,0.1674,897.2,2,0
ORD_100599,CUST_1119,Footwear,1943.91,2,1,0.184,738.6,1,1
ORD_105615,CUST_3179,Apparel,1839.52,0,0,0.458,1694.3,2,0
ORD_108713,CUST_2019,Apparel,475.62,2,1,0.0917,3122.7,2,0
ORD_109747,CUST_2206,Apparel,2774.6,2,0,0.0821,1252.4,1,0
ORD_108894,CUST_2092,Home & Kitchen,4062.61,0,0,0.1333,3039.2,1,0
ORD_110218,CUST_1855,Apparel,758.66,1,0,0.1399,309.1,1,0
ORD_109743,CUST_2299,Apparel,676.86,1,1,0.1376,1313.9,12,0
ORD_113539,CUST_4685,Beauty,559.01,0,1,0.6373,3424.6,1,1
ORD_105263,CUST_4259,Electronics,1401.92,0,0,0.448,808.0,1,1
ORD_102023,CUST_4033,Apparel,8976.74,0,0,0.2153,2710.6,1,1
ORD_103488,CUST_4003,Apparel,3417.79,2,0,0.1815,3281.7,1,0
ORD_102382,CUST_4453,Apparel,387.29,0,0,0.1331,2069.5,1,0
ORD_108064,CUST_3988,Beauty,1187.09,2,1,0.3412,1505.8,1,1
ORD_111456,CUST_2919,Apparel,944.59,1,0,0.0376,280.0,3,0
ORD_102804,CUST_2359,Home & Kitchen,415.32,0,0,0.1272,2242.2,1,0
ORD_103123,CUST_2093,Home & Kitchen,1125.0,0,1,0.155,2811.7,2,0
ORD_111325,CUST_4169,Apparel,2337.13,3,1,0.438,3118.5,1,0
ORD_104673,CUST_3606,Home & Kitchen,1235.97,0,0,0.1439,2202.3,1,0
ORD_112544,CUST_4174,Electronics,4597.3,3,1,0.5161,2868.2,3,1
ORD_114608,CUST_2587,Home & Kitchen,2956.41,0,0,0.1976,1575.6,1,0
ORD_102030,CUST_3544,Footwear,1496.97,0,1,0.2973,2548.4,1,0
ORD_107888,CUST_2630,Footwear,4190.76,0,1,0.0091,980.1,2,0
ORD_105465,CUST_3001,Apparel,545.28,0,1,0.2248,677.5,6,0
ORD_102535,CUST_2925,Electronics,1503.01,0,1,0.0633,213.3,1,0
ORD_111556,CUST_2057,Electronics,1256.25,0,1,0.0867,1651.9,1,0
ORD_104401,CUST_3527,Home & Kitchen,1395.1,0,0,0.3791,1087.5,1,0
ORD_113543,CUST_4547,Home & Kitchen,2901.11,1,1,0.1148,2952.8,1,0
ORD_112661,CUST_2973,Beauty,1509.24,7,1,0.1025,2342.3,1,1
ORD_109080,CUST_4829,Footwear,780.1,0,0,0.1521,328.2,1,0
ORD_111700,CUST_3786,Apparel,431.92,0,1,0.2918,3353.8,3,1
ORD_108403,CUST_1303,Apparel,1326.69,7,0,0.2989,2612.5,1,0
ORD_100184,CUST_1502,Apparel,773.1,1,1,0.2422,953.9,1,1
ORD_102140,CUST_3553,Footwear,1073.27,0,0,0.0541,3181.4,2,0
ORD_104270,CUST_4472,Footwear,354.13,0,0,0.0867,2669.5,1,0
ORD_109980,CUST_4964,Apparel,553.84,0,0,0.2714,214.4,1,0
ORD_101922,CUST_2664,Apparel,1311.51,0,0,0.4307,282.1,1,0
ORD_107839,CUST_1949,Footwear,3812.85,1,0,0.3075,358.6,1,0
ORD_114732,CUST_1992,Home & Kitchen,1049.73,1,0,0.17,2799.8,1,0
ORD_114975,CUST_2938,Home & Kitchen,1194.66,0,1,0.0329,2697.7,1,1
ORD_107370,CUST_3117,Footwear,1345.82,1,1,0.4726,2673.8,1,1
ORD_114391,CUST_4984,Apparel,468.66,2,0,0.5482,2386.2,1,1
ORD_107891,CUST_2170,Footwear,1931.45,0,0,0.0417,385.9,2,0
ORD_113577,CUST_1623,Apparel,3451.22,0,1,0.106,1061.6,2,0
ORD_111363,CUST_2665,Apparel,1867.0,1,0,0.1108,3496.1,6,0
ORD_109518,CUST_3121,Apparel,2359.28,1,0,0.226,956.7,1,0
ORD_113337,CUST_2777,Apparel,697.06,2,1,0.1129,487.6,6,0
ORD_110895,CUST_3170,Electronics,452.59,2,0,0.2954,3259.9,1,0
ORD_102537,CUST_3821,Home & Kitchen,435.67,0,1,0.0944,900.5,1,0
ORD_113034,CUST_2293,Footwear,2268.88,0,0,0.2588,1628.8,1,0
ORD_101015,CUST_1062,Apparel,4667.53,0,0,0.0632,2404.3,1,0
ORD_108882,CUST_2191,Apparel,671.06,5,1,0.1764,3120.2,1,1
ORD_109700,CUST_1300,Beauty,1151.62,0,0,0.3359,3494.4,1,0
ORD_103809,CUST_2651,Footwear,922.74,1,1,0.0667,2577.9,2,0
ORD_112921,CUST_1133,Beauty,3322.28,4,1,0.1086,442.8,1,1
ORD_113640,CUST_4911,Home & Kitchen,483.07,1,1,0.0425,1420.3,1,0
ORD_105727,CUST_3985,Apparel,751.51,2,0,0.1296,183.6,1,1
ORD_105927,CUST_1568,Apparel,4214.9,3,0,0.3895,1867.4,2,1
ORD_113436,CUST_1296,Apparel,386.67,0,0,0.4048,3088.9,3,0
ORD_109913,CUST_1241,Home & Kitchen,415.96,0,0,0.0733,3411.2,1,0
ORD_101777,CUST_4190,Apparel,335.04,0,1,0.261,1217.4,3,1
ORD_105329,CUST_3459,Beauty,3831.88,0,0,0.2869,798.1,1,0
ORD_103165,CUST_3500,Apparel,397.51,0,0,0.0651,1483.6,1,0
ORD_101168,CUST_4474,Beauty,735.78,0,0,0.2681,2620.5,6,0
ORD_112471,CUST_2412,Home & Kitchen,700.15,0,1,0.1061,1002.8,1,0
ORD_101829,CUST_3175,Electronics,2250.95,2,1,0.1354,3359.6,1,1
ORD_104616,CUST_2380,Apparel,690.43,1,0,0.1556,2196.9,6,1
ORD_113752,CUST_4923,Beauty,8407.89,0,0,0.0583,913.3,1,0
ORD_108697,CUST_1691,Apparel,1147.62,5,1,0.3444,1714.6,1,0
ORD_106081,CUST_1150,Footwear,1024.19,2,1,0.1129,1081.4,1,0
ORD_112115,CUST_4047,Apparel,344.81,0,1,0.3516,599.2,2,0
ORD_106266,CUST_3773,Apparel,1084.0,0,1,0.3399,2028.8,1,0
ORD_107037,CUST_4258,Apparel,2710.51,3,0,0.4627,543.9,1,0
ORD_109923,CUST_4924,Electronics,1318.7,4,0,0.1026,1322.0,1,0
ORD_114249,CUST_2751,Beauty,1116.09,3,0,0.0802,836.9,1,0
ORD_102505,CUST_1241,Footwear,1089.85,0,1,0.1946,1273.0,1,0
ORD_106510,CUST_4163,Apparel,1529.26,0,1,0.2557,2762.4,2,0
ORD_114148,CUST_2559,Footwear,3500.01,0,1,0.2009,2665.4,6,0
ORD_107722,CUST_2482,Electronics,3487.83,0,1,0.248,2510.1,1,0
ORD_101328,CUST_3928,Apparel,1440.25,0,0,0.1477,797.5,1,0
ORD_104538,CUST_3649,Footwear,1581.55,0,1,0.0758,523.8,1,1
ORD_108865,CUST_3598,Footwear,6378.16,5,0,0.2808,688.6,1,0
ORD_111905,CUST_1768,Footwear,2061.59,2,0,0.1144,320.4,1,1
ORD_108408,CUST_3589,Electronics,4398.85,0,1,0.1047,1835.2,2,0
ORD_109118,CUST_2391,Apparel,2774.46,3,0,0.5547,2712.2,1,1
ORD_110858,CUST_1223,Apparel,330.54,0,0,0.261,1333.6,3,0
ORD_102148,CUST_1726,Footwear,975.99,0,0,0.1671,1789.1,1,0
ORD_107854,CUST_2390,Beauty,675.27,0,1,0.0532,3036.5,1,0
ORD_105179,CUST_2259,Electronics,1722.98,0,0,0.0596,820.9,1,0
ORD_105513,CUST_2751,Footwear,1078.33,0,1,0.2013,1162.0,1,1
ORD_112570,CUST_1393,Home & Kitchen,1152.59,1,0,0.1626,774.2,6,0
ORD_109120,CUST_2340,Apparel,430.27,1,0,0.263,1809.2,2,0
ORD_112368,CUST_4083,Apparel,1105.93,0,0,0.2478,1646.5,2,0
ORD_104474,CUST_2847,Apparel,470.62,0,0,0.0848,3134.1,3,0
ORD_105520,CUST_1943,Apparel,1332.8,5,1,0.0475,1461.3,1,0
ORD_113121,CUST_4238,Electronics,697.3,7,1,0.2094,281.4,3,0
ORD_100727,CUST_3652,Apparel,613.86,2,1,0.1746,1178.0,1,0
ORD_114015,CUST_1148,Footwear,1594.08,0,1,0.1217,612.5,1,0
ORD_114952,CUST_2082,Home & Kitchen,633.4,0,0,0.0759,3411.9,6,0
ORD_110298,CUST_3084,Footwear,635.49,0,1,0.1799,1694.6,1,0
ORD_109993,CUST_2184,Electronics,1251.71,0,1,0.1867,3477.2,1,1
ORD_111965,CUST_4850,Footwear,2164.6,1,1,0.0893,1908.3,1,0
ORD_109445,CUST_3258,Home & Kitchen,969.4,1,1,0.1382,1102.0,2,0
ORD_105564,CUST_1692,Apparel,862.47,4,1,0.1737,2438.2,6,0
ORD_101216,CUST_1725,Apparel,581.04,2,0,0.194,1084.4,3,0
ORD_106920,CUST_4157,Footwear,2005.26,2,0,0.151,1674.0,1,0
ORD_109931,CUST_3779,Footwear,4831.11,1,0,0.0349,492.3,6,1
ORD_106764,CUST_2874,Apparel,958.29,0,0,0.0975,2628.4,1,0
ORD_103843,CUST_3097,Apparel,1577.34,2,0,0.1587,1326.2,1,1
ORD_105115,CUST_3659,Beauty,423.1,0,1,0.2904,1765.7,6,1
ORD_110054,CUST_1935,Apparel,1330.73,0,1,0.2619,3214.7,1,0
ORD_113812,CUST_2750,Electronics,635.94,2,0,0.0505,2494.5,1,0
ORD_114651,CUST_3503,Beauty,1788.33,0,0,0.2065,1387.1,1,0
ORD_105267,CUST_4923,Apparel,3171.38,5,1,0.1796,1599.4,1,0
ORD_105362,CUST_4372,Footwear,327.1,0,0,0.2455,2318.2,1,0
ORD_114269,CUST_2979,Electronics,418.14,2,0,0.1626,2507.4,1,0
ORD_108146,CUST_1640,Apparel,1112.98,1,0,0.1909,2434.8,1,1
ORD_102507,CUST_4936,Footwear,1195.09,5,0,0.0158,235.2,6,0
ORD_110732,CUST_4128,Footwear,2836.11,7,1,0.0096,3428.8,1,0
ORD_108276,CUST_2292,Apparel,1097.06,0,1,0.2482,1146.9,3,1
ORD_113070,CUST_3035,Footwear,574.12,1,1,0.2049,1980.6,1,1
ORD_111379,CUST_3859,Apparel,493.09,2,1,0.0842,1722.2,6,0
ORD_107317,CUST_3511,Electronics,3949.77,0,1,0.3927,1053.6,6,0
ORD_107161,CUST_3431,Apparel,2047.49,2,1,0.0476,3421.2,1,0
ORD_103149,CUST_2153,Beauty,1976.95,1,1,0.1739,2580.8,1,0
ORD_114404,CUST_4689,Footwear,2316.38,0,0,0.2688,3036.8,1,0
ORD_101657,CUST_2792,Apparel,1622.05,1,0,0.3673,918.6,12,1
ORD_110633,CUST_2439,Home & Kitchen,397.51,0,0,0.3908,623.5,6,0
ORD_113756,CUST_2816,Apparel,1268.41,3,0,0.0832,2575.2,1,0
ORD_100525,CUST_2890,Footwear,708.81,0,0,0.1657,562.1,1,0
ORD_103513,CUST_1147,Apparel,2195.33,0,1,0.0436,1701.6,2,0
ORD_103464,CUST_4191,Apparel,2007.15,0,0,0.3169,3251.0,1,1
ORD_108025,CUST_2694,Apparel,566.25,0,1,0.0283,3196.1,1,0
ORD_112766,CUST_4581,Apparel,1873.22,0,1,0.2372,1296.4,1,0
ORD_102802,CUST_4884,Apparel,619.14,0,0,0.3686,2699.4,1,0
ORD_102308,CUST_2245,Apparel,1860.11,0,0,0.3458,371.0,1,0
ORD_114577,CUST_4218,Apparel,3317.86,0,1,0.1393,2631.0,1,0
ORD_102518,CUST_3241,Electronics,328.42,0,1,0.4266,481.7,6,1
ORD_102629,CUST_4453,Apparel,2753.03,1,1,0.2064,2457.9,1,0
ORD_106612,CUST_3940,Home & Kitchen,379.06,0,0,0.2798,2308.1,6,0
ORD_107618,CUST_3710,Beauty,916.9,0,1,0.1108,2698.2,6,0
ORD_110002,CUST_1740,Footwear,1848.76,0,0,0.3152,421.1,1,1
ORD_103802,CUST_2373,Electronics,4551.85,0,1,0.2958,3016.9,2,1
ORD_111560,CUST_4070,Beauty,889.06,0,0,0.2764,2526.4,1,0
ORD_113416,CUST_3070,Beauty,312.92,3,1,0.0684,2758.2,1,0
ORD_103727,CUST_2014,Electronics,2925.95,10,0,0.1795,258.7,1,1
ORD_110635,CUST_3562,Apparel,1595.57,0,1,0.1438,806.7,6,1
ORD_101006,CUST_1373,Apparel,601.85,0,1,0.3432,176.6,1,1
ORD_113016,CUST_4969,Electronics,957.04,1,0,0.1475,2871.5,1,0
ORD_106038,CUST_4308,Electronics,1766.32,0,1,0.3038,1091.7,1,0
ORD_110435,CUST_3556,Footwear,6653.26,3,0,0.3553,2261.2,6,1
ORD_104102,CUST_2127,Apparel,1394.53,0,1,0.2482,1571.3,3,1
ORD_111948,CUST_2817,Apparel,850.91,1,1,0.1196,1480.9,1,1
ORD_109650,CUST_1176,Home & Kitchen,2545.98,0,0,0.0742,370.8,1,1
ORD_101866,CUST_4629,Apparel,715.63,0,1,0.0066,2044.3,1,0
ORD_107481,CUST_1589,Apparel,1049.42,0,1,0.1461,354.6,1,0
ORD_109835,CUST_3827,Footwear,845.42,2,1,0.199,764.5,1,1
ORD_101708,CUST_2823,Beauty,1533.85,0,1,0.136,2350.9,1,0
ORD_104346,CUST_4447,Footwear,332.01,1,0,0.0334,2257.4,1,0
ORD_109409,CUST_4960,Apparel,1912.75,2,0,0.2907,488.3,1,0
ORD_110667,CUST_4557,Home & Kitchen,2325.23,2,1,0.0666,1315.3,2,0
ORD_108840,CUST_4253,Electronics,1047.55,2,0,0.2718,2377.9,1,1
ORD_111770,CUST_1941,Apparel,476.41,1,0,0.1077,2858.6,1,0
ORD_102215,CUST_1592,Electronics,1383.46,2,1,0.1065,1537.1,1,0
ORD_106019,CUST_3915,Apparel,6257.41,0,1,0.2347,156.3,2,1
ORD_108385,CUST_2306,Apparel,1351.99,1,1,0.3567,2085.7,1,0
ORD_112689,CUST_1877,Footwear,356.36,3,0,0.257,787.7,1,0
ORD_101420,CUST_2851,Beauty,666.48,2,0,0.1368,987.4,1,0
ORD_113939,CUST_2942,Apparel,2937.48,0,0,0.0418,1997.4,1,0
ORD_104273,CUST_4938,Apparel,1731.79,1,0,0.3091,985.4,3,0
ORD_109024,CUST_4593,Apparel,570.26,0,1,0.1587,3006.2,6,1
ORD_111841,CUST_2553,Electronics,328.48,1,0,0.1093,190.6,1,0
ORD_111200,CUST_1180,Apparel,946.89,0,1,0.1291,3420.9,3,0
ORD_113117,CUST_1145,Home & Kitchen,1547.48,0,0,0.1764,797.4,2,1
ORD_103877,CUST_3790,Electronics,857.28,1,1,0.0214,780.5,1,0
ORD_110492,CUST_4786,Electronics,2366.99,1,1,0.2156,2053.8,6,1
ORD_100543,CUST_2906,Apparel,800.71,1,0,0.2056,808.8,1,0
ORD_107248,CUST_3224,Beauty,684.68,0,1,0.0752,2761.8,2,0
ORD_101051,CUST_1050,Apparel,928.24,1,1,0.1144,1225.5,1,1
ORD_105237,CUST_1557,Footwear,1899.22,1,0,0.1862,1755.7,1,0
ORD_109610,CUST_1156,Electronics,1059.55,0,1,0.1954,1787.3,1,1
ORD_107832,CUST_2187,Apparel,686.31,2,1,0.228,2128.7,1,0
ORD_108771,CUST_1244,Footwear,560.31,3,0,0.4238,875.1,1,0
ORD_107759,CUST_1075,Apparel,2117.08,3,1,0.493,1142.0,1,1
ORD_106239,CUST_2200,Electronics,683.47,0,1,0.394,972.5,2,0
ORD_103176,CUST_1632,Apparel,898.61,0,0,0.1238,2068.6,12,0
ORD_108681,CUST_3773,Home & Kitchen,610.62,4,0,0.1087,899.3,1,0
ORD_109585,CUST_3415,Footwear,2123.92,2,1,0.2659,2924.3,1,0
ORD_103971,CUST_1383,Home & Kitchen,1872.82,0,0,0.2439,1831.3,1,0
ORD_109521,CUST_2705,Home & Kitchen,2303.03,1,0,0.0635,477.6,1,0
ORD_113396,CUST_3800,Apparel,949.37,0,0,0.3071,787.4,1,1
ORD_108767,CUST_3394,Beauty,476.64,1,1,0.312,1985.7,1,0
ORD_113921,CUST_3265,Home & Kitchen,1237.39,0,0,0.1219,267.8,1,0
ORD_102959,CUST_3840,Home & Kitchen,3107.5,0,0,0.4562,1289.1,1,1
ORD_111570,CUST_4281,Beauty,2494.53,0,1,0.0798,2952.3,1,0
ORD_112202,CUST_3105,Beauty,2784.63,10,1,0.3132,1064.3,2,1
ORD_106507,CUST_4612,Footwear,452.21,0,1,0.1302,2430.8,1,0
ORD_110989,CUST_2013,Beauty,768.34,0,0,0.3356,3287.2,1,0
ORD_106050,CUST_3101,Apparel,821.88,2,1,0.0606,1063.9,1,1
ORD_103630,CUST_3283,Electronics,677.03,1,0,0.2667,1459.3,1,0
ORD_109594,CUST_1924,Footwear,4422.92,1,1,0.0422,2983.0,3,1
ORD_108821,CUST_2058,Home & Kitchen,649.27,2,1,0.451,378.6,3,0
ORD_105006,CUST_3158,Footwear,896.04,2,1,0.0077,1262.5,2,0
ORD_108668,CUST_2332,Footwear,474.94,0,0,0.203,2360.0,1,0
ORD_102994,CUST_4530,Apparel,1690.19,5,1,0.2334,2486.4,1,1
ORD_111667,CUST_1230,Electronics,608.21,0,1,0.1473,1399.3,1,0
ORD_110025,CUST_2362,Home & Kitchen,908.34,0,0,0.0867,1484.4,2,0
ORD_107741,CUST_2354,Footwear,1825.2,1,0,0.0957,2504.8,1,0
ORD_104737,CUST_4106,Apparel,334.18,0,1,0.191,1658.0,1,0
ORD_104494,CUST_1317,Apparel,571.96,0,0,0.2148,3201.0,6,0
ORD_112019,CUST_4531,Electronics,1505.68,1,1,0.1169,2261.1,1,0
ORD_113686,CUST_1270,Footwear,770.42,0,0,0.2461,2306.3,3,0
ORD_110735,CUST_4407,Beauty,359.9,0,0,0.1696,1286.0,3,0
ORD_105862,CUST_1374,Footwear,849.52,0,0,0.1495,293.4,1,1
ORD_105050,CUST_1159,Electronics,315.79,4,0,0.1304,3490.0,1,0
ORD_100437,CUST_3797,Apparel,393.84,0,0,0.2884,3051.3,1,0
ORD_114395,CUST_2980,Apparel,2001.1,7,0,0.186,2546.3,1,0
ORD_104674,CUST_4219,Apparel,1775.35,0,1,0.3597,1063.5,1,0
ORD_100762,CUST_2687,Apparel,4543.06,1,1,0.1837,2047.1,1,0
ORD_108346,CUST_2192,Home & Kitchen,2728.88,0,1,0.0809,3460.7,1,0
ORD_114528,CUST_1512,Footwear,1775.26,1,1,0.0256,2521.1,6,0
ORD_110109,CUST_1254,Electronics,727.2,3,1,0.0614,1336.9,2,0
ORD_113638,CUST_4091,Apparel,805.96,2,0,0.2597,3196.4,6,0
ORD_102952,CUST_3666,Electronics,557.65,3,1,0.0362,2762.5,3,0
ORD_108567,CUST_3374,Footwear,1591.21,1,0,0.0176,1095.7,1,1
ORD_103316,CUST_1127,Home & Kitchen,412.97,10,0,0.3003,547.0,1,1
ORD_104925,CUST_2227,Footwear,1743.44,0,1,0.2471,3085.0,2,0
ORD_114405,CUST_3411,Apparel,1948.27,1,1,0.2466,2158.6,6,0
ORD_106371,CUST_1820,Apparel,347.42,0,0,0.1436,1595.8,1,0
ORD_113599,CUST_2330,Electronics,430.98,5,1,0.4592,300.9,1,1
ORD_100377,CUST_3056,Footwear,831.6,0,0,0.1526,1338.7,1,0
ORD_113283,CUST_2558,Apparel,488.6,0,1,0.0783,2923.1,1,0
ORD_104757,CUST_4140,Beauty,788.44,0,0,0.3851,3056.0,1,0
ORD_112917,CUST_2209,Apparel,1396.03,0,1,0.1132,2166.4,1,0
ORD_101593,CUST_3708,Footwear,361.05,0,1,0.3799,3354.7,1,0
ORD_104065,CUST_4970,Beauty,1928.97,0,1,0.1416,2669.8,1,0
ORD_107868,CUST_2311,Electronics,648.63,1,0,0.2415,3496.6,2,0
ORD_108941,CUST_2638,Beauty,689.46,0,0,0.2251,2533.4,1,0
ORD_109592,CUST_4985,Footwear,1308.96,2,0,0.0852,2387.6,1,0
ORD_111856,CUST_1920,Apparel,415.07,0,1,0.0337,623.4,1,0
ORD_114050,CUST_4170,Electronics,2164.91,0,1,0.2889,2582.8,3,0
ORD_112402,CUST_2103,Electronics,1563.8,2,0,0.0919,440.3,6,0
ORD_113909,CUST_1873,Electronics,548.21,1,0,0.1005,2261.7,3,0
ORD_102180,CUST_4394,Apparel,1100.8,2,1,0.144,497.6,3,0
ORD_107763,CUST_4046,Apparel,2027.54,1,0,0.1396,3170.0,1,1
ORD_100479,CUST_3544,Footwear,1085.72,0,1,0.0255,1113.4,1,0
ORD_106364,CUST_4865,Electronics,966.39,0,1,0.7216,1873.7,1,1
ORD_101055,CUST_2469,Footwear,2131.86,1,0,0.1179,3257.6,2,0
ORD_101570,CUST_4100,Apparel,832.29,0,1,0.2119,2427.9,1,0
ORD_109570,CUST_1727,Home & Kitchen,594.16,0,1,0.0956,297.3,2,0
ORD_102733,CUST_3003,Home & Kitchen,940.46,0,0,0.0556,2635.4,1,0
ORD_111793,CUST_1213,Beauty,1443.99,1,0,0.2274,3344.6,1,0
ORD_100856,CUST_3386,Footwear,437.51,5,1,0.1089,1266.0,1,1
ORD_112652,CUST_1488,Apparel,458.1,1,0,0.2079,2814.8,1,0
ORD_112521,CUST_3423,Beauty,1531.3,0,1,0.2501,1738.6,1,1
ORD_100563,CUST_3352,Electronics,933.24,0,0,0.2409,3273.3,1,1
ORD_102942,CUST_3390,Footwear,2452.11,0,1,0.1122,3056.4,1,0
ORD_101786,CUST_4297,Home & Kitchen,886.58,0,0,0.1879,3127.6,12,0
ORD_110333,CUST_2467,Beauty,3271.78,4,0,0.1896,263.3,1,0
ORD_113128,CUST_4078,Beauty,433.46,1,0,0.2411,419.8,1,0
ORD_100161,CUST_2863,Home & Kitchen,423.2,1,1,0.3993,1948.7,1,0
ORD_106803,CUST_1944,Electronics,588.89,3,1,0.1564,1872.7,1,0
ORD_101779,CUST_2555,Home & Kitchen,902.23,0,1,0.4392,2761.2,1,0
ORD_109374,CUST_4639,Apparel,1549.22,0,0,0.1703,1407.3,1,0
ORD_113653,CUST_3293,Apparel,902.42,2,1,0.0177,1400.0,1,0
ORD_107597,CUST_1875,Footwear,5017.13,4,0,0.3417,2941.4,1,1
ORD_112703,CUST_2232,Apparel,2678.6,2,1,0.2693,3162.4,1,0
ORD_101291,CUST_4448,Apparel,588.94,3,0,0.3771,415.5,12,1
ORD_112789,CUST_3502,Home & Kitchen,573.28,0,1,0.0175,2503.3,3,0
ORD_110046,CUST_1996,Electronics,976.33,0,0,0.1095,2873.3,1,1
ORD_103389,CUST_3044,Apparel,613.83,2,1,0.0393,1290.9,3,0
ORD_100521,CUST_2500,Apparel,400.6,1,1,0.2053,1847.8,3,0
ORD_103945,CUST_2495,Apparel,418.2,0,1,0.1975,2771.8,1,0
ORD_113538,CUST_3457,Electronics,3058.6,1,1,0.3795,747.1,1,1
ORD_113659,CUST_3709,Apparel,866.95,10,0,0.2755,181.1,1,1
ORD_111252,CUST_1540,Footwear,1200.67,1,1,0.3292,1052.2,1,0
ORD_113130,CUST_3500,Footwear,594.41,0,1,0.2562,1743.0,1,1
ORD_109645,CUST_3857,Apparel,533.72,2,1,0.1919,1844.9,2,0
ORD_108418,CUST_4161,Footwear,4943.55,0,1,0.0927,162.1,1,0
ORD_113036,CUST_4524,Apparel,465.41,1,1,0.2302,522.2,3,0
ORD_103500,CUST_1844,Electronics,1292.16,1,0,0.1135,2655.3,1,0
ORD_107225,CUST_1816,Apparel,659.23,0,0,0.1496,3463.0,2,1
ORD_101075,CUST_2077,Apparel,1146.14,0,0,0.1207,2243.1,3,0
ORD_109238,CUST_1156,Footwear,483.81,0,0,0.2966,2352.0,1,0
ORD_103114,CUST_1743,Home & Kitchen,846.14,2,0,0.2209,1960.0,1,1
ORD_111279,CUST_4185,Home & Kitchen,896.52,0,0,0.2346,984.1,1,1
ORD_107482,CUST_1428,Footwear,309.62,0,1,0.2295,529.4,3,0
ORD_109757,CUST_4627,Footwear,704.35,0,0,0.2788,3054.0,1,1
ORD_114342,CUST_4830,Electronics,2211.68,1,0,0.1354,2477.0,3,0
ORD_110096,CUST_3543,Beauty,2854.65,3,1,0.1368,2806.3,1,0
ORD_110969,CUST_1437,Footwear,1523.53,1,1,0.0912,2283.9,1,0
ORD_111643,CUST_3853,Beauty,300.5,2,1,0.1688,1969.8,2,0
ORD_110556,CUST_2202,Apparel,1231.5,0,0,0.1463,1235.2,1,0
ORD_101139,CUST_4818,Footwear,727.44,3,0,0.1538,2368.6,1,0
ORD_106149,CUST_3817,Apparel,3391.07,2,0,0.071,1359.9,1,0
ORD_100851,CUST_2217,Electronics,1528.3,0,1,0.0841,522.1,1,0
ORD_102002,CUST_1989,Footwear,800.5,0,1,0.4367,2910.1,1,1
ORD_113085,CUST_1384,Home & Kitchen,1740.08,3,1,0.2304,1595.2,1,1
ORD_111243,CUST_1754,Apparel,385.87,0,0,0.3273,1717.1,1,1
ORD_113051,CUST_1421,Footwear,2401.77,0,1,0.1019,2927.1,1,0
ORD_102926,CUST_3501,Footwear,1857.73,0,0,0.2156,414.4,12,1
ORD_102584,CUST_1749,Electronics,664.27,2,1,0.2385,1619.5,1,0
ORD_104625,CUST_2528,Electronics,1051.47,0,0,0.2052,1348.8,1,0
ORD_111381,CUST_1767,Beauty,2150.24,0,1,0.1807,1175.6,1,1
ORD_100263,CUST_2998,Electronics,1356.08,1,0,0.1474,2463.2,3,0
ORD_103774,CUST_3583,Apparel,3558.77,0,1,0.3152,3071.4,1,1
ORD_111515,CUST_2095,Apparel,693.55,0,1,0.0263,2610.9,1,0
ORD_114845,CUST_2718,Footwear,2216.32,2,0,0.4022,3418.3,1,0
ORD_111699,CUST_1538,Electronics,313.94,10,1,0.4381,206.1,3,0
ORD_101041,CUST_3724,Footwear,422.27,1,1,0.3616,1598.2,1,0
ORD_103622,CUST_3708,Footwear,991.48,1,0,0.1149,3254.3,1,0
ORD_102294,CUST_1674,Beauty,2473.94,0,0,0.2278,1782.4,1,0
ORD_109595,CUST_1151,Footwear,601.74,5,1,0.3443,1687.3,1,0
ORD_113561,CUST_4808,Footwear,793.2,0,0,0.0545,2142.5,3,0
ORD_113691,CUST_1075,Apparel,535.43,1,1,0.1856,2906.2,6,0
ORD_104124,CUST_4071,Footwear,6534.77,0,0,0.3791,1336.5,1,1
ORD_101538,CUST_3349,Footwear,1417.84,2,1,0.4481,1912.7,2,1
ORD_101930,CUST_4874,Apparel,1178.74,5,1,0.3987,2160.1,1,0
ORD_100202,CUST_2020,Apparel,1717.51,0,0,0.312,646.6,12,0
ORD_113267,CUST_1544,Apparel,526.16,0,1,0.2271,1059.4,1,0
ORD_100703,CUST_4498,Apparel,1249.29,3,1,0.1255,2707.4,1,0
ORD_100974,CUST_4006,Apparel,1035.61,0,1,0.1645,2695.4,2,1
ORD_102810,CUST_3033,Electronics,982.59,1,1,0.104,838.9,1,0
ORD_100574,CUST_4124,Apparel,3094.59,1,0,0.2384,2605.0,1,0
ORD_101373,CUST_1260,Footwear,746.43,0,1,0.3125,3453.5,1,0
ORD_113899,CUST_4534,Footwear,828.45,0,0,0.1108,2043.8,1,0
ORD_109969,CUST_1595,Electronics,492.34,0,1,0.4562,1740.2,3,1
ORD_100388,CUST_2696,Footwear,1247.31,0,1,0.2041,2377.2,1,0
ORD_113696,CUST_1328,Electronics,1501.57,1,1,0.1821,1862.3,1,0
ORD_109979,CUST_3631,Beauty,963.87,0,0,0.0695,376.1,1,1
ORD_111428,CUST_1490,Footwear,3626.04,0,1,0.1755,547.8,1,0
ORD_101106,CUST_3482,Electronics,619.04,0,1,0.0933,1153.4,1,0
ORD_106596,CUST_2814,Apparel,458.89,0,0,0.4124,2106.7,6,0
ORD_100610,CUST_3838,Apparel,3859.54,3,0,0.1618,807.0,6,0
ORD_108921,CUST_2634,Home & Kitchen,1782.63,2,1,0.0359,2559.6,2,0
ORD_110321,CUST_3372,Home & Kitchen,578.19,0,0,0.1385,1085.0,2,0
ORD_114245,CUST_1055,Apparel,1946.43,0,1,0.2092,1267.5,12,0
ORD_114819,CUST_2031,Beauty,852.45,0,0,0.234,888.1,1,0
ORD_106832,CUST_1954,Beauty,2191.62,3,0,0.3624,398.2,1,0
ORD_104583,CUST_2866,Footwear,451.12,4,0,0.1396,928.1,1,0
ORD_112023,CUST_2101,Footwear,939.66,0,1,0.0541,2305.9,1,0
ORD_103170,CUST_2016,Beauty,4604.26,2,0,0.3326,1642.4,3,0
ORD_101810,CUST_1236,Apparel,657.42,2,0,0.0901,1878.3,3,1
ORD_113897,CUST_2777,Electronics,1051.43,0,1,0.3422,2757.3,6,1
ORD_108081,CUST_2485,Apparel,404.72,2,0,0.1154,3269.7,3,0
ORD_108810,CUST_2378,Beauty,8248.4,0,1,0.0294,778.7,6,0
ORD_113327,CUST_1981,Electronics,1221.6,3,1,0.125,3097.2,1,0
ORD_109946,CUST_4865,Footwear,3249.43,0,1,0.3699,1237.2,1,1
ORD_110027,CUST_2282,Beauty,1041.42,1,0,0.2265,2811.5,1,0
ORD_111887,CUST_2311,Home & Kitchen,790.1,0,1,0.2026,3194.8,3,0
ORD_100732,CUST_1417,Footwear,489.71,0,0,0.0788,1928.5,2,0
ORD_109935,CUST_2995,Footwear,454.77,0,1,0.2109,1551.9,1,1
ORD_108143,CUST_4672,Home & Kitchen,1616.16,4,1,0.0935,3188.7,1,0
ORD_114899,CUST_1721,Electronics,481.09,5,0,0.0395,1501.3,1,1
ORD_112727,CUST_4424,Footwear,903.2,2,0,0.2464,2849.1,3,0
ORD_100691,CUST_1895,Apparel,1435.04,0,1,0.1921,1245.4,1,1
ORD_112975,CUST_1810,Apparel,1818.58,0,0,0.2077,3122.5,2,1
ORD_103799,CUST_1431,Electronics,3366.4,0,1,0.1763,1759.2,1,0
ORD_110800,CUST_3833,Electronics,900.51,1,0,0.3,1744.1,1,1
ORD_108676,CUST_3280,Footwear,1720.8,2,1,0.0934,645.7,3,0
ORD_107507,CUST_4288,Electronics,909.28,0,1,0.1655,1561.6,1,0
ORD_112230,CUST_1212,Home & Kitchen,1031.87,0,0,0.0605,338.2,1,0
ORD_114571,CUST_2851,Apparel,2043.17,1,0,0.3139,1541.4,3,0
ORD_113379,CUST_4742,Electronics,962.07,0,0,0.5902,293.0,1,0
ORD_100001,CUST_4507,Apparel,2108.03,5,1,0.2106,285.2,1,1
ORD_101271,CUST_3081,Electronics,3155.74,0,1,0.3514,177.9,1,0
ORD_109640,CUST_2503,Home & Kitchen,1119.91,1,1,0.0386,755.3,1,0
ORD_107860,CUST_2573,Footwear,1519.79,0,1,0.1977,1775.6,1,0
ORD_111411,CUST_1449,Home & Kitchen,1137.78,0,0,0.2124,540.2,1,0
ORD_111688,CUST_4677,Beauty,659.74,1,0,0.247,934.6,12,0
ORD_114731,CUST_3520,Footwear,477.49,1,0,0.281,2995.4,1,0
ORD_106969,CUST_2112,Electronics,656.71,0,1,0.4175,1197.1,1,0
ORD_113230,CUST_2571,Footwear,4656.68,1,0,0.1802,2157.1,12,0
ORD_107420,CUST_3011,Electronics,2768.35,3,0,0.1958,2704.6,3,0
ORD_105766,CUST_2914,Apparel,3870.81,0,1,0.4231,3293.2,1,1
ORD_110933,CUST_3885,Apparel,1006.83,1,0,0.0919,2493.3,1,0
ORD_112307,CUST_1763,Home & Kitchen,714.03,0,1,0.1362,449.6,1,0
ORD_111152,CUST_4609,Home & Kitchen,554.12,1,1,0.059,1817.9,1,0
ORD_112059,CUST_3800,Electronics,470.83,0,0,0.1803,1490.3,2,0
ORD_110545,CUST_2425,Home & Kitchen,311.14,0,0,0.0482,3295.5,2,0
ORD_107218,CUST_2735,Footwear,632.99,0,0,0.1027,1883.0,3,0
ORD_104671,CUST_1832,Apparel,1213.17,0,1,0.0586,3238.7,1,0
ORD_107233,CUST_1667,Footwear,538.5,0,0,0.2431,1530.8,3,0
ORD_112316,CUST_1806,Beauty,647.67,0,1,0.2969,1630.8,1,0
ORD_102038,CUST_1015,Apparel,878.06,10,1,0.2735,3346.3,1,0
ORD_102670,CUST_4369,Footwear,611.32,0,1,0.1527,1016.7,1,0
ORD_104169,CUST_2939,Home & Kitchen,3128.91,2,0,0.3877,220.1,1,0
ORD_105463,CUST_1869,Apparel,976.0,0,0,0.2184,2320.6,1,0
ORD_106222,CUST_1276,Apparel,302.74,0,0,0.1046,1858.2,3,0
ORD_109112,CUST_2710,Electronics,1818.31,0,0,0.2698,2686.2,1,0
ORD_103317,CUST_4679,Footwear,823.66,0,1,0.2231,2867.9,1,0
ORD_102779,CUST_3740,Footwear,3020.64,0,1,0.1976,1749.4,1,0
ORD_114042,CUST_4182,Footwear,1717.86,0,0,0.039,2540.8,2,0
ORD_109082,CUST_1615,Apparel,3290.54,3,0,0.3239,3117.5,2,1
ORD_109746,CUST_1898,Footwear,1513.26,7,1,0.0789,2579.2,3,1
ORD_109435,CUST_2173,Beauty,530.5,2,0,0.1019,2499.4,1,0
ORD_109331,CUST_1839,Electronics,3228.28,1,1,0.2434,713.8,1,0
ORD_113723,CUST_2703,Electronics,401.57,1,0,0.0955,2232.2,1,0
ORD_103743,CUST_2828,Apparel,654.6,0,0,0.2926,2653.2,1,0
ORD_107970,CUST_4867,Apparel,419.92,0,1,0.1721,2738.3,1,0
ORD_108811,CUST_2248,Apparel,671.67,0,0,0.152,3485.8,3,1
ORD_108316,CUST_1719,Beauty,3480.62,0,1,0.2851,309.2,1,0
ORD_102888,CUST_2367,Home & Kitchen,698.24,0,0,0.1095,2669.2,6,0
ORD_104591,CUST_4448,Apparel,330.44,0,1,0.1241,1051.6,1,1
ORD_111304,CUST_2452,Apparel,733.17,0,0,0.1088,385.0,6,0
ORD_111922,CUST_4614,Apparel,2026.0,0,0,0.1091,3356.7,1,0
ORD_101043,CUST_4529,Home & Kitchen,538.22,1,1,0.1841,3229.2,2,0
ORD_103060,CUST_3289,Apparel,1451.36,0,0,0.1611,2287.2,1,0
ORD_104476,CUST_3700,Electronics,903.45,2,1,0.1894,2879.5,1,0
ORD_101790,CUST_2523,Footwear,1535.34,0,1,0.0949,501.9,1,0
ORD_102980,CUST_2179,Footwear,416.48,1,1,0.3549,2216.1,3,1
ORD_102216,CUST_2137,Electronics,468.07,1,1,0.125,236.1,1,0
ORD_101507,CUST_3062,Electronics,6452.71,0,1,0.4337,2180.8,3,0
ORD_107460,CUST_2449,Apparel,3386.32,1,1,0.1619,2914.6,1,1
ORD_108058,CUST_3686,Apparel,1869.33,0,1,0.1851,902.1,1,1
ORD_113049,CUST_1705,Apparel,876.1,0,0,0.1151,2141.4,2,0
ORD_109314,CUST_2820,Footwear,1490.0,3,1,0.3861,2625.9,1,1
ORD_101874,CUST_1692,Electronics,1546.48,0,0,0.1013,3061.4,1,0
ORD_100390,CUST_1627,Footwear,2852.44,0,0,0.2572,1896.5,1,0
ORD_105346,CUST_4214,Footwear,3117.41,1,0,0.0979,2488.4,1,1
ORD_107653,CUST_1958,Beauty,773.42,2,0,0.405,2091.8,1,0
ORD_101640,CUST_4953,Electronics,415.65,0,0,0.3047,195.8,1,0
ORD_102222,CUST_3162,Apparel,2219.78,7,0,0.1405,651.4,1,1
ORD_101466,CUST_2202,Electronics,510.78,0,1,0.1474,2486.4,2,0
ORD_102751,CUST_1619,Home & Kitchen,1462.64,1,0,0.1759,2085.1,1,0
ORD_111859,CUST_2225,Home & Kitchen,1449.28,3,0,0.0872,1054.4,1,0
ORD_104611,CUST_2856,Apparel,398.76,1,0,0.4418,2801.1,3,0
ORD_102757,CUST_4713,Footwear,692.56,2,1,0.1479,2505.0,1,1
ORD_104472,CUST_3796,Footwear,1482.18,1,1,0.0101,1352.2,1,1
ORD_101617,CUST_4600,Beauty,1859.29,1,1,0.0681,2671.1,1,0
ORD_113489,CUST_1222,Apparel,346.41,0,1,0.1953,3351.6,1,0
ORD_113906,CUST_2774,Apparel,2689.59,4,1,0.3315,2973.8,6,1
ORD_114856,CUST_2254,Electronics,605.94,1,0,0.0103,1590.5,2,0
ORD_106060,CUST_4342,Apparel,554.96,0,1,0.2067,479.2,1,1
ORD_107522,CUST_2272,Electronics,3186.59,0,1,0.3609,799.2,1,0
ORD_104199,CUST_1475,Footwear,1405.67,0,1,0.3779,1548.3,1,1
ORD_108172,CUST_1851,Apparel,1100.09,2,0,0.2224,3486.9,1,0
ORD_105417,CUST_4661,Beauty,1241.32,0,1,0.15,1677.5,1,0
ORD_104292,CUST_1500,Apparel,2023.17,0,0,0.3407,1933.8,6,1
ORD_101537,CUST_1345,Apparel,1320.85,0,1,0.1153,2125.7,1,0
ORD_113059,CUST_2564,Apparel,1049.32,2,1,0.1621,3458.8,1,0
ORD_101279,CUST_3660,Home & Kitchen,546.1,3,0,0.2897,174.5,1,0
ORD_106841,CUST_2534,Footwear,1389.1,0,1,0.0578,2259.5,1,1
ORD_112327,CUST_2831,Electronics,892.31,1,0,0.115,726.4,2,0
ORD_103347,CUST_2276,Electronics,474.82,0,1,0.0954,448.4,6,0
ORD_109215,CUST_3372,Home & Kitchen,3830.7,0,0,0.6048,1544.9,6,1
ORD_111906,CUST_2124,Apparel,446.15,0,0,0.0859,2413.6,3,0
ORD_103602,CUST_4243,Apparel,3588.7,5,1,0.2719,2504.9,1,1
ORD_109027,CUST_4992,Apparel,5628.11,2,1,0.0446,3203.8,1,1
ORD_101191,CUST_3841,Footwear,665.6,2,1,0.2326,2554.2,1,1
ORD_105554,CUST_4430,Home & Kitchen,1040.79,0,1,0.0994,636.1,1,0
ORD_110296,CUST_4216,Footwear,1160.81,5,1,0.4861,1603.4,12,1
ORD_111672,CUST_3773,Apparel,1093.02,0,0,0.4004,889.8,6,0
ORD_107734,CUST_3305,Home & Kitchen,2034.42,4,0,0.1671,2355.6,1,0
ORD_110268,CUST_4285,Footwear,2136.95,2,1,0.176,754.9,6,1
ORD_103447,CUST_4835,Electronics,391.28,2,1,0.2906,3304.2,1,0
ORD_102671,CUST_1939,Footwear,736.07,0,1,0.1624,2573.6,12,0
ORD_105285,CUST_2697,Apparel,333.28,0,1,0.4439,1035.1,1,0
ORD_104311,CUST_2967,Beauty,2675.91,3,1,0.2415,2014.5,2,1
ORD_107366,CUST_1983,Electronics,789.7,5,0,0.2281,2656.8,1,0
ORD_103584,CUST_1522,Electronics,799.14,0,1,0.0933,1762.5,1,1
ORD_104712,CUST_3122,Electronics,975.01,0,1,0.355,3000.7,1,0
ORD_104308,CUST_3661,Apparel,1547.16,0,1,0.1421,1968.3,6,0
ORD_108881,CUST_1190,Electronics,1040.44,3,0,0.1162,1126.9,12,0
ORD_106966,CUST_1776,Home & Kitchen,643.0,0,1,0.4495,2558.2,1,0
ORD_111830,CUST_4764,Beauty,2238.01,0,1,0.1498,2096.7,3,0
ORD_107350,CUST_4797,Footwear,762.42,0,0,0.2838,2531.0,2,0
ORD_111612,CUST_3024,Electronics,2394.56,0,0,0.247,397.3,1,1
ORD_111861,CUST_2876,Apparel,2256.24,2,1,0.2986,2170.5,1,1
ORD_109692,CUST_3858,Apparel,1460.02,0,0,0.2586,1972.8,1,0
ORD_105861,CUST_4277,Apparel,1091.68,5,0,0.2829,1791.6,3,1
ORD_102392,CUST_2682,Beauty,625.34,3,1,0.3185,1796.0,6,0
ORD_111894,CUST_2672,Home & Kitchen,2197.6,2,1,0.0944,2894.3,1,1
ORD_105372,CUST_4483,Beauty,627.62,0,0,0.055,3086.8,1,0
ORD_111435,CUST_1824,Footwear,407.87,2,0,0.0895,1947.1,1,0
ORD_101508,CUST_4228,Electronics,358.67,0,0,0.2215,3169.5,6,0
ORD_111813,CUST_3804,Beauty,1076.09,2,0,0.1247,1349.3,1,1
ORD_102853,CUST_4673,Home & Kitchen,1416.28,0,1,0.1415,1098.3,2,0
ORD_109274,CUST_3672,Electronics,995.17,0,1,0.054,2643.9,1,0
ORD_102061,CUST_1957,Electronics,1575.99,3,0,0.4109,797.3,1,0
ORD_111504,CUST_4969,Beauty,1979.46,0,1,0.1339,1787.7,12,0
ORD_111491,CUST_1017,Home & Kitchen,1040.04,0,1,0.105,1880.7,6,0
ORD_100421,CUST_4987,Electronics,1038.38,2,1,0.2378,1105.4,3,0
ORD_112988,CUST_4886,Home & Kitchen,733.31,2,1,0.0393,2703.5,12,0
ORD_101019,CUST_3842,Electronics,1903.9,1,0,0.4543,3105.7,1,1
ORD_105262,CUST_2401,Apparel,530.32,2,1,0.0917,2191.6,1,0
ORD_113471,CUST_3286,Apparel,670.55,2,0,0.1537,1534.3,2,0
ORD_101379,CUST_2191,Apparel,377.66,1,1,0.0663,3328.3,1,1
ORD_105587,CUST_3401,Beauty,815.11,3,1,0.4993,1815.9,1,1
ORD_104414,CUST_2896,Apparel,2698.05,3,0,0.2213,2152.2,2,0
ORD_102516,CUST_1917,Apparel,1653.96,10,0,0.042,898.7,2,0
ORD_114390,CUST_2345,Beauty,318.56,1,0,0.1941,1160.8,1,0
ORD_114306,CUST_1712,Apparel,1168.44,2,1,0.0391,2180.2,1,1
ORD_100002,CUST_1860,Beauty,2784.36,4,1,0.2159,497.9,1,0
ORD_114657,CUST_3168,Beauty,848.89,1,1,0.2504,1539.5,2,0
ORD_105818,CUST_2293,Beauty,604.59,0,0,0.2684,2229.4,1,0
ORD_106346,CUST_3977,Electronics,1897.48,1,1,0.3297,1576.2,1,0
ORD_112713,CUST_4083,Apparel,3259.54,1,0,0.2509,2914.7,1,0
ORD_109679,CUST_1143,Apparel,492.67,5,1,0.2131,2715.5,1,1
ORD_114316,CUST_4890,Apparel,667.65,0,1,0.0735,3238.6,1,0
ORD_107414,CUST_4520,Footwear,669.84,0,1,0.1451,1480.3,1,0
ORD_112848,CUST_4855,Beauty,1964.57,4,0,0.1109,2186.2,1,0
ORD_100533,CUST_4896,Home & Kitchen,656.77,1,1,0.4021,3233.9,1,0
ORD_100645,CUST_4356,Footwear,1702.86,1,0,0.1504,615.7,1,0
ORD_100300,CUST_2707,Electronics,1782.71,0,1,0.2821,749.4,1,1
ORD_105253,CUST_3064,Home & Kitchen,547.77,0,0,0.3083,1263.5,1,0
ORD_113580,CUST_3768,Footwear,1426.55,2,1,0.0911,2373.6,1,0
ORD_101255,CUST_3859,Electronics,2123.54,1,0,0.0743,3367.8,1,0
ORD_101732,CUST_4489,Apparel,2003.62,0,1,0.1702,2569.8,1,0
ORD_105460,CUST_4090,Home & Kitchen,432.85,0,1,0.1668,2555.9,1,0
ORD_104259,CUST_3190,Footwear,2317.29,0,1,0.0473,2849.8,1,1
ORD_105583,CUST_2913,Apparel,386.49,0,0,0.1844,1616.6,2,0
ORD_109688,CUST_2359,Electronics,1116.18,0,1,0.2471,2976.5,6,1
ORD_107318,CUST_4184,Apparel,1952.15,0,0,0.2444,499.8,1,1
ORD_113592,CUST_4130,Footwear,1974.69,1,1,0.2257,176.0,2,0
ORD_109926,CUST_3086,Apparel,2694.37,3,0,0.0676,1245.1,12,1
ORD_109251,CUST_4331,Home & Kitchen,424.76,0,1,0.0798,812.2,1,0
ORD_103682,CUST_2899,Home & Kitchen,975.27,0,1,0.2026,2662.1,3,0
ORD_103196,CUST_4943,Beauty,1864.06,4,0,0.1804,2954.7,1,1
ORD_102262,CUST_3582,Beauty,451.56,3,1,0.0351,386.0,2,0
ORD_108030,CUST_1526,Electronics,1272.01,4,0,0.0784,3153.5,1,0
ORD_104131,CUST_1612,Apparel,1462.39,0,1,0.3513,3380.8,1,1
ORD_112857,CUST_3322,Electronics,807.82,2,1,0.125,2607.9,2,0
ORD_102248,CUST_2716,Footwear,742.7,1,0,0.0502,2465.2,1,0
ORD_108443,CUST_4832,Electronics,2037.12,0,0,0.126,1565.6,1,0
ORD_109874,CUST_2135,Footwear,825.29,10,1,0.1963,2016.4,1,0
ORD_102576,CUST_4595,Beauty,657.22,2,1,0.3308,2485.8,1,0
ORD_110536,CUST_2105,Electronics,2191.86,2,1,0.2048,1376.3,1,0
ORD_109532,CUST_1283,Home & Kitchen,662.57,1,1,0.3807,2376.7,1,0
ORD_110206,CUST_4699,Apparel,1618.59,1,0,0.1347,3483.1,1,0
ORD_101224,CUST_3713,Home & Kitchen,449.58,1,1,0.2347,3445.7,1,0
ORD_114282,CUST_4633,Apparel,1301.08,1,0,0.067,1707.3,1,0
ORD_101299,CUST_3671,Electronics,5631.45,2,1,0.4366,482.1,12,1
ORD_100908,CUST_1823,Home & Kitchen,1119.55,0,0,0.106,1563.9,1,0
ORD_104979,CUST_4842,Apparel,559.24,0,0,0.1718,2197.8,1,0
ORD_108602,CUST_4012,Apparel,802.57,1,0,0.3682,1886.4,1,1
ORD_110359,CUST_2598,Electronics,822.25,2,1,0.1019,3496.8,3,0
ORD_104520,CUST_3174,Apparel,988.83,5,1,0.0188,1994.4,1,0
ORD_110493,CUST_4682,Beauty,1370.67,0,1,0.08,2893.3,2,0
ORD_102154,CUST_2776,Apparel,2750.54,1,0,0.2293,3218.8,1,0
ORD_100334,CUST_4002,Electronics,706.69,1,0,0.1649,3484.9,6,1
ORD_113850,CUST_3825,Apparel,2409.8,4,1,0.1941,1260.6,1,0
ORD_111407,CUST_3857,Electronics,1644.63,3,1,0.3624,1577.7,1,1
ORD_112233,CUST_1928,Apparel,1057.5,0,0,0.0129,3276.3,1,0
ORD_100493,CUST_4327,Home & Kitchen,679.35,0,0,0.26,711.4,2,1
ORD_113374,CUST_2177,Electronics,1840.75,4,1,0.0808,1689.0,1,1
ORD_109608,CUST_4085,Electronics,311.5,3,0,0.4171,2395.8,1,0
ORD_100749,CUST_1675,Beauty,1197.78,5,1,0.2626,2510.8,1,0
ORD_102607,CUST_2737,Apparel,590.48,0,0,0.3055,1086.7,6,0
ORD_105991,CUST_1072,Home & Kitchen,1338.87,1,1,0.0987,2854.9,1,0
ORD_100629,CUST_1896,Apparel,498.59,1,1,0.1166,798.0,2,0
ORD_111425,CUST_4770,Apparel,2568.02,0,0,0.3294,1689.4,6,0
ORD_113846,CUST_1010,Electronics,640.02,2,0,0.1103,1875.9,1,0
ORD_101719,CUST_3490,Footwear,993.13,2,0,0.2289,703.0,1,1
ORD_103398,CUST_3044,Footwear,1913.44,0,0,0.2365,1795.7,1,0
ORD_109714,CUST_2163,Home & Kitchen,2371.09,1,0,0.0125,2756.8,1,0
ORD_105636,CUST_2913,Footwear,1961.44,0,1,0.2258,2833.3,3,0
ORD_105220,CUST_2088,Home & Kitchen,1506.78,0,0,0.2109,1858.0,2,0
ORD_110547,CUST_2061,Footwear,1854.58,0,0,0.3935,1622.7,1,1
ORD_112443,CUST_2979,Beauty,1234.27,0,0,0.3789,1548.2,1,1
ORD_102549,CUST_4389,Home & Kitchen,2087.42,0,0,0.2066,2165.3,1,1
ORD_100887,CUST_1753,Footwear,1621.79,1,0,0.237,950.9,1,0
ORD_107016,CUST_2932,Apparel,661.14,3,0,0.2732,2504.4,1,0
ORD_106588,CUST_4861,Beauty,2234.43,1,1,0.2729,2202.7,1,0
ORD_101550,CUST_1827,Footwear,704.8,0,1,0.2314,3329.4,1,0
ORD_110762,CUST_3463,Footwear,1656.38,3,0,0.2302,991.6,1,0
ORD_106625,CUST_3103,Apparel,1113.37,0,0,0.449,1258.3,1,0
ORD_106962,CUST_3153,Footwear,544.75,0,1,0.1913,2768.4,1,0
ORD_100998,CUST_1797,Apparel,704.49,2,0,0.4041,1742.9,6,1
ORD_106043,CUST_3309,Electronics,974.73,0,0,0.1629,3259.5,1,0
ORD_104257,CUST_2838,Apparel,1764.28,2,1,0.3453,3355.9,1,1
ORD_106635,CUST_1229,Footwear,845.18,0,1,0.3966,1520.4,1,1
ORD_112456,CUST_4807,Apparel,520.63,0,0,0.3057,1464.2,2,0
ORD_111707,CUST_3739,Home & Kitchen,594.05,5,1,0.2747,3247.9,1,1
ORD_111931,CUST_4491,Electronics,1378.44,0,1,0.202,357.6,1,0
ORD_108627,CUST_3528,Electronics,932.64,1,1,0.1528,532.0,1,0
ORD_110930,CUST_3132,Beauty,615.7,0,1,0.1613,898.4,3,0
ORD_106850,CUST_4294,Home & Kitchen,3640.5,0,0,0.0675,549.1,1,0
ORD_113449,CUST_3486,Home & Kitchen,409.09,1,0,0.1624,3173.0,1,0
ORD_103874,CUST_2625,Home & Kitchen,327.34,1,0,0.2635,2897.2,1,0
ORD_103091,CUST_4668,Electronics,812.97,0,1,0.2701,2922.2,1,1
ORD_102137,CUST_3265,Electronics,2606.52,3,0,0.2095,3342.0,1,0
ORD_112662,CUST_3251,Beauty,351.87,4,1,0.172,2717.8,1,0
ORD_105815,CUST_1077,Footwear,441.94,0,1,0.367,194.0,1,1
ORD_100923,CUST_4284,Electronics,716.5,0,1,0.4086,2899.1,3,1
ORD_102152,CUST_2043,Footwear,328.44,3,1,0.1285,3206.2,1,0
ORD_100453,CUST_1959,Electronics,648.5,0,0,0.122,2272.7,1,0
ORD_109893,CUST_3263,Beauty,2630.29,0,0,0.0679,2679.7,1,0
ORD_103952,CUST_3539,Beauty,712.1,1,1,0.4318,1440.0,6,0
ORD_103088,CUST_2343,Electronics,411.69,1,0,0.1527,242.2,2,1
ORD_103112,CUST_2005,Home & Kitchen,2708.28,1,1,0.0187,2470.9,1,0
ORD_103746,CUST_1821,Home & Kitchen,2323.88,0,1,0.3279,1556.4,3,1
ORD_106141,CUST_3912,Apparel,1017.82,0,1,0.063,3339.5,1,0
ORD_101884,CUST_3723,Electronics,742.22,1,1,0.1447,2465.8,6,0
ORD_112944,CUST_3595,Electronics,1151.49,1,1,0.0992,630.5,6,0
ORD_113602,CUST_2821,Apparel,1043.95,3,0,0.0289,651.4,1,0
ORD_109927,CUST_3007,Footwear,1197.47,0,0,0.1266,723.0,2,0
ORD_102665,CUST_4591,Electronics,2485.75,2,1,0.2933,1454.8,3,0
ORD_113732,CUST_1663,Beauty,1078.45,4,1,0.0772,1454.5,6,0
ORD_102450,CUST_1520,Electronics,698.96,5,0,0.3546,1177.3,1,1
ORD_106295,CUST_1637,Home & Kitchen,2336.24,1,1,0.1078,2271.3,1,0
ORD_100676,CUST_4977,Apparel,419.32,1,0,0.2579,1306.8,1,0
ORD_114647,CUST_4012,Electronics,2453.69,3,0,0.0839,2340.4,3,0
ORD_107993,CUST_3410,Electronics,1327.58,0,0,0.3559,3204.3,1,0
ORD_113603,CUST_4002,Electronics,949.73,2,1,0.0359,637.9,1,0
ORD_114799,CUST_3627,Footwear,1113.63,3,1,0.2061,1849.1,1,0
ORD_111268,CUST_1361,Apparel,660.19,1,1,0.4308,1981.2,1,0
ORD_113970,CUST_3847,Beauty,1134.66,1,1,0.4512,330.5,6,1
ORD_102017,CUST_4884,Electronics,484.18,1,0,0.2302,260.1,2,0
ORD_105121,CUST_3224,Footwear,1746.43,1,1,0.3237,2623.5,1,0
ORD_103318,CUST_1091,Beauty,3943.47,0,1,0.1402,2319.3,1,0
ORD_103770,CUST_3547,Apparel,451.32,1,1,0.0927,2767.5,2,0
ORD_102237,CUST_4239,Beauty,1116.63,0,0,0.0388,1656.4,3,0
ORD_103127,CUST_2804,Apparel,946.56,3,1,0.3133,2615.8,1,0
ORD_105595,CUST_1650,Electronics,559.52,1,1,0.5294,752.6,2,1
ORD_104499,CUST_3280,Electronics,700.55,3,1,0.1376,1649.0,1,0
ORD_114386,CUST_4499,Electronics,2500.29,0,1,0.2547,499.5,12,0
ORD_103976,CUST_4249,Home & Kitchen,1658.29,1,1,0.1582,3459.7,1,1
ORD_103658,CUST_3468,Apparel,2586.61,3,1,0.3567,3352.3,1,1
ORD_109109,CUST_3271,Electronics,360.54,2,0,0.1893,427.6,1,0
ORD_108038,CUST_3964,Apparel,638.99,2,0,0.0836,3459.6,1,0
ORD_107751,CUST_3309,Apparel,373.58,0,0,0.3766,1517.0,3,0
ORD_103042,CUST_2072,Electronics,360.71,0,1,0.3102,1646.6,1,0
ORD_105027,CUST_2693,Home & Kitchen,1096.63,1,0,0.0416,2553.2,2,0
ORD_112774,CUST_4434,Electronics,1361.43,0,1,0.1213,773.6,1,0
ORD_103262,CUST_4138,Electronics,923.41,0,0,0.1637,3224.2,3,0
ORD_108700,CUST_2200,Footwear,585.4,5,0,0.2061,896.8,1,0
ORD_104197,CUST_2154,Beauty,1389.44,4,1,0.0342,857.3,1,1
ORD_107761,CUST_2356,Apparel,701.66,0,0,0.1466,630.8,1,0
ORD_104765,CUST_1820,Apparel,1723.37,4,0,0.2151,970.5,6,0
ORD_105137,CUST_3679,Apparel,1872.1,0,0,0.266,1527.3,1,0
ORD_103037,CUST_2660,Apparel,2997.76,0,0,0.1579,1066.6,6,0
ORD_101921,CUST_2040,Footwear,463.3,3,0,0.1191,1588.8,1,0
ORD_102746,CUST_2847,Home & Kitchen,3560.99,0,1,0.1919,2161.3,1,0
ORD_106109,CUST_2673,Apparel,2942.2,2,1,0.1007,328.3,6,1
ORD_106811,CUST_2959,Apparel,971.08,0,1,0.276,2718.0,2,0
ORD_113255,CUST_4136,Electronics,1263.18,0,1,0.3,455.1,6,0
ORD_114814,CUST_1456,Home & Kitchen,4378.28,0,1,0.0952,774.3,1,0
ORD_109721,CUST_3941,Beauty,593.68,4,1,0.1368,2389.0,2,1
ORD_112886,CUST_1702,Electronics,394.58,1,1,0.0355,202.6,1,0
ORD_114864,CUST_4917,Footwear,1193.22,3,0,0.255,3484.0,2,0
ORD_105380,CUST_1215,Home & Kitchen,417.76,0,1,0.0747,1002.7,1,1
ORD_102120,CUST_4782,Footwear,1628.82,3,1,0.2589,529.5,12,0
ORD_114176,CUST_2097,Electronics,542.84,2,0,0.1658,674.8,1,1
ORD_114085,CUST_1286,Footwear,471.09,2,1,0.2874,2814.5,1,0
ORD_106529,CUST_2493,Home & Kitchen,1700.31,0,1,0.0862,2086.4,1,0
ORD_112540,CUST_3735,Home & Kitchen,2061.03,0,0,0.2324,607.9,1,0
ORD_102457,CUST_3548,Apparel,484.91,3,1,0.032,867.1,1,1
ORD_111154,CUST_2892,Apparel,1132.57,1,1,0.2898,3325.2,1,1
ORD_104825,CUST_2889,Electronics,777.26,3,1,0.1674,1363.5,6,0
ORD_104570,CUST_4808,Apparel,960.86,2,0,0.3049,923.0,1,1
ORD_113139,CUST_4196,Apparel,2904.64,1,0,0.0765,3492.7,3,0
ORD_104787,CUST_4456,Apparel,548.93,0,0,0.3556,1435.6,1,1
ORD_113634,CUST_2336,Beauty,1654.36,0,1,0.2118,917.4,1,0
ORD_101937,CUST_4549,Home & Kitchen,1355.11,2,0,0.1058,1041.5,1,0
ORD_112633,CUST_3899,Apparel,336.17,0,1,0.0763,2010.9,1,0
ORD_103279,CUST_4839,Electronics,1166.96,1,0,0.317,316.1,12,1
ORD_107941,CUST_3758,Footwear,554.53,0,0,0.2925,1748.0,3,0
ORD_104242,CUST_2958,Home & Kitchen,2358.76,0,1,0.2016,2868.4,2,0
ORD_104783,CUST_1138,Home & Kitchen,417.64,1,0,0.4476,3272.2,1,0
ORD_101178,CUST_4584,Apparel,2385.46,1,1,0.1505,1681.8,1,1
ORD_108693,CUST_2312,Home & Kitchen,2587.18,1,1,0.0397,1706.4,1,0
ORD_103527,CUST_1562,Beauty,1021.93,0,0,0.2156,2935.3,3,0
ORD_106540,CUST_1615,Apparel,473.26,1,1,0.0485,2850.6,1,0
ORD_111420,CUST_1947,Apparel,2283.65,0,0,0.0698,3254.1,1,0
ORD_101005,CUST_2824,Electronics,782.34,0,1,0.3386,1624.6,1,0
ORD_107157,CUST_4435,Footwear,630.22,0,0,0.0895,3369.9,3,0
ORD_114688,CUST_4817,Electronics,3658.59,0,0,0.1618,2092.8,2,0
ORD_114921,CUST_4994,Electronics,1678.88,3,0,0.3172,594.1,1,1
ORD_103583,CUST_2249,Apparel,2723.4,3,0,0.4273,798.1,6,0
ORD_112422,CUST_1239,Beauty,2719.3,0,0,0.1169,1273.3,1,1
ORD_108518,CUST_3244,Electronics,2229.75,4,0,0.104,3096.4,3,1
ORD_102427,CUST_3035,Apparel,3927.88,1,0,0.2823,2455.2,1,0
ORD_114786,CUST_3389,Beauty,499.17,1,1,0.4196,1767.5,1,0
ORD_104846,CUST_4600,Apparel,472.21,0,0,0.2104,3471.6,1,0
ORD_113071,CUST_2161,Footwear,721.85,2,0,0.4247,3013.3,1,0
ORD_103532,CUST_3397,Apparel,2157.16,7,0,0.0117,761.6,1,0
ORD_101578,CUST_3861,Apparel,1574.37,0,1,0.1659,3089.9,1,0
ORD_109932,CUST_1824,Apparel,779.04,0,1,0.1552,187.0,1,0
ORD_100627,CUST_4308,Apparel,965.16,0,0,0.2107,865.5,1,0
ORD_101607,CUST_1536,Electronics,940.32,0,0,0.0608,181.8,12,0
ORD_102767,CUST_1197,Electronics,617.32,0,0,0.1214,1841.9,1,0
ORD_104878,CUST_1603,Electronics,1868.64,7,1,0.1763,611.9,1,0
ORD_100457,CUST_4900,Apparel,1255.81,0,0,0.1027,2852.3,1,0
ORD_109268,CUST_1801,Home & Kitchen,1305.05,2,1,0.0856,3409.4,1,0
ORD_112105,CUST_4285,Apparel,309.42,0,0,0.3227,2860.2,1,0
ORD_112026,CUST_1074,Beauty,376.17,1,0,0.354,2374.8,6,0
ORD_110306,CUST_3467,Electronics,1533.21,0,1,0.1465,1904.8,3,1
ORD_100078,CUST_2390,Apparel,1967.62,0,0,0.1675,1347.8,1,0
ORD_110981,CUST_2632,Beauty,3768.47,7,0,0.2527,1676.2,12,0
ORD_107411,CUST_2594,Apparel,567.69,3,1,0.2422,678.4,1,1
ORD_104112,CUST_3434,Home & Kitchen,1755.85,0,1,0.3059,2612.4,1,0
ORD_106341,CUST_2377,Apparel,481.68,0,0,0.4497,3112.2,1,0
ORD_101992,CUST_1136,Footwear,334.66,3,1,0.2348,405.2,1,0
ORD_110039,CUST_3641,Apparel,1489.45,1,0,0.122,1355.1,1,0
ORD_100889,CUST_4709,Home & Kitchen,892.7,0,0,0.1797,2994.9,1,0
ORD_111628,CUST_4865,Apparel,545.15,1,0,0.1143,275.6,1,0
ORD_106774,CUST_4825,Footwear,689.72,1,0,0.1992,2675.7,1,0
ORD_104347,CUST_3867,Apparel,4564.39,1,1,0.0835,618.1,1,1
ORD_107954,CUST_4266,Beauty,448.53,2,0,0.1091,1308.6,2,0
ORD_105433,CUST_4792,Footwear,773.16,3,0,0.1095,2900.9,3,0
ORD_102490,CUST_3448,Footwear,4064.72,0,0,0.1516,2087.3,6,1
ORD_108119,CUST_1784,Home & Kitchen,1850.76,3,1,0.0413,2632.8,1,0
ORD_109866,CUST_4833,Footwear,1178.71,0,1,0.0746,3271.1,1,0
ORD_107004,CUST_1226,Electronics,1292.01,4,1,0.0549,3306.7,1,0
ORD_105539,CUST_2522,Electronics,1178.04,0,0,0.2016,2229.0,2,0
ORD_104614,CUST_2998,Beauty,5449.6,2,1,0.2004,3380.6,1,1
ORD_110408,CUST_4497,Footwear,1468.81,0,0,0.5156,263.4,3,0
ORD_108591,CUST_2689,Apparel,423.9,0,0,0.2989,2337.3,12,0
ORD_103003,CUST_4006,Beauty,659.7,0,0,0.1609,2337.5,2,0
ORD_113594,CUST_3224,Electronics,626.69,7,1,0.1368,1860.3,1,1
ORD_112562,CUST_4928,Apparel,1451.52,0,0,0.1081,3481.1,1,0
ORD_112561,CUST_2415,Apparel,2468.68,0,0,0.259,3348.8,1,0
ORD_110877,CUST_3419,Beauty,774.56,0,1,0.4602,2948.9,1,0
ORD_104011,CUST_2080,Electronics,2258.32,1,1,0.2239,609.7,1,1
ORD_105795,CUST_3156,Apparel,2015.76,1,1,0.3156,1308.8,1,1
ORD_114178,CUST_2597,Apparel,1416.93,0,0,0.3336,509.1,3,1
ORD_110850,CUST_4258,Footwear,762.55,0,0,0.0715,1053.6,1,0
ORD_106944,CUST_2447,Footwear,390.13,0,0,0.2459,2750.5,1,0
ORD_108088,CUST_2360,Electronics,890.7,5,1,0.1875,1556.1,1,0
ORD_101286,CUST_2975,Electronics,2797.26,1,0,0.1099,1246.9,1,1
ORD_105112,CUST_2697,Apparel,1379.35,0,0,0.2809,1063.5,1,0
ORD_105697,CUST_2932,Electronics,742.15,0,0,0.0312,2436.4,2,0
ORD_101966,CUST_4608,Footwear,836.41,0,0,0.2129,408.9,6,0
ORD_107704,CUST_2609,Apparel,2953.99,0,0,0.308,3440.6,1,0
ORD_101600,CUST_3360,Apparel,647.3,4,1,0.3017,1578.4,1,1
ORD_109416,CUST_2870,Home & Kitchen,1514.7,0,0,0.2923,3344.0,1,0
ORD_108985,CUST_4389,Electronics,2111.41,1,1,0.13,411.6,1,1
ORD_102096,CUST_3632,Home & Kitchen,353.62,1,1,0.2857,3113.7,1,0
ORD_107031,CUST_3043,Apparel,489.75,0,1,0.2971,3110.3,1,0
ORD_109368,CUST_3518,Electronics,1785.67,0,0,0.1463,482.5,2,0
ORD_111127,CUST_3752,Home & Kitchen,1582.97,0,0,0.2641,460.0,1,0
ORD_111605,CUST_1930,Electronics,1355.71,0,1,0.1026,3022.3,2,0
ORD_114563,CUST_4298,Apparel,459.75,3,1,0.4849,2626.3,1,1
ORD_107181,CUST_4308,Home & Kitchen,884.41,1,0,0.1379,2628.3,6,0
ORD_110824,CUST_3561,Electronics,1742.56,0,0,0.1844,562.1,1,0
ORD_111586,CUST_3076,Beauty,373.33,0,1,0.0796,877.7,1,0
ORD_110074,CUST_3686,Electronics,3025.73,3,0,0.2224,1927.9,1,1
ORD_105891,CUST_1887,Home & Kitchen,448.71,7,0,0.4038,1025.2,1,0
ORD_100919,CUST_1814,Apparel,419.55,0,0,0.3267,2196.2,2,1
ORD_111563,CUST_3885,Apparel,899.09,0,0,0.1743,3330.7,1,0
ORD_103186,CUST_2679,Apparel,635.47,0,1,0.322,2926.4,1,0
ORD_105940,CUST_1680,Apparel,947.11,0,1,0.1231,834.7,1,0
ORD_106808,CUST_4609,Apparel,2138.92,2,1,0.1086,197.7,12,0
ORD_109142,CUST_4662,Apparel,763.02,5,0,0.1201,1348.5,3,1
ORD_101256,CUST_1536,Electronics,347.09,5,1,0.5969,2940.3,1,1
ORD_112395,CUST_4251,Electronics,1896.63,0,0,0.4194,403.6,1,1
ORD_110221,CUST_4829,Footwear,760.97,0,1,0.4735,3410.2,1,0
ORD_102329,CUST_4191,Electronics,635.92,0,1,0.166,1194.0,1,1
ORD_102114,CUST_4415,Apparel,1877.6,0,1,0.051,1262.0,12,0
ORD_108497,CUST_4256,Apparel,539.14,7,1,0.1449,1677.4,1,1
ORD_113688,CUST_3158,Footwear,956.1,0,1,0.2934,2366.7,1,0
ORD_101558,CUST_3935,Apparel,2032.95,0,1,0.2023,2627.8,1,0
ORD_112632,CUST_2890,Apparel,536.91,0,0,0.097,1775.2,1,0
ORD_108045,CUST_4981,Apparel,2083.99,0,0,0.1306,1534.0,1,0
ORD_107864,CUST_4406,Apparel,2817.91,1,1,0.0778,1756.7,3,0
ORD_114158,CUST_1997,Electronics,4261.86,0,1,0.2683,3492.2,2,1
ORD_113793,CUST_2423,Apparel,735.83,7,0,0.0598,2846.8,1,0
ORD_102900,CUST_3875,Apparel,1406.47,0,1,0.0957,2348.5,1,0
ORD_100170,CUST_1804,Apparel,938.98,1,1,0.0407,1153.0,3,0
ORD_105427,CUST_3567,Electronics,1462.04,2,1,0.3215,1364.6,3,0
ORD_106278,CUST_2942,Apparel,2948.79,1,0,0.1257,2671.3,1,0
ORD_108574,CUST_4479,Apparel,1644.03,1,0,0.1754,2355.4,1,1
ORD_112378,CUST_4622,Apparel,581.98,0,0,0.1436,409.7,1,0
ORD_113796,CUST_3990,Electronics,715.81,0,1,0.0079,402.3,1,0
ORD_113568,CUST_1544,Beauty,1260.27,0,0,0.316,150.4,1,0
ORD_106499,CUST_4385,Electronics,393.54,1,0,0.2509,2194.9,1,0
ORD_103115,CUST_2764,Apparel,1602.21,0,0,0.281,1999.6,1,0
ORD_103841,CUST_2596,Home & Kitchen,698.72,1,1,0.2544,1994.3,1,0
ORD_114398,CUST_1458,Footwear,440.28,0,1,0.0973,935.6,1,0
ORD_110045,CUST_3686,Home & Kitchen,1522.39,2,1,0.1781,1409.4,1,1
ORD_100335,CUST_2955,Apparel,2176.22,0,0,0.116,1913.3,1,1
ORD_106076,CUST_2516,Apparel,585.35,0,0,0.5463,1354.4,1,1
ORD_105830,CUST_2191,Apparel,413.06,3,1,0.1841,2283.8,1,0
ORD_102270,CUST_4998,Footwear,538.83,7,1,0.0359,2751.4,3,0
ORD_110474,CUST_3243,Footwear,579.85,1,1,0.056,554.1,1,0
ORD_113263,CUST_3152,Home & Kitchen,450.42,1,0,0.5917,2473.5,1,0
ORD_100855,CUST_2445,Home & Kitchen,3287.13,0,0,0.2133,2644.9,3,0
ORD_100539,CUST_3559,Apparel,1100.32,0,0,0.0976,1286.2,1,0
ORD_108741,CUST_2375,Apparel,407.51,5,0,0.2436,592.0,2,0
ORD_102269,CUST_2574,Apparel,3437.66,2,0,0.0576,533.7,1,0
ORD_106702,CUST_3584,Beauty,1610.76,1,1,0.0387,995.1,1,1
ORD_105245,CUST_3915,Beauty,930.66,0,1,0.1043,1868.2,1,0
ORD_110644,CUST_1687,Home & Kitchen,348.38,0,1,0.1287,287.5,1,0
ORD_108858,CUST_3068,Electronics,1289.54,3,1,0.1824,942.0,3,1
ORD_102501,CUST_3720,Electronics,1842.54,0,1,0.2704,1217.4,2,0
ORD_100901,CUST_3395,Apparel,1174.89,1,0,0.0988,2408.8,1,0
ORD_112808,CUST_3765,Apparel,437.74,2,0,0.1965,2098.9,1,0
ORD_110530,CUST_4098,Electronics,1772.76,1,1,0.3579,162.1,1,0
ORD_103202,CUST_1148,Footwear,1426.97,7,1,0.2179,2689.8,12,1
ORD_110935,CUST_1688,Footwear,605.05,1,1,0.1632,2312.6,1,0
ORD_104640,CUST_4259,Apparel,747.89,0,1,0.3704,1291.7,1,0
ORD_107628,CUST_3966,Electronics,831.11,1,0,0.3255,1867.2,6,0
ORD_103044,CUST_1858,Footwear,582.84,2,1,0.1034,2676.7,2,1
ORD_107861,CUST_3629,Electronics,585.26,0,1,0.5534,2426.2,1,1
ORD_108267,CUST_3699,Footwear,2126.64,0,0,0.0472,2481.1,3,0
ORD_105960,CUST_4863,Electronics,2414.71,1,1,0.0587,1650.8,1,0
ORD_106202,CUST_3068,Footwear,908.7,0,1,0.4806,1428.9,3,1
ORD_103405,CUST_4802,Electronics,2970.01,0,1,0.0224,1334.9,1,0
ORD_111394,CUST_4906,Apparel,793.46,0,1,0.2104,597.7,12,0
ORD_104191,CUST_2899,Electronics,2363.58,0,1,0.0777,2004.5,1,1
ORD_104119,CUST_3533,Footwear,437.96,3,0,0.0925,3275.9,2,1
ORD_109677,CUST_2141,Footwear,1372.3,0,0,0.1294,2780.9,1,0
ORD_108702,CUST_3457,Apparel,2396.5,1,1,0.2185,2285.2,12,1
ORD_114252,CUST_2624,Electronics,729.51,0,0,0.1339,427.3,1,0
ORD_102360,CUST_1515,Electronics,1717.58,0,0,0.4178,1070.7,1,0
ORD_105165,CUST_2124,Apparel,1767.37,1,0,0.128,2917.3,6,0
ORD_114219,CUST_3896,Apparel,2146.72,0,1,0.2695,2251.0,1,0
ORD_100481,CUST_1180,Home & Kitchen,532.9,3,1,0.0902,1935.9,1,0
ORD_112769,CUST_1572,Apparel,661.46,1,1,0.2978,3082.9,1,0
ORD_111840,CUST_4559,Apparel,2519.95,0,1,0.0728,2602.3,1,0
ORD_114003,CUST_4770,Home & Kitchen,484.0,0,0,0.2886,2472.4,1,0
ORD_106870,CUST_1924,Electronics,490.41,0,1,0.1793,2554.8,1,0
ORD_112759,CUST_1966,Home & Kitchen,1380.64,0,1,0.0609,647.7,1,1
ORD_110619,CUST_1709,Beauty,495.99,1,1,0.3282,3372.2,6,0
ORD_101109,CUST_2331,Electronics,1021.71,10,1,0.2786,3343.2,2,0
ORD_103863,CUST_2372,Apparel,1886.22,2,0,0.0721,717.1,1,0
ORD_108604,CUST_4096,Home & Kitchen,610.78,2,1,0.1834,2484.9,6,0
ORD_101499,CUST_2932,Home & Kitchen,2633.87,0,0,0.0698,3113.2,1,0
ORD_111946,CUST_2937,Apparel,1115.75,0,1,0.3593,846.3,2,0
ORD_111918,CUST_4782,Beauty,2848.66,0,0,0.3068,1783.7,2,0
ORD_105658,CUST_4319,Home & Kitchen,1146.18,1,1,0.1399,1955.3,1,0
ORD_107981,CUST_2384,Footwear,457.77,1,1,0.1663,2225.7,1,0
ORD_110398,CUST_2966,Electronics,956.49,3,0,0.0512,3018.2,1,0
ORD_113081,CUST_1425,Electronics,879.21,0,0,0.4209,2530.8,1,1
ORD_108839,CUST_1527,Beauty,443.1,10,0,0.1089,2655.5,1,0
ORD_113784,CUST_3481,Home & Kitchen,541.38,0,1,0.1209,589.9,1,0
ORD_101505,CUST_3995,Electronics,400.94,1,0,0.3386,3356.6,1,0
ORD_103420,CUST_3009,Electronics,909.31,1,0,0.0587,2059.2,2,0
ORD_101837,CUST_2700,Apparel,591.25,0,0,0.0686,2998.6,1,0
ORD_101693,CUST_2920,Apparel,872.53,0,1,0.0805,1193.7,3,0
ORD_114150,CUST_3879,Electronics,943.78,2,1,0.2415,2355.3,1,1
ORD_109330,CUST_2434,Beauty,3966.51,0,0,0.0375,863.9,1,0
ORD_103881,CUST_1640,Home & Kitchen,1692.43,1,1,0.0687,1354.3,2,0
ORD_102782,CUST_2274,Footwear,1920.82,2,1,0.2801,371.2,2,0
ORD_104190,CUST_2387,Electronics,1355.02,0,0,0.0969,1306.5,2,0
ORD_112290,CUST_3823,Electronics,2007.6,0,0,0.2868,2497.8,3,0
ORD_110287,CUST_4317,Home & Kitchen,2066.72,1,1,0.0643,525.8,1,1
ORD_107379,CUST_1529,Electronics,364.57,0,1,0.063,340.8,2,0
ORD_103034,CUST_1983,Beauty,508.0,0,0,0.3941,1256.4,1,0
ORD_102851,CUST_2092,Apparel,1490.89,0,1,0.1123,815.5,1,0
ORD_114040,CUST_1990,Footwear,1516.58,2,1,0.3341,1282.1,2,0
ORD_103575,CUST_1780,Beauty,1576.96,1,1,0.2562,1882.1,1,0
ORD_113884,CUST_2158,Footwear,875.61,2,1,0.2263,2411.7,1,0
ORD_110700,CUST_4832,Electronics,2384.1,3,0,0.1499,188.5,1,0
ORD_104766,CUST_2402,Apparel,1402.66,0,1,0.5228,912.3,1,1
ORD_111314,CUST_4045,Home & Kitchen,1779.62,0,1,0.2606,943.2,1,0
ORD_105250,CUST_1386,Electronics,3495.2,0,1,0.2007,3308.1,2,1
ORD_100692,CUST_3207,Apparel,325.49,0,1,0.1915,1105.2,6,0
ORD_103105,CUST_2603,Electronics,3841.92,1,0,0.1718,201.2,1,0
ORD_106092,CUST_3346,Electronics,3248.11,3,1,0.0844,943.4,1,0
ORD_105809,CUST_1368,Electronics,1054.6,0,0,0.2816,2128.1,1,0
ORD_112101,CUST_4751,Electronics,2822.02,1,0,0.3963,2659.0,1,0
ORD_109077,CUST_4106,Electronics,603.26,2,0,0.227,788.0,2,0
ORD_113099,CUST_4605,Footwear,374.09,1,0,0.1768,1822.5,1,0
ORD_105621,CUST_3675,Apparel,793.36,0,1,0.2819,3213.3,12,0
ORD_103252,CUST_1041,Home & Kitchen,598.66,0,1,0.242,2321.3,1,0
ORD_112723,CUST_3025,Apparel,2243.48,1,0,0.4424,1816.8,3,0
ORD_104182,CUST_2457,Beauty,2038.4,0,1,0.0308,3324.6,1,0
ORD_108875,CUST_2779,Beauty,1568.89,0,0,0.0386,1986.4,6,0
ORD_104463,CUST_1440,Beauty,453.17,0,1,0.2812,1106.0,1,0
ORD_106139,CUST_2392,Footwear,1524.37,1,1,0.2868,2379.9,1,1
ORD_101793,CUST_2387,Electronics,2801.9,1,0,0.2036,2226.0,1,0
ORD_110709,CUST_2390,Apparel,2246.31,0,0,0.0732,805.2,1,0
ORD_109894,CUST_3902,Electronics,2053.06,2,1,0.258,818.5,3,0
ORD_106129,CUST_1690,Apparel,2973.17,0,0,0.0903,3022.3,1,0
ORD_114411,CUST_2848,Footwear,547.63,0,1,0.2484,1097.7,1,0
ORD_114497,CUST_1777,Electronics,645.96,1,0,0.0695,2476.9,1,0
ORD_106638,CUST_4335,Apparel,853.26,0,0,0.0946,1679.1,1,0
ORD_114932,CUST_1316,Footwear,1175.9,1,0,0.2428,3304.3,1,0
ORD_114177,CUST_1186,Home & Kitchen,1167.79,0,0,0.222,1691.4,1,0
ORD_112451,CUST_2705,Electronics,417.52,1,1,0.0336,1342.4,1,0
ORD_100222,CUST_3729,Electronics,443.26,4,1,0.2684,1736.4,1,1
ORD_114058,CUST_1870,Apparel,385.28,0,1,0.4357,785.9,1,1
ORD_103548,CUST_1920,Electronics,2999.74,1,0,0.1516,460.6,1,0
ORD_106649,CUST_1956,Footwear,1319.88,0,0,0.1678,488.1,1,0
ORD_104039,CUST_2091,Electronics,1109.68,3,1,0.278,900.5,1,1
ORD_103200,CUST_4704,Apparel,1206.4,2,1,0.2395,3438.5,1,1
ORD_106174,CUST_3819,Beauty,804.3,1,1,0.1583,2363.6,1,0
ORD_114959,CUST_3142,Apparel,983.23,0,0,0.3109,491.5,2,0
ORD_102999,CUST_2062,Electronics,358.56,3,0,0.1646,2944.2,12,0
ORD_110997,CUST_4373,Footwear,2704.02,0,1,0.4127,2186.7,1,0
ORD_103256,CUST_2826,Footwear,1859.9,1,0,0.1842,721.1,1,0
ORD_108139,CUST_2964,Beauty,1848.51,5,0,0.2057,2417.9,1,1
ORD_112050,CUST_4704,Home & Kitchen,1753.79,1,0,0.067,3089.2,1,0
ORD_112142,CUST_4546,Footwear,602.71,0,0,0.0182,1939.3,12,0
ORD_100240,CUST_4302,Apparel,968.71,0,0,0.1956,3032.5,1,0
ORD_106955,CUST_4136,Electronics,1438.03,0,0,0.161,3105.5,1,0
ORD_101834,CUST_3981,Apparel,736.76,1,1,0.2205,684.5,1,0
ORD_114324,CUST_3059,Footwear,1457.36,1,1,0.0079,1435.8,1,1
ORD_107617,CUST_3220,Home & Kitchen,5277.59,3,1,0.3986,3066.7,1,1
ORD_114530,CUST_4138,Electronics,1673.86,0,0,0.0712,1571.0,6,0
ORD_109711,CUST_1619,Apparel,379.62,1,1,0.1259,959.5,2,1
ORD_110562,CUST_3205,Electronics,2230.29,5,1,0.2235,2127.2,1,0
ORD_114532,CUST_3514,Footwear,4102.98,0,1,0.4181,2139.9,1,0
ORD_103234,CUST_2725,Apparel,551.9,0,0,0.2523,2705.7,1,0
ORD_114220,CUST_3973,Apparel,1378.7,2,1,0.1023,2828.1,2,0
ORD_104038,CUST_3430,Apparel,481.07,0,0,0.1258,3323.1,1,0
ORD_104267,CUST_4725,Home & Kitchen,501.83,1,0,0.0354,1332.9,1,0
ORD_111789,CUST_2550,Footwear,2182.87,2,1,0.1069,3417.0,1,1
ORD_104522,CUST_4628,Apparel,926.11,5,0,0.0773,2698.8,1,0
ORD_104874,CUST_2972,Apparel,2063.59,4,1,0.3053,2425.7,3,0
ORD_102630,CUST_3579,Beauty,1033.77,5,1,0.0684,1948.5,1,0
ORD_103873,CUST_4653,Electronics,979.83,1,1,0.2601,1341.0,1,1
ORD_103368,CUST_2795,Apparel,1221.23,0,0,0.0875,2226.7,1,0
ORD_106602,CUST_3387,Home & Kitchen,671.65,0,0,0.3602,1116.8,1,0
ORD_110888,CUST_2125,Electronics,2276.69,1,1,0.6719,3168.6,2,0
ORD_114646,CUST_4168,Electronics,1838.05,7,0,0.2589,1346.0,3,0
ORD_114169,CUST_4832,Electronics,352.41,0,1,0.2344,2368.1,1,1
ORD_101252,CUST_3133,Footwear,407.77,5,1,0.1196,1401.0,1,0
ORD_101385,CUST_3376,Footwear,1880.04,1,0,0.3301,3294.5,1,1
ORD_107820,CUST_1617,Apparel,867.2,1,1,0.4233,1622.7,1,0
ORD_101658,CUST_2759,Electronics,623.24,1,1,0.0902,2759.1,3,0
ORD_109799,CUST_3140,Home & Kitchen,937.09,0,0,0.2119,2221.0,1,0
ORD_100731,CUST_4069,Footwear,1542.8,1,1,0.4302,2046.0,1,0
ORD_112927,CUST_4671,Electronics,736.37,0,0,0.0781,3378.7,1,0
ORD_106229,CUST_2772,Apparel,2447.18,0,0,0.0937,1392.3,1,0
ORD_101447,CUST_2046,Beauty,1507.01,0,1,0.1499,3420.3,3,0
ORD_108295,CUST_3476,Footwear,496.38,1,1,0.2251,556.0,2,0
ORD_105092,CUST_3256,Electronics,1470.43,1,1,0.1214,2053.8,1,0
ORD_106285,CUST_1484,Apparel,3267.8,0,0,0.2411,665.4,1,1
ORD_108837,CUST_1722,Footwear,324.75,1,0,0.3539,3346.3,1,0
ORD_100041,CUST_3558,Beauty,889.14,0,1,0.3946,1639.1,1,0
ORD_105548,CUST_3451,Footwear,1364.66,0,1,0.4518,1331.3,1,0
ORD_113291,CUST_4981,Footwear,3229.59,2,1,0.4652,2419.8,12,1
ORD_107513,CUST_4603,Apparel,554.54,1,1,0.1444,2424.7,1,1
ORD_113986,CUST_3437,Apparel,678.02,0,1,0.3005,586.0,1,0
ORD_113226,CUST_3804,Home & Kitchen,2682.05,0,1,0.3232,2597.9,1,0
ORD_107308,CUST_4431,Home & Kitchen,1487.7,7,1,0.1377,2711.4,1,1
ORD_111534,CUST_2686,Electronics,3071.18,1,0,0.4222,1802.8,1,0
ORD_105061,CUST_2053,Electronics,463.9,0,1,0.1058,1429.5,1,0
ORD_102958,CUST_3446,Footwear,2310.34,3,0,0.2402,3166.9,1,0
ORD_111027,CUST_3061,Footwear,1174.12,0,0,0.2689,2187.1,3,0
ORD_113983,CUST_1106,Apparel,1763.01,0,0,0.3541,792.2,1,0
ORD_103632,CUST_3250,Apparel,450.08,0,0,0.1998,1557.5,2,0
ORD_109687,CUST_1147,Beauty,626.69,0,0,0.2057,2515.4,1,0
ORD_107788,CUST_2827,Home & Kitchen,606.29,0,0,0.2585,2212.2,3,0
ORD_105498,CUST_4671,Home & Kitchen,2510.4,0,1,0.3181,3171.9,1,0
ORD_102683,CUST_1380,Home & Kitchen,1616.72,0,1,0.2491,1819.7,1,0
ORD_112694,CUST_3836,Home & Kitchen,1465.36,4,1,0.0441,2376.4,6,1
ORD_106454,CUST_1002,Footwear,4007.28,0,0,0.2317,1943.2,1,0
ORD_112843,CUST_3896,Home & Kitchen,984.59,0,1,0.2033,2770.3,1,0
ORD_110919,CUST_3824,Apparel,482.51,0,1,0.164,2397.2,1,0
ORD_109606,CUST_2552,Apparel,308.12,0,0,0.1006,462.0,3,0
ORD_108118,CUST_2378,Footwear,512.54,1,1,0.2107,497.9,1,0
ORD_102078,CUST_1388,Apparel,567.75,3,0,0.1631,1014.9,1,0
ORD_103760,CUST_3630,Home & Kitchen,1397.08,0,1,0.0821,1156.9,1,1
ORD_108737,CUST_4414,Footwear,1141.59,2,1,0.0561,2967.2,6,0
ORD_111269,CUST_4720,Electronics,709.38,1,0,0.0968,735.8,2,0
ORD_105213,CUST_3373,Footwear,1968.24,2,1,0.2889,1306.0,1,1
ORD_108548,CUST_3169,Apparel,823.17,0,1,0.2423,1987.4,1,0
ORD_113102,CUST_4632,Home & Kitchen,1726.24,0,1,0.2819,720.2,1,0
ORD_112888,CUST_3059,Electronics,833.18,4,1,0.0785,2122.3,1,0
ORD_105101,CUST_1888,Footwear,415.42,0,1,0.0825,2930.3,3,1
ORD_100118,CUST_4796,Beauty,1020.52,0,0,0.1701,2219.5,6,0
ORD_104881,CUST_3046,Electronics,1707.0,1,0,0.0559,337.2,1,0
ORD_106073,CUST_2064,Apparel,727.82,2,0,0.1338,852.8,1,0
ORD_102700,CUST_2252,Home & Kitchen,1721.16,0,1,0.19,2967.3,12,0
ORD_100895,CUST_1894,Apparel,1023.26,0,0,0.0156,344.7,1,0
ORD_106256,CUST_3677,Electronics,1823.66,1,1,0.2999,300.1,1,0
ORD_103211,CUST_3831,Apparel,949.81,0,1,0.3143,1070.1,1,1
ORD_106373,CUST_2776,Footwear,715.66,0,1,0.1211,2056.6,1,1
ORD_113844,CUST_2772,Apparel,4301.31,1,1,0.131,2812.7,1,0
ORD_112473,CUST_1667,Apparel,2472.65,0,1,0.2387,704.4,2,1
ORD_108375,CUST_3236,Home & Kitchen,701.57,0,1,0.1839,1008.4,1,1
ORD_107260,CUST_3747,Footwear,548.0,1,0,0.2784,3063.3,2,1
ORD_114847,CUST_4409,Apparel,1424.24,2,0,0.2311,2356.3,3,1
ORD_114162,CUST_4006,Footwear,3173.76,0,0,0.061,817.5,1,0
ORD_104824,CUST_2140,Apparel,2961.46,10,1,0.1713,2051.5,1,1
ORD_104007,CUST_4588,Footwear,1763.97,2,1,0.1552,2469.1,1,0
ORD_106931,CUST_3837,Electronics,1959.0,2,1,0.2689,2553.8,1,1
ORD_101917,CUST_2524,Footwear,1885.33,1,1,0.1833,235.6,1,0
ORD_102276,CUST_3012,Apparel,1109.23,0,1,0.1419,295.2,12,0
ORD_104987,CUST_3130,Apparel,1534.17,3,1,0.1572,2634.9,3,0
ORD_102758,CUST_1968,Apparel,593.36,0,1,0.1606,1969.1,1,0
ORD_105566,CUST_2105,Electronics,6280.44,0,0,0.049,1016.0,1,0
ORD_111058,CUST_2908,Footwear,808.58,2,1,0.3072,1573.2,1,0
ORD_104519,CUST_2356,Apparel,465.14,0,0,0.043,2588.0,6,0
ORD_101261,CUST_2603,Apparel,685.21,2,0,0.0596,2488.0,3,0
ORD_107148,CUST_2590,Footwear,1196.81,2,1,0.4825,2623.4,1,0
ORD_101090,CUST_4981,Footwear,2800.28,2,1,0.1054,813.2,1,0
ORD_111153,CUST_3208,Footwear,1280.0,0,0,0.2155,2849.7,1,0
ORD_100098,CUST_2500,Apparel,1129.58,0,0,0.0576,747.0,3,0
ORD_108781,CUST_4248,Electronics,904.79,0,1,0.2983,814.6,2,0
ORD_107219,CUST_2256,Apparel,694.56,4,1,0.1638,413.3,1,1
ORD_104061,CUST_3113,Apparel,1709.56,3,0,0.3335,1198.1,3,1
ORD_100264,CUST_4898,Beauty,729.61,3,0,0.1119,2806.7,3,0
ORD_107598,CUST_3418,Footwear,811.4,1,0,0.2776,3452.6,3,0
ORD_109682,CUST_4228,Electronics,3762.68,2,1,0.0545,2174.0,1,0
ORD_108189,CUST_4144,Beauty,755.13,0,1,0.1457,3125.3,1,0
ORD_108293,CUST_3024,Apparel,663.35,2,1,0.0781,2691.8,1,0
ORD_111801,CUST_2798,Home & Kitchen,1643.93,0,1,0.1004,1826.5,1,0
ORD_104906,CUST_1942,Apparel,754.48,2,1,0.2108,1613.9,3,0
ORD_114876,CUST_3191,Home & Kitchen,382.46,1,0,0.3055,553.1,3,0
ORD_107204,CUST_1732,Electronics,923.81,4,1,0.0376,1929.0,1,0
ORD_109479,CUST_4996,Electronics,594.28,0,0,0.1138,3082.7,1,0
ORD_105756,CUST_4875,Footwear,1321.08,4,0,0.2713,1572.2,2,0
ORD_107526,CUST_3950,Footwear,2747.72,2,0,0.162,2539.3,1,0
ORD_110282,CUST_4934,Apparel,2079.65,1,1,0.1769,2333.5,2,0
ORD_100303,CUST_2733,Apparel,2357.72,1,0,0.1394,2825.7,3,0
ORD_110409,CUST_1276,Apparel,919.06,0,1,0.3067,1865.2,1,0
ORD_104723,CUST_2841,Footwear,1196.37,1,1,0.2941,735.2,6,1
ORD_101669,CUST_3332,Home & Kitchen,536.12,0,0,0.2978,1274.1,12,0
ORD_102156,CUST_2914,Apparel,1747.4,1,1,0.3565,2723.4,2,1
ORD_103432,CUST_1496,Electronics,2401.66,0,1,0.1713,1419.6,1,0
ORD_103070,CUST_1661,Footwear,4640.13,0,1,0.4796,2907.1,1,1
ORD_107119,CUST_3746,Apparel,588.34,2,1,0.1654,3074.6,1,0
ORD_107943,CUST_2641,Home & Kitchen,495.88,1,1,0.4347,1996.7,1,0
ORD_101936,CUST_2458,Beauty,1524.22,2,0,0.0378,3151.0,2,0
ORD_111159,CUST_2918,Footwear,418.69,0,1,0.3203,1558.7,2,0
ORD_108327,CUST_3405,Apparel,393.27,0,0,0.2794,604.2,6,0
ORD_107012,CUST_3392,Home & Kitchen,3243.31,0,0,0.3227,2144.2,1,0
ORD_108301,CUST_1312,Apparel,1711.81,1,1,0.2398,978.4,1,1
ORD_103993,CUST_3090,Apparel,459.19,1,0,0.3021,3177.3,1,1
ORD_105229,CUST_1117,Home & Kitchen,743.72,1,0,0.2444,849.8,1,0
ORD_109033,CUST_3332,Apparel,3003.7,0,0,0.2564,343.0,1,0
ORD_109609,CUST_4504,Apparel,1804.77,0,1,0.2598,1551.1,1,0
ORD_113120,CUST_1298,Electronics,1943.11,0,0,0.0597,469.1,1,0
ORD_111692,CUST_3267,Apparel,670.57,0,0,0.2273,1229.2,1,0
ORD_109281,CUST_1228,Beauty,425.7,2,1,0.2799,1609.9,3,0
ORD_111833,CUST_3636,Apparel,1316.71,0,1,0.0741,3336.4,1,0
ORD_110565,CUST_4539,Apparel,421.76,0,1,0.2051,2253.5,1,0
ORD_103662,CUST_1514,Footwear,929.57,5,1,0.0201,1769.2,1,1
ORD_112410,CUST_2116,Footwear,3179.27,5,1,0.0944,437.5,1,0
ORD_111835,CUST_4734,Electronics,885.42,5,1,0.2663,1544.7,1,0
ORD_104033,CUST_3079,Apparel,3621.54,4,1,0.0848,651.5,2,1
ORD_106419,CUST_3104,Beauty,1154.24,2,1,0.2235,2225.2,1,1
ORD_106667,CUST_3506,Apparel,447.58,1,0,0.2397,1580.2,1,0
ORD_109273,CUST_2079,Apparel,456.91,0,1,0.1169,3035.9,1,0
ORD_102696,CUST_3040,Beauty,367.73,0,0,0.1975,230.6,1,0
ORD_108460,CUST_2725,Beauty,1245.17,0,1,0.152,2217.3,3,0
ORD_109317,CUST_2869,Apparel,1279.0,3,0,0.3101,3469.2,1,1
ORD_106536,CUST_3314,Footwear,946.13,0,1,0.0384,3247.1,3,0
ORD_111666,CUST_1075,Apparel,1933.18,2,1,0.211,1421.5,1,0
ORD_110496,CUST_1640,Home & Kitchen,2120.68,0,1,0.2551,574.0,1,0
ORD_107922,CUST_3176,Apparel,1089.72,2,1,0.4099,2042.0,1,1
ORD_103932,CUST_4604,Beauty,1853.54,0,0,0.4747,524.7,1,1
ORD_109818,CUST_3825,Footwear,690.62,3,1,0.169,1558.0,1,0
ORD_105686,CUST_2714,Apparel,306.12,2,1,0.2423,640.7,1,0
ORD_107584,CUST_1757,Electronics,1578.93,1,0,0.2567,691.1,12,0
ORD_107638,CUST_2764,Apparel,655.46,2,1,0.1799,3258.9,3,1
ORD_106349,CUST_1204,Apparel,1697.67,0,1,0.244,1694.6,1,0
ORD_101121,CUST_3180,Footwear,1477.25,1,1,0.2511,1032.5,1,0
ORD_106627,CUST_2722,Electronics,1264.52,1,1,0.0327,2863.1,1,0
ORD_108756,CUST_2489,Apparel,1121.25,5,1,0.5013,2555.4,1,1
ORD_113201,CUST_2304,Apparel,3435.09,0,1,0.1097,1200.0,1,1
ORD_101671,CUST_1428,Home & Kitchen,1330.14,2,1,0.0567,3152.2,3,0
ORD_114437,CUST_4151,Beauty,470.28,0,1,0.2923,1496.0,2,1
ORD_101818,CUST_3051,Footwear,601.42,0,1,0.0866,1428.6,1,0
ORD_105972,CUST_3067,Footwear,1368.99,0,0,0.1646,2626.1,1,0
ORD_112341,CUST_4080,Apparel,1634.84,0,1,0.2612,1525.3,1,1
ORD_105078,CUST_3920,Footwear,781.28,3,0,0.0189,3044.2,1,0
ORD_114244,CUST_4502,Footwear,656.85,2,1,0.0897,2235.1,1,1
ORD_113554,CUST_3625,Electronics,461.41,4,1,0.1601,1510.1,3,1
ORD_111479,CUST_4760,Apparel,1283.18,4,0,0.186,1659.7,12,0
ORD_113421,CUST_2729,Electronics,1872.23,0,1,0.3099,1812.5,1,1
ORD_100759,CUST_1977,Apparel,772.11,1,1,0.1699,820.6,1,0
ORD_100585,CUST_4421,Apparel,538.07,0,1,0.0948,1973.6,1,1
ORD_113524,CUST_1435,Home & Kitchen,1284.67,0,0,0.3507,1815.0,1,0
ORD_106746,CUST_2590,Footwear,1225.61,0,1,0.0533,3438.3,1,1
ORD_111187,CUST_1306,Apparel,1217.85,0,0,0.145,758.6,2,1
ORD_100502,CUST_2895,Apparel,1391.2,2,1,0.121,3302.5,1,0
ORD_111532,CUST_2301,Apparel,844.4,0,0,0.2087,3159.2,1,0
ORD_106177,CUST_1134,Home & Kitchen,1785.45,7,0,0.3381,1548.9,2,0
ORD_105898,CUST_1018,Apparel,681.87,2,0,0.2005,1911.5,6,0
ORD_109189,CUST_1339,Apparel,1088.26,2,1,0.0406,3112.1,3,0
ORD_108957,CUST_4254,Footwear,5837.6,1,0,0.285,1118.9,1,0
ORD_113895,CUST_3678,Apparel,3521.32,2,0,0.4317,1572.7,1,1
ORD_113482,CUST_2437,Apparel,5625.73,1,0,0.1489,2309.4,3,1
ORD_111653,CUST_4062,Home & Kitchen,408.75,4,0,0.0892,3335.2,1,0
ORD_104527,CUST_4403,Apparel,1437.13,0,0,0.3601,1766.6,2,0
ORD_112477,CUST_1098,Apparel,2598.19,0,0,0.4099,3144.6,2,1
ORD_110959,CUST_1947,Footwear,3120.31,2,1,0.0867,1325.3,1,0
ORD_101647,CUST_1688,Beauty,2943.61,3,0,0.0733,1593.3,1,0
ORD_110882,CUST_2226,Home & Kitchen,1482.57,1,1,0.1402,1743.2,1,0
ORD_104247,CUST_3048,Home & Kitchen,471.47,3,0,0.0761,601.0,1,0
ORD_109925,CUST_2405,Footwear,525.33,0,1,0.0884,3448.8,1,0
ORD_108628,CUST_4139,Apparel,757.6,0,1,0.3318,358.5,1,0
ORD_105190,CUST_4599,Electronics,1097.21,10,0,0.2484,1568.2,6,1
ORD_108280,CUST_4637,Footwear,1641.95,0,1,0.3166,3139.4,1,0
ORD_112764,CUST_4009,Apparel,1566.29,0,0,0.0569,3016.8,12,1
ORD_101654,CUST_2383,Footwear,2093.02,0,0,0.126,595.9,1,0
ORD_108845,CUST_4986,Footwear,467.98,4,1,0.4603,2248.9,1,0
ORD_106549,CUST_3763,Apparel,1957.95,4,1,0.06,2915.9,1,1
ORD_101204,CUST_2049,Apparel,881.47,2,0,0.5226,2751.6,1,0
ORD_101940,CUST_3571,Electronics,793.7,1,1,0.3077,3124.2,1,1
ORD_110462,CUST_3810,Apparel,1896.15,0,1,0.1516,3163.2,6,1
ORD_103337,CUST_4058,Beauty,611.91,0,1,0.0792,412.6,1,0
ORD_109755,CUST_4410,Apparel,520.62,3,0,0.0846,1433.1,1,0
ORD_114295,CUST_1229,Beauty,1381.62,0,1,0.0871,1001.7,1,0
ORD_105448,CUST_3607,Apparel,306.93,0,0,0.3364,1585.0,1,0
ORD_104335,CUST_2143,Home & Kitchen,1420.52,0,1,0.1266,753.1,2,1
ORD_100808,CUST_4096,Apparel,995.82,0,0,0.0676,1429.5,1,0
ORD_109417,CUST_4233,Beauty,1208.93,0,0,0.0548,227.2,1,0
ORD_104234,CUST_3319,Apparel,1311.01,0,0,0.0808,1790.1,12,0
ORD_111378,CUST_2129,Electronics,775.39,2,1,0.1274,266.5,1,0
ORD_113578,CUST_1655,Footwear,599.89,0,0,0.1571,2090.7,2,0
ORD_102811,CUST_2364,Apparel,1714.48,0,1,0.2205,2455.8,1,1
ORD_109029,CUST_4991,Beauty,1040.93,0,1,0.1002,1704.8,1,0
ORD_100092,CUST_2021,Footwear,1019.12,0,0,0.1813,1418.1,1,0
ORD_104756,CUST_1067,Apparel,372.01,0,0,0.3408,2935.4,1,0
ORD_104886,CUST_1162,Footwear,874.79,0,1,0.2888,2691.8,2,0
ORD_107568,CUST_4907,Home & Kitchen,3001.77,0,1,0.0493,620.6,1,0
ORD_110328,CUST_1452,Apparel,759.55,0,0,0.2044,3164.5,1,0
ORD_107863,CUST_3286,Apparel,1533.59,0,1,0.2989,2985.9,1,0
ORD_100834,CUST_3635,Electronics,1128.17,0,1,0.13,1052.2,1,0
ORD_101855,CUST_3040,Home & Kitchen,1596.46,0,1,0.1519,2260.6,1,0
ORD_103782,CUST_3962,Apparel,1077.07,2,0,0.1633,424.3,2,1
ORD_108000,CUST_4672,Beauty,964.49,1,1,0.039,3459.1,1,0
ORD_104283,CUST_3454,Home & Kitchen,1299.68,2,1,0.1564,1083.3,1,0
ORD_110004,CUST_4346,Electronics,572.45,0,1,0.095,2195.7,1,0
ORD_112685,CUST_3443,Beauty,2478.88,2,1,0.1973,2131.9,1,0
ORD_106203,CUST_1241,Footwear,1815.34,0,0,0.1414,2562.1,1,1
ORD_112816,CUST_4044,Electronics,1177.21,1,1,0.2423,499.8,1,0
ORD_108247,CUST_2243,Home & Kitchen,1583.54,1,0,0.1297,1168.2,1,1
ORD_103502,CUST_4576,Electronics,1502.01,0,1,0.0486,487.2,1,0
ORD_108997,CUST_3317,Footwear,4323.53,0,0,0.1677,1052.8,1,0
ORD_101587,CUST_4072,Apparel,1033.03,0,0,0.1482,469.1,1,0
ORD_104628,CUST_3324,Footwear,3097.54,2,1,0.0365,3430.7,1,0
ORD_105053,CUST_4249,Apparel,673.97,0,0,0.2612,1108.7,1,0
ORD_113227,CUST_2870,Beauty,314.31,4,1,0.1724,1018.2,3,0
ORD_110176,CUST_1803,Apparel,2259.74,2,1,0.2078,1868.1,1,1
ORD_113385,CUST_4397,Footwear,445.9,3,1,0.0716,3385.1,1,1
ORD_100648,CUST_4118,Apparel,2341.52,3,0,0.0912,2346.3,3,0
ORD_107300,CUST_2273,Electronics,633.81,1,1,0.3399,978.5,1,0
ORD_111896,CUST_1436,Home & Kitchen,1495.33,1,1,0.1936,2567.9,1,1
ORD_104814,CUST_2307,Apparel,621.27,1,1,0.0548,3022.5,1,1
ORD_112804,CUST_1339,Home & Kitchen,1380.67,3,1,0.0886,2112.7,1,0
ORD_103056,CUST_1914,Footwear,656.39,1,0,0.209,634.4,1,0
ORD_113552,CUST_3587,Footwear,4429.67,1,0,0.1552,1835.8,1,0
ORD_106022,CUST_1024,Beauty,670.65,1,0,0.2282,885.9,6,0
ORD_113448,CUST_1329,Apparel,413.65,0,1,0.1656,1382.0,1,0
ORD_112520,CUST_4602,Home & Kitchen,1357.77,1,0,0.2215,2903.9,1,0
ORD_104231,CUST_1288,Apparel,2889.51,0,1,0.3392,1425.0,1,0
ORD_107753,CUST_2387,Beauty,2142.63,0,1,0.0749,2980.1,2,0
ORD_100204,CUST_2923,Footwear,1166.87,0,1,0.0768,1945.7,1,0
ORD_106413,CUST_4854,Footwear,3630.21,0,1,0.1366,1220.8,1,1
ORD_106925,CUST_1165,Apparel,391.73,0,0,0.3755,1018.3,1,0
ORD_110364,CUST_4724,Footwear,1742.94,3,0,0.1953,506.6,2,0
ORD_101217,CUST_1525,Apparel,888.32,0,0,0.1623,1474.7,1,0
ORD_114929,CUST_1694,Beauty,470.06,1,1,0.2107,2103.0,1,0
ORD_105563,CUST_3003,Apparel,391.48,2,0,0.0505,1018.7,1,1
ORD_112089,CUST_4397,Apparel,1493.7,1,1,0.3677,1297.9,1,0
ORD_110712,CUST_1834,Apparel,1834.44,0,1,0.1782,1441.0,1,0
ORD_100718,CUST_4969,Electronics,915.23,1,1,0.2607,2608.5,1,0
ORD_101549,CUST_2639,Home & Kitchen,1681.87,1,1,0.4116,3016.4,1,0
ORD_107776,CUST_1574,Apparel,993.64,0,0,0.2065,1023.3,1,0
ORD_101539,CUST_1362,Beauty,521.12,0,1,0.2323,1040.4,1,0
ORD_100644,CUST_3744,Apparel,487.57,3,1,0.2394,1367.2,1,1
ORD_105320,CUST_2082,Footwear,341.12,0,1,0.2514,1966.8,1,0
ORD_107110,CUST_2754,Apparel,1871.66,1,1,0.0547,2803.4,1,1
ORD_109735,CUST_4276,Apparel,2661.28,0,1,0.0273,1087.6,1,1
ORD_105951,CUST_4066,Beauty,603.82,3,1,0.2864,1981.7,6,0
ORD_114689,CUST_3888,Apparel,1026.83,0,0,0.2338,1062.1,1,0
ORD_113442,CUST_3425,Footwear,764.72,0,0,0.2178,2342.0,1,0
ORD_109157,CUST_1752,Apparel,2204.13,1,0,0.1596,2558.9,2,0
ORD_107296,CUST_1536,Apparel,825.69,0,0,0.1096,2449.5,2,1
ORD_100788,CUST_1395,Footwear,1852.58,1,1,0.242,204.5,1,1
ORD_100036,CUST_1747,Apparel,366.58,1,0,0.1481,695.3,1,0
ORD_101213,CUST_1302,Home & Kitchen,975.2,2,1,0.0881,3292.1,1,0
ORD_102149,CUST_3736,Footwear,363.54,0,0,0.136,2870.7,1,0
ORD_112022,CUST_1934,Electronics,307.18,1,1,0.1117,3183.1,6,0
ORD_105493,CUST_4498,Footwear,483.31,3,0,0.2508,732.0,1,0
ORD_110781,CUST_2189,Footwear,477.36,0,1,0.1962,419.0,1,1
ORD_105807,CUST_4523,Beauty,931.5,2,1,0.0645,1527.9,3,1
ORD_107770,CUST_1590,Footwear,393.4,1,1,0.1949,3097.7,1,0
ORD_113694,CUST_2956,Apparel,5702.14,5,1,0.4183,719.6,1,1
ORD_103476,CUST_3279,Home & Kitchen,527.0,1,1,0.395,1427.2,12,0
ORD_100594,CUST_1635,Apparel,1293.45,0,0,0.4268,2402.9,1,1
ORD_101974,CUST_4948,Apparel,527.03,1,0,0.1574,1905.3,1,0
ORD_104275,CUST_1844,Electronics,581.68,1,1,0.2,3242.3,1,0
ORD_108490,CUST_2473,Footwear,1149.54,0,1,0.2175,772.2,1,0
ORD_100447,CUST_1225,Apparel,816.53,0,0,0.0273,1322.4,2,0
ORD_111728,CUST_1772,Apparel,921.89,0,0,0.0457,1292.5,3,0
ORD_110374,CUST_4337,Home & Kitchen,754.33,0,1,0.1811,1081.9,1,0
ORD_106382,CUST_3588,Home & Kitchen,1031.04,1,1,0.187,2090.0,1,0
ORD_101211,CUST_2715,Apparel,864.9,0,0,0.0247,2124.2,1,0
ORD_104578,CUST_4868,Apparel,537.81,1,0,0.0812,1104.5,1,1
ORD_109125,CUST_2047,Home & Kitchen,843.98,0,0,0.0551,920.1,6,0
ORD_101758,CUST_1146,Electronics,1053.99,5,0,0.2854,1832.4,1,0
ORD_110862,CUST_4218,Home & Kitchen,1489.41,0,1,0.4121,438.3,3,0
ORD_114599,CUST_2733,Beauty,330.42,10,1,0.0264,1696.7,2,0
ORD_104118,CUST_1039,Apparel,1036.67,1,0,0.0487,2884.2,1,0
ORD_107167,CUST_3696,Home & Kitchen,781.44,10,0,0.1043,2717.0,1,0
ORD_103995,CUST_3470,Beauty,2032.15,1,0,0.284,2673.7,1,0
ORD_101716,CUST_2858,Footwear,679.1,1,0,0.1239,338.2,3,0
ORD_114677,CUST_4319,Apparel,1390.25,7,1,0.3837,1296.0,1,1
ORD_108944,CUST_2510,Footwear,1249.85,3,1,0.2709,2539.1,1,1
ORD_114852,CUST_3670,Apparel,442.93,1,0,0.2175,929.8,1,0
ORD_105782,CUST_2164,Beauty,948.41,0,1,0.1817,2478.9,1,1
ORD_108115,CUST_1864,Home & Kitchen,397.23,1,1,0.064,572.9,6,0
ORD_104443,CUST_3998,Footwear,506.66,1,1,0.0593,301.0,1,0
ORD_106424,CUST_3607,Apparel,2692.85,5,1,0.2696,685.8,3,1
ORD_113819,CUST_4518,Beauty,791.8,1,1,0.2106,2449.5,1,0
ORD_100355,CUST_2969,Apparel,932.8,0,0,0.0593,2052.5,12,0
ORD_109938,CUST_3330,Footwear,1623.27,3,1,0.1096,237.9,3,0
ORD_106217,CUST_3330,Electronics,1254.41,0,1,0.0395,2733.4,6,0
ORD_112928,CUST_4736,Apparel,526.06,0,0,0.1244,1699.1,6,0
ORD_111257,CUST_2890,Home & Kitchen,723.07,2,1,0.1521,1093.9,1,0
ORD_113526,CUST_3555,Apparel,609.33,1,1,0.3539,2293.8,6,0
ORD_101534,CUST_1711,Apparel,1848.43,1,0,0.2406,2687.0,1,0
ORD_104354,CUST_3381,Home & Kitchen,891.08,0,0,0.0876,1639.5,3,1
ORD_108236,CUST_4594,Home & Kitchen,1261.42,0,0,0.1634,373.8,1,0
ORD_107371,CUST_3672,Footwear,3256.34,10,0,0.0755,968.5,1,0
ORD_109628,CUST_3294,Apparel,1701.75,3,0,0.266,1402.4,2,0
ORD_111351,CUST_1514,Apparel,2797.98,0,0,0.1174,2589.7,1,0
ORD_109846,CUST_3897,Apparel,638.31,4,1,0.0758,828.8,2,0
ORD_111236,CUST_2122,Electronics,508.94,1,0,0.0723,2333.5,1,1
